shipment_id,order_id,origin_warehouse_id,destination_city,destination_country,carrier,mode,status,shipped_at,estimated_delivery_at,actual_delivery_at,raw_payload
SHP-000001,ORD-000001,WH-AP-002,Japan,Japan,UPS Supply Chain,Air Freight,IN_TRANSIT,2026-09-01T21:27:20.247341,2026-09-06T21:27:20.247341,,"{""shipment_id"": ""SHP-000001"", ""carrier"": ""UPS Supply Chain"", ""status"": ""IN_TRANSIT""}"
SHP-000002,ORD-000002,WH-SA-001,Taiwan,Taiwan,DHL Supply Chain,Rail Express,DELIVERED,2026-07-30T02:27:20.247341,2026-08-07T02:27:20.247341,2026-08-07T02:27:20.247341,"{""shipment_id"": ""SHP-000002"", ""carrier"": ""DHL Supply Chain"", ""status"": ""DELIVERED""}"
SHP-000003,ORD-000003,WH-AP-003,Japan,Japan,Kuehne + Nagel,Sea Freight,IN_TRANSIT,2026-07-22T07:27:20.247341,2026-07-29T07:27:20.247341,,"{""shipment_id"": ""SHP-000003"", ""carrier"": ""Kuehne + Nagel"", ""status"": ""IN_TRANSIT""}"
SHP-000004,ORD-000004,WH-AP-001,Australia,Australia,DB Schenker,Sea Freight,DELIVERED,2026-07-21T15:27:20.247341,2026-07-30T15:27:20.247341,2026-07-31T15:27:20.247341,"{""shipment_id"": ""SHP-000004"", ""carrier"": ""DB Schenker"", ""status"": ""DELIVERED""}"
SHP-000005,ORD-000005,WH-AP-001,USA,USA,DB Schenker,Air Freight,DELIVERED,2026-07-23T16:27:20.247341,2026-07-31T16:27:20.247341,2026-08-01T16:27:20.247341,"{""shipment_id"": ""SHP-000005"", ""carrier"": ""DB Schenker"", ""status"": ""DELIVERED""}"
SHP-000006,ORD-000006,WH-AP-003,Japan,Japan,Maersk Ocean,Rail Express,DELIVERED,2026-07-31T03:27:20.247341,2026-08-03T03:27:20.247341,2026-08-03T15:27:20.247341,"{""shipment_id"": ""SHP-000006"", ""carrier"": ""Maersk Ocean"", ""status"": ""DELIVERED""}"
SHP-000007,ORD-000007,WH-AP-002,USA,USA,FedEx Express Air,Sea Freight,DELAYED,2026-08-08T18:27:20.247341,2026-08-17T18:27:20.247341,,"{""shipment_id"": ""SHP-000007"", ""carrier"": ""FedEx Express Air"", ""status"": ""DELAYED""}"
SHP-000008,ORD-000008,WH-AP-003,Australia,Australia,DHL Supply Chain,Rail Express,DELIVERED,2026-07-26T10:27:20.247341,2026-07-30T10:27:20.247341,2026-07-30T22:27:20.247341,"{""shipment_id"": ""SHP-000008"", ""carrier"": ""DHL Supply Chain"", ""status"": ""DELIVERED""}"
SHP-000009,ORD-000009,WH-AP-001,Taiwan,Taiwan,DB Schenker,Rail Express,DELIVERED,2026-08-10T07:27:20.247341,2026-08-17T07:27:20.247341,2026-08-17T19:27:20.247341,"{""shipment_id"": ""SHP-000009"", ""carrier"": ""DB Schenker"", ""status"": ""DELIVERED""}"
SHP-000010,ORD-000010,WH-SA-001,UK,UK,DHL Supply Chain,Sea Freight,DELIVERED,2026-08-21T07:27:20.247341,2026-08-28T07:27:20.247341,2026-08-29T07:27:20.247341,"{""shipment_id"": ""SHP-000010"", ""carrier"": ""DHL Supply Chain"", ""status"": ""DELIVERED""}"
SHP-000011,ORD-000011,WH-AP-003,Germany,Germany,DB Schenker,Air Freight,DELAYED,2026-08-31T07:27:20.247341,2026-09-07T07:27:20.247341,,"{""shipment_id"": ""SHP-000011"", ""carrier"": ""DB Schenker"", ""status"": ""DELAYED""}"
SHP-000012,ORD-000012,WH-US-002,USA,USA,Kuehne + Nagel,Rail Express,DELAYED,2026-08-14T14:27:20.247341,2026-08-19T14:27:20.247341,,"{""shipment_id"": ""SHP-000012"", ""carrier"": ""Kuehne + Nagel"", ""status"": ""DELAYED""}"
SHP-000013,ORD-000013,WH-AP-002,USA,USA,DHL Supply Chain,Sea Freight,DELAYED,2026-08-10T07:27:20.247341,2026-08-13T07:27:20.247341,,"{""shipment_id"": ""SHP-000013"", ""carrier"": ""DHL Supply Chain"", ""status"": ""DELAYED""}"
SHP-000014,ORD-000014,WH-US-001,USA,USA,Cosco Shipping,Air Freight,DELIVERED,2026-08-03T09:27:20.247341,2026-08-13T09:27:20.247341,2026-08-13T09:27:20.247341,"{""shipment_id"": ""SHP-000014"", ""carrier"": ""Cosco Shipping"", ""status"": ""DELIVERED""}"
SHP-000015,ORD-000015,WH-AP-003,Japan,Japan,UPS Supply Chain,Rail Express,DELIVERED,2026-08-13T07:27:20.247341,2026-08-21T07:27:20.247341,2026-08-23T07:27:20.247341,"{""shipment_id"": ""SHP-000015"", ""carrier"": ""UPS Supply Chain"", ""status"": ""DELIVERED""}"
SHP-000016,ORD-000016,WH-ME-001,UK,UK,FedEx Express Air,Road Truckload,DELIVERED,2026-08-20T12:27:20.247341,2026-08-23T12:27:20.247341,2026-08-23T12:27:20.247341,"{""shipment_id"": ""SHP-000016"", ""carrier"": ""FedEx Express Air"", ""status"": ""DELIVERED""}"
SHP-000017,ORD-000017,WH-AP-003,UK,UK,DHL Supply Chain,Rail Express,IN_TRANSIT,2026-07-20T20:27:20.247341,2026-07-29T20:27:20.247341,,"{""shipment_id"": ""SHP-000017"", ""carrier"": ""DHL Supply Chain"", ""status"": ""IN_TRANSIT""}"
SHP-000018,ORD-000018,WH-AP-002,Germany,Germany,Kuehne + Nagel,Rail Express,IN_TRANSIT,2026-09-01T22:27:20.247341,2026-09-04T22:27:20.247341,,"{""shipment_id"": ""SHP-000018"", ""carrier"": ""Kuehne + Nagel"", ""status"": ""IN_TRANSIT""}"
SHP-000019,ORD-000019,WH-US-001,USA,USA,Cosco Shipping,Road Truckload,DELIVERED,2026-08-19T11:27:20.247341,2026-08-28T11:27:20.247341,2026-08-30T11:27:20.247341,"{""shipment_id"": ""SHP-000019"", ""carrier"": ""Cosco Shipping"", ""status"": ""DELIVERED""}"
SHP-000020,ORD-000020,WH-AU-001,Australia,Australia,Cosco Shipping,Road Truckload,IN_TRANSIT,2026-08-23T04:27:20.247341,2026-09-01T04:27:20.247341,,"{""shipment_id"": ""SHP-000020"", ""carrier"": ""Cosco Shipping"", ""status"": ""IN_TRANSIT""}"
SHP-000021,ORD-000021,WH-US-002,UK,UK,DHL Supply Chain,Road Truckload,DELIVERED,2026-08-22T03:27:20.247341,2026-08-25T03:27:20.247341,2026-08-27T03:27:20.247341,"{""shipment_id"": ""SHP-000021"", ""carrier"": ""DHL Supply Chain"", ""status"": ""DELIVERED""}"
SHP-000022,ORD-000022,WH-AP-001,USA,USA,Cosco Shipping,Rail Express,IN_TRANSIT,2026-08-19T06:27:20.247341,2026-08-24T06:27:20.247341,,"{""shipment_id"": ""SHP-000022"", ""carrier"": ""Cosco Shipping"", ""status"": ""IN_TRANSIT""}"
SHP-000023,ORD-000023,WH-EU-002,Taiwan,Taiwan,DB Schenker,Road Truckload,IN_TRANSIT,2026-08-11T20:27:20.247341,2026-08-19T20:27:20.247341,,"{""shipment_id"": ""SHP-000023"", ""carrier"": ""DB Schenker"", ""status"": ""IN_TRANSIT""}"
SHP-000024,ORD-000024,WH-AP-001,USA,USA,Maersk Ocean,Road Truckload,DELIVERED,2026-07-20T22:27:20.247341,2026-07-26T22:27:20.247341,2026-07-26T22:27:20.247341,"{""shipment_id"": ""SHP-000024"", ""carrier"": ""Maersk Ocean"", ""status"": ""DELIVERED""}"
SHP-000025,ORD-000025,WH-AP-001,Japan,Japan,UPS Supply Chain,Air Freight,DELIVERED,2026-08-27T13:27:20.247341,2026-09-05T13:27:20.247341,2026-09-07T13:27:20.247341,"{""shipment_id"": ""SHP-000025"", ""carrier"": ""UPS Supply Chain"", ""status"": ""DELIVERED""}"
SHP-000026,ORD-000026,WH-ME-001,Taiwan,Taiwan,Cosco Shipping,Road Truckload,DELIVERED,2026-08-28T22:27:20.247341,2026-09-03T22:27:20.247341,2026-09-03T22:27:20.247341,"{""shipment_id"": ""SHP-000026"", ""carrier"": ""Cosco Shipping"", ""status"": ""DELIVERED""}"
SHP-000027,ORD-000027,WH-AP-002,Germany,Germany,FedEx Express Air,Air Freight,DELIVERED,2026-08-18T22:27:20.247341,2026-08-28T22:27:20.247341,2026-08-28T22:27:20.247341,"{""shipment_id"": ""SHP-000027"", ""carrier"": ""FedEx Express Air"", ""status"": ""DELIVERED""}"
SHP-000028,ORD-000028,WH-US-001,Australia,Australia,DB Schenker,Road Truckload,IN_TRANSIT,2026-08-15T09:27:20.247341,2026-08-25T09:27:20.247341,,"{""shipment_id"": ""SHP-000028"", ""carrier"": ""DB Schenker"", ""status"": ""IN_TRANSIT""}"
SHP-000029,ORD-000029,WH-US-001,Switzerland,Switzerland,DB Schenker,Sea Freight,DELIVERED,2026-08-02T10:27:20.247341,2026-08-05T10:27:20.247341,2026-08-05T22:27:20.247341,"{""shipment_id"": ""SHP-000029"", ""carrier"": ""DB Schenker"", ""status"": ""DELIVERED""}"
SHP-000030,ORD-000030,WH-SA-001,Australia,Australia,DHL Supply Chain,Road Truckload,DELIVERED,2026-09-01T19:27:20.247341,2026-09-04T19:27:20.247341,2026-09-05T07:27:20.247341,"{""shipment_id"": ""SHP-000030"", ""carrier"": ""DHL Supply Chain"", ""status"": ""DELIVERED""}"
SHP-000031,ORD-000031,WH-AU-001,USA,USA,Cosco Shipping,Sea Freight,DELIVERED,2026-08-15T20:27:20.247341,2026-08-24T20:27:20.247341,2026-08-25T20:27:20.247341,"{""shipment_id"": ""SHP-000031"", ""carrier"": ""Cosco Shipping"", ""status"": ""DELIVERED""}"
SHP-000032,ORD-000032,WH-AP-002,USA,USA,DB Schenker,Road Truckload,DELIVERED,2026-07-25T11:27:20.247341,2026-08-01T11:27:20.247341,2026-08-01T11:27:20.247341,"{""shipment_id"": ""SHP-000032"", ""carrier"": ""DB Schenker"", ""status"": ""DELIVERED""}"
SHP-000033,ORD-000033,WH-EU-002,Taiwan,Taiwan,DB Schenker,Road Truckload,DELIVERED,2026-08-25T07:27:20.247341,2026-09-03T07:27:20.247341,2026-09-03T07:27:20.247341,"{""shipment_id"": ""SHP-000033"", ""carrier"": ""DB Schenker"", ""status"": ""DELIVERED""}"
SHP-000034,ORD-000034,WH-US-002,Japan,Japan,Kuehne + Nagel,Air Freight,DELIVERED,2026-09-03T22:27:20.247341,2026-09-13T22:27:20.247341,2026-09-13T22:27:20.247341,"{""shipment_id"": ""SHP-000034"", ""carrier"": ""Kuehne + Nagel"", ""status"": ""DELIVERED""}"
SHP-000035,ORD-000035,WH-EU-002,Australia,Australia,DHL Supply Chain,Air Freight,DELIVERED,2026-08-19T10:27:20.247341,2026-08-23T10:27:20.247341,2026-08-23T10:27:20.247341,"{""shipment_id"": ""SHP-000035"", ""carrier"": ""DHL Supply Chain"", ""status"": ""DELIVERED""}"
SHP-000036,ORD-000036,WH-US-001,Australia,Australia,UPS Supply Chain,Air Freight,DELIVERED,2026-08-30T19:27:20.247341,2026-09-06T19:27:20.247341,2026-09-06T19:27:20.247341,"{""shipment_id"": ""SHP-000036"", ""carrier"": ""UPS Supply Chain"", ""status"": ""DELIVERED""}"
SHP-000037,ORD-000037,WH-AP-001,USA,USA,FedEx Express Air,Air Freight,DELAYED,2026-08-16T05:27:20.247341,2026-08-20T05:27:20.247341,,"{""shipment_id"": ""SHP-000037"", ""carrier"": ""FedEx Express Air"", ""status"": ""DELAYED""}"
SHP-000038,ORD-000038,WH-AP-003,Japan,Japan,Maersk Ocean,Rail Express,DELIVERED,2026-08-10T09:27:20.247341,2026-08-19T09:27:20.247341,2026-08-21T09:27:20.247341,"{""shipment_id"": ""SHP-000038"", ""carrier"": ""Maersk Ocean"", ""status"": ""DELIVERED""}"
SHP-000039,ORD-000039,WH-AP-001,Japan,Japan,DHL Supply Chain,Road Truckload,DELAYED,2026-08-29T03:27:20.247341,2026-09-03T03:27:20.247341,,"{""shipment_id"": ""SHP-000039"", ""carrier"": ""DHL Supply Chain"", ""status"": ""DELAYED""}"
SHP-000040,ORD-000040,WH-AP-001,UK,UK,FedEx Express Air,Sea Freight,DELAYED,2026-07-23T13:27:20.247341,2026-07-27T13:27:20.247341,,"{""shipment_id"": ""SHP-000040"", ""carrier"": ""FedEx Express Air"", ""status"": ""DELAYED""}"
SHP-000041,ORD-000041,WH-ME-001,USA,USA,Kuehne + Nagel,Sea Freight,IN_TRANSIT,2026-08-07T05:27:20.247341,2026-08-11T05:27:20.247341,,"{""shipment_id"": ""SHP-000041"", ""carrier"": ""Kuehne + Nagel"", ""status"": ""IN_TRANSIT""}"
SHP-000042,ORD-000042,WH-EU-001,USA,USA,UPS Supply Chain,Air Freight,DELIVERED,2026-08-01T11:27:20.247341,2026-08-06T11:27:20.247341,2026-08-06T11:27:20.247341,"{""shipment_id"": ""SHP-000042"", ""carrier"": ""UPS Supply Chain"", ""status"": ""DELIVERED""}"
SHP-000043,ORD-000043,WH-ME-001,Germany,Germany,DB Schenker,Sea Freight,IN_TRANSIT,2026-08-09T17:27:20.247341,2026-08-16T17:27:20.247341,,"{""shipment_id"": ""SHP-000043"", ""carrier"": ""DB Schenker"", ""status"": ""IN_TRANSIT""}"
SHP-000044,ORD-000044,WH-AP-002,Japan,Japan,Cosco Shipping,Sea Freight,DELIVERED,2026-08-28T18:27:20.247341,2026-09-03T18:27:20.247341,2026-09-03T18:27:20.247341,"{""shipment_id"": ""SHP-000044"", ""carrier"": ""Cosco Shipping"", ""status"": ""DELIVERED""}"
SHP-000045,ORD-000045,WH-US-001,Germany,Germany,Kuehne + Nagel,Road Truckload,DELIVERED,2026-08-13T13:27:20.247341,2026-08-17T13:27:20.247341,2026-08-17T13:27:20.247341,"{""shipment_id"": ""SHP-000045"", ""carrier"": ""Kuehne + Nagel"", ""status"": ""DELIVERED""}"
SHP-000046,ORD-000046,WH-AP-003,UK,UK,Cosco Shipping,Sea Freight,DELIVERED,2026-08-12T17:27:20.247341,2026-08-22T17:27:20.247341,2026-08-23T05:27:20.247341,"{""shipment_id"": ""SHP-000046"", ""carrier"": ""Cosco Shipping"", ""status"": ""DELIVERED""}"
SHP-000047,ORD-000047,WH-AU-001,Australia,Australia,Maersk Ocean,Road Truckload,DELIVERED,2026-07-29T20:27:20.247341,2026-08-02T20:27:20.247341,2026-08-03T20:27:20.247341,"{""shipment_id"": ""SHP-000047"", ""carrier"": ""Maersk Ocean"", ""status"": ""DELIVERED""}"
SHP-000048,ORD-000048,WH-US-001,Australia,Australia,Cosco Shipping,Sea Freight,DELIVERED,2026-08-17T16:27:20.247341,2026-08-20T16:27:20.247341,2026-08-20T16:27:20.247341,"{""shipment_id"": ""SHP-000048"", ""carrier"": ""Cosco Shipping"", ""status"": ""DELIVERED""}"
SHP-000049,ORD-000049,WH-EU-002,Japan,Japan,DHL Supply Chain,Rail Express,DELIVERED,2026-08-08T15:27:20.247341,2026-08-18T15:27:20.247341,2026-08-18T15:27:20.247341,"{""shipment_id"": ""SHP-000049"", ""carrier"": ""DHL Supply Chain"", ""status"": ""DELIVERED""}"
SHP-000050,ORD-000050,WH-AP-002,Germany,Germany,DHL Supply Chain,Air Freight,DELIVERED,2026-09-01T18:27:20.247341,2026-09-06T18:27:20.247341,2026-09-07T06:27:20.247341,"{""shipment_id"": ""SHP-000050"", ""carrier"": ""DHL Supply Chain"", ""status"": ""DELIVERED""}"
SHP-000051,ORD-000051,WH-EU-001,Switzerland,Switzerland,DHL Supply Chain,Rail Express,DELIVERED,2026-08-04T19:27:20.247341,2026-08-07T19:27:20.247341,2026-08-09T19:27:20.247341,"{""shipment_id"": ""SHP-000051"", ""carrier"": ""DHL Supply Chain"", ""status"": ""DELIVERED""}"
SHP-000052,ORD-000052,WH-US-002,UK,UK,Maersk Ocean,Rail Express,DELAYED,2026-08-10T18:27:20.247341,2026-08-19T18:27:20.247341,,"{""shipment_id"": ""SHP-000052"", ""carrier"": ""Maersk Ocean"", ""status"": ""DELAYED""}"
SHP-000053,ORD-000053,WH-EU-001,USA,USA,DHL Supply Chain,Air Freight,DELIVERED,2026-08-19T18:27:20.247341,2026-08-26T18:27:20.247341,2026-08-26T18:27:20.247341,"{""shipment_id"": ""SHP-000053"", ""carrier"": ""DHL Supply Chain"", ""status"": ""DELIVERED""}"
SHP-000054,ORD-000054,WH-EU-002,Switzerland,Switzerland,Cosco Shipping,Rail Express,DELIVERED,2026-08-16T22:27:20.247341,2026-08-22T22:27:20.247341,2026-08-24T22:27:20.247341,"{""shipment_id"": ""SHP-000054"", ""carrier"": ""Cosco Shipping"", ""status"": ""DELIVERED""}"
SHP-000055,ORD-000055,WH-US-001,Switzerland,Switzerland,Maersk Ocean,Road Truckload,DELIVERED,2026-07-28T20:27:20.247341,2026-08-06T20:27:20.247341,2026-08-06T20:27:20.247341,"{""shipment_id"": ""SHP-000055"", ""carrier"": ""Maersk Ocean"", ""status"": ""DELIVERED""}"
SHP-000056,ORD-000056,WH-EU-001,Taiwan,Taiwan,UPS Supply Chain,Rail Express,CUSTOMS_HOLD,2026-07-26T11:27:20.247341,2026-08-03T11:27:20.247341,,"{""shipment_id"": ""SHP-000056"", ""carrier"": ""UPS Supply Chain"", ""status"": ""CUSTOMS_HOLD""}"
SHP-000057,ORD-000057,WH-EU-001,Australia,Australia,UPS Supply Chain,Road Truckload,DELAYED,2026-08-20T13:27:20.247341,2026-08-30T13:27:20.247341,,"{""shipment_id"": ""SHP-000057"", ""carrier"": ""UPS Supply Chain"", ""status"": ""DELAYED""}"
SHP-000058,ORD-000058,WH-AP-001,Australia,Australia,FedEx Express Air,Sea Freight,DELIVERED,2026-07-25T01:27:20.247341,2026-07-30T01:27:20.247341,2026-07-30T13:27:20.247341,"{""shipment_id"": ""SHP-000058"", ""carrier"": ""FedEx Express Air"", ""status"": ""DELIVERED""}"
SHP-000059,ORD-000059,WH-AP-002,Australia,Australia,UPS Supply Chain,Air Freight,DELIVERED,2026-08-27T15:27:20.247341,2026-09-03T15:27:20.247341,2026-09-04T03:27:20.247341,"{""shipment_id"": ""SHP-000059"", ""carrier"": ""UPS Supply Chain"", ""status"": ""DELIVERED""}"
SHP-000060,ORD-000060,WH-SA-001,Taiwan,Taiwan,DHL Supply Chain,Rail Express,DELIVERED,2026-08-14T14:27:20.247341,2026-08-20T14:27:20.247341,2026-08-21T14:27:20.247341,"{""shipment_id"": ""SHP-000060"", ""carrier"": ""DHL Supply Chain"", ""status"": ""DELIVERED""}"
SHP-000061,ORD-000061,WH-ME-001,Australia,Australia,Maersk Ocean,Sea Freight,CUSTOMS_HOLD,2026-08-14T18:27:20.247341,2026-08-21T18:27:20.247341,,"{""shipment_id"": ""SHP-000061"", ""carrier"": ""Maersk Ocean"", ""status"": ""CUSTOMS_HOLD""}"
SHP-000062,ORD-000062,WH-AU-001,Japan,Japan,Kuehne + Nagel,Rail Express,DELIVERED,2026-08-20T11:27:20.247341,2026-08-23T11:27:20.247341,2026-08-23T11:27:20.247341,"{""shipment_id"": ""SHP-000062"", ""carrier"": ""Kuehne + Nagel"", ""status"": ""DELIVERED""}"
SHP-000063,ORD-000063,WH-SA-001,Japan,Japan,Kuehne + Nagel,Air Freight,DELAYED,2026-08-05T00:27:20.247341,2026-08-13T00:27:20.247341,,"{""shipment_id"": ""SHP-000063"", ""carrier"": ""Kuehne + Nagel"", ""status"": ""DELAYED""}"
SHP-000064,ORD-000064,WH-ME-001,Japan,Japan,Cosco Shipping,Road Truckload,DELIVERED,2026-08-14T03:27:20.247341,2026-08-18T03:27:20.247341,2026-08-19T03:27:20.247341,"{""shipment_id"": ""SHP-000064"", ""carrier"": ""Cosco Shipping"", ""status"": ""DELIVERED""}"
SHP-000065,ORD-000065,WH-AU-001,Taiwan,Taiwan,UPS Supply Chain,Air Freight,DELIVERED,2026-07-30T23:27:20.247341,2026-08-06T23:27:20.247341,2026-08-06T23:27:20.247341,"{""shipment_id"": ""SHP-000065"", ""carrier"": ""UPS Supply Chain"", ""status"": ""DELIVERED""}"
SHP-000066,ORD-000066,WH-AP-002,USA,USA,FedEx Express Air,Road Truckload,IN_TRANSIT,2026-07-27T19:27:20.247341,2026-07-30T19:27:20.247341,,"{""shipment_id"": ""SHP-000066"", ""carrier"": ""FedEx Express Air"", ""status"": ""IN_TRANSIT""}"
SHP-000067,ORD-000067,WH-EU-002,USA,USA,UPS Supply Chain,Sea Freight,DELIVERED,2026-07-24T22:27:20.247341,2026-07-30T22:27:20.247341,2026-07-30T22:27:20.247341,"{""shipment_id"": ""SHP-000067"", ""carrier"": ""UPS Supply Chain"", ""status"": ""DELIVERED""}"
SHP-000068,ORD-000068,WH-AP-002,Germany,Germany,Cosco Shipping,Rail Express,IN_TRANSIT,2026-08-01T14:27:20.247341,2026-08-07T14:27:20.247341,,"{""shipment_id"": ""SHP-000068"", ""carrier"": ""Cosco Shipping"", ""status"": ""IN_TRANSIT""}"
SHP-000069,ORD-000069,WH-AP-001,Japan,Japan,DB Schenker,Sea Freight,DELIVERED,2026-08-18T13:27:20.247341,2026-08-23T13:27:20.247341,2026-08-23T13:27:20.247341,"{""shipment_id"": ""SHP-000069"", ""carrier"": ""DB Schenker"", ""status"": ""DELIVERED""}"
SHP-000070,ORD-000070,WH-AU-001,Japan,Japan,Cosco Shipping,Road Truckload,DELIVERED,2026-08-02T19:27:20.247341,2026-08-06T19:27:20.247341,2026-08-07T19:27:20.247341,"{""shipment_id"": ""SHP-000070"", ""carrier"": ""Cosco Shipping"", ""status"": ""DELIVERED""}"
SHP-000071,ORD-000071,WH-EU-002,USA,USA,FedEx Express Air,Sea Freight,DELAYED,2026-08-15T19:27:20.247341,2026-08-19T19:27:20.247341,,"{""shipment_id"": ""SHP-000071"", ""carrier"": ""FedEx Express Air"", ""status"": ""DELAYED""}"
SHP-000072,ORD-000072,WH-EU-001,Australia,Australia,UPS Supply Chain,Rail Express,DELIVERED,2026-08-14T21:27:20.247341,2026-08-20T21:27:20.247341,2026-08-20T21:27:20.247341,"{""shipment_id"": ""SHP-000072"", ""carrier"": ""UPS Supply Chain"", ""status"": ""DELIVERED""}"
SHP-000073,ORD-000073,WH-EU-001,Australia,Australia,Maersk Ocean,Air Freight,DELIVERED,2026-08-05T09:27:20.247341,2026-08-14T09:27:20.247341,2026-08-15T09:27:20.247341,"{""shipment_id"": ""SHP-000073"", ""carrier"": ""Maersk Ocean"", ""status"": ""DELIVERED""}"
SHP-000074,ORD-000074,WH-AU-001,Taiwan,Taiwan,Maersk Ocean,Air Freight,DELIVERED,2026-07-31T08:27:20.247341,2026-08-07T08:27:20.247341,2026-08-07T08:27:20.247341,"{""shipment_id"": ""SHP-000074"", ""carrier"": ""Maersk Ocean"", ""status"": ""DELIVERED""}"
SHP-000075,ORD-000075,WH-SA-001,USA,USA,DB Schenker,Sea Freight,IN_TRANSIT,2026-07-27T22:27:20.247341,2026-07-31T22:27:20.247341,,"{""shipment_id"": ""SHP-000075"", ""carrier"": ""DB Schenker"", ""status"": ""IN_TRANSIT""}"
SHP-000076,ORD-000076,WH-US-001,Japan,Japan,UPS Supply Chain,Road Truckload,DELIVERED,2026-07-29T04:27:20.247341,2026-08-03T04:27:20.247341,2026-08-04T04:27:20.247341,"{""shipment_id"": ""SHP-000076"", ""carrier"": ""UPS Supply Chain"", ""status"": ""DELIVERED""}"
SHP-000077,ORD-000077,WH-US-002,UK,UK,Kuehne + Nagel,Rail Express,DELIVERED,2026-07-30T04:27:20.247341,2026-08-07T04:27:20.247341,2026-08-07T04:27:20.247341,"{""shipment_id"": ""SHP-000077"", ""carrier"": ""Kuehne + Nagel"", ""status"": ""DELIVERED""}"
SHP-000078,ORD-000078,WH-SA-001,USA,USA,Cosco Shipping,Rail Express,DELAYED,2026-08-18T07:27:20.247341,2026-08-28T07:27:20.247341,,"{""shipment_id"": ""SHP-000078"", ""carrier"": ""Cosco Shipping"", ""status"": ""DELAYED""}"
SHP-000079,ORD-000079,WH-US-001,Australia,Australia,DHL Supply Chain,Sea Freight,DELIVERED,2026-08-22T09:27:20.247341,2026-08-26T09:27:20.247341,2026-08-28T09:27:20.247341,"{""shipment_id"": ""SHP-000079"", ""carrier"": ""DHL Supply Chain"", ""status"": ""DELIVERED""}"
SHP-000080,ORD-000080,WH-AP-001,Germany,Germany,Maersk Ocean,Air Freight,DELIVERED,2026-08-29T06:27:20.247341,2026-09-04T06:27:20.247341,2026-09-04T06:27:20.247341,"{""shipment_id"": ""SHP-000080"", ""carrier"": ""Maersk Ocean"", ""status"": ""DELIVERED""}"
SHP-000081,ORD-000081,WH-EU-002,Japan,Japan,FedEx Express Air,Sea Freight,IN_TRANSIT,2026-07-25T16:27:20.247341,2026-08-01T16:27:20.247341,,"{""shipment_id"": ""SHP-000081"", ""carrier"": ""FedEx Express Air"", ""status"": ""IN_TRANSIT""}"
SHP-000082,ORD-000082,WH-AP-002,Switzerland,Switzerland,DHL Supply Chain,Rail Express,DELIVERED,2026-08-10T12:27:20.247341,2026-08-14T12:27:20.247341,2026-08-15T00:27:20.247341,"{""shipment_id"": ""SHP-000082"", ""carrier"": ""DHL Supply Chain"", ""status"": ""DELIVERED""}"
SHP-000083,ORD-000083,WH-EU-002,Switzerland,Switzerland,DB Schenker,Rail Express,DELIVERED,2026-08-23T08:27:20.247341,2026-08-29T08:27:20.247341,2026-08-31T08:27:20.247341,"{""shipment_id"": ""SHP-000083"", ""carrier"": ""DB Schenker"", ""status"": ""DELIVERED""}"
SHP-000084,ORD-000084,WH-US-002,Japan,Japan,FedEx Express Air,Rail Express,DELIVERED,2026-07-21T06:27:20.247341,2026-07-26T06:27:20.247341,2026-07-26T06:27:20.247341,"{""shipment_id"": ""SHP-000084"", ""carrier"": ""FedEx Express Air"", ""status"": ""DELIVERED""}"
SHP-000085,ORD-000085,WH-EU-001,Taiwan,Taiwan,DHL Supply Chain,Sea Freight,DELIVERED,2026-07-27T18:27:20.247341,2026-08-03T18:27:20.247341,2026-08-03T18:27:20.247341,"{""shipment_id"": ""SHP-000085"", ""carrier"": ""DHL Supply Chain"", ""status"": ""DELIVERED""}"
SHP-000086,ORD-000086,WH-AU-001,USA,USA,FedEx Express Air,Road Truckload,DELIVERED,2026-08-16T02:27:20.247341,2026-08-21T02:27:20.247341,2026-08-22T02:27:20.247341,"{""shipment_id"": ""SHP-000086"", ""carrier"": ""FedEx Express Air"", ""status"": ""DELIVERED""}"
SHP-000087,ORD-000087,WH-US-002,USA,USA,Kuehne + Nagel,Sea Freight,IN_TRANSIT,2026-08-13T08:27:20.247341,2026-08-16T08:27:20.247341,,"{""shipment_id"": ""SHP-000087"", ""carrier"": ""Kuehne + Nagel"", ""status"": ""IN_TRANSIT""}"
SHP-000088,ORD-000088,WH-ME-001,Japan,Japan,UPS Supply Chain,Road Truckload,DELIVERED,2026-08-01T21:27:20.247341,2026-08-04T21:27:20.247341,2026-08-05T09:27:20.247341,"{""shipment_id"": ""SHP-000088"", ""carrier"": ""UPS Supply Chain"", ""status"": ""DELIVERED""}"
SHP-000089,ORD-000089,WH-AP-003,USA,USA,UPS Supply Chain,Sea Freight,DELAYED,2026-08-30T15:27:20.247341,2026-09-08T15:27:20.247341,,"{""shipment_id"": ""SHP-000089"", ""carrier"": ""UPS Supply Chain"", ""status"": ""DELAYED""}"
SHP-000090,ORD-000090,WH-AP-002,Japan,Japan,FedEx Express Air,Air Freight,IN_TRANSIT,2026-08-20T18:27:20.247341,2026-08-23T18:27:20.247341,,"{""shipment_id"": ""SHP-000090"", ""carrier"": ""FedEx Express Air"", ""status"": ""IN_TRANSIT""}"
SHP-000091,ORD-000091,WH-EU-002,Germany,Germany,Cosco Shipping,Air Freight,DELIVERED,2026-08-27T17:27:20.247341,2026-09-03T17:27:20.247341,2026-09-04T17:27:20.247341,"{""shipment_id"": ""SHP-000091"", ""carrier"": ""Cosco Shipping"", ""status"": ""DELIVERED""}"
SHP-000092,ORD-000092,WH-US-001,USA,USA,Kuehne + Nagel,Rail Express,IN_TRANSIT,2026-09-01T16:27:20.247341,2026-09-06T16:27:20.247341,,"{""shipment_id"": ""SHP-000092"", ""carrier"": ""Kuehne + Nagel"", ""status"": ""IN_TRANSIT""}"
SHP-000093,ORD-000093,WH-AU-001,USA,USA,UPS Supply Chain,Air Freight,DELIVERED,2026-07-30T18:27:20.247341,2026-08-08T18:27:20.247341,2026-08-10T18:27:20.247341,"{""shipment_id"": ""SHP-000093"", ""carrier"": ""UPS Supply Chain"", ""status"": ""DELIVERED""}"
SHP-000094,ORD-000094,WH-US-002,USA,USA,Cosco Shipping,Sea Freight,IN_TRANSIT,2026-07-24T03:27:20.247341,2026-07-31T03:27:20.247341,,"{""shipment_id"": ""SHP-000094"", ""carrier"": ""Cosco Shipping"", ""status"": ""IN_TRANSIT""}"
SHP-000095,ORD-000095,WH-SA-001,Australia,Australia,Maersk Ocean,Sea Freight,DELIVERED,2026-07-25T19:27:20.247341,2026-08-02T19:27:20.247341,2026-08-03T07:27:20.247341,"{""shipment_id"": ""SHP-000095"", ""carrier"": ""Maersk Ocean"", ""status"": ""DELIVERED""}"
SHP-000096,ORD-000096,WH-US-001,Japan,Japan,UPS Supply Chain,Sea Freight,DELIVERED,2026-08-22T15:27:20.247341,2026-08-28T15:27:20.247341,2026-08-28T15:27:20.247341,"{""shipment_id"": ""SHP-000096"", ""carrier"": ""UPS Supply Chain"", ""status"": ""DELIVERED""}"
SHP-000097,ORD-000097,WH-AU-001,Japan,Japan,DB Schenker,Sea Freight,DELIVERED,2026-08-25T17:27:20.247341,2026-09-01T17:27:20.247341,2026-09-01T17:27:20.247341,"{""shipment_id"": ""SHP-000097"", ""carrier"": ""DB Schenker"", ""status"": ""DELIVERED""}"
SHP-000098,ORD-000098,WH-US-002,Japan,Japan,Cosco Shipping,Road Truckload,DELIVERED,2026-07-29T09:27:20.247341,2026-08-06T09:27:20.247341,2026-08-07T09:27:20.247341,"{""shipment_id"": ""SHP-000098"", ""carrier"": ""Cosco Shipping"", ""status"": ""DELIVERED""}"
SHP-000099,ORD-000099,WH-ME-001,USA,USA,Maersk Ocean,Rail Express,DELIVERED,2026-08-20T08:27:20.247341,2026-08-26T08:27:20.247341,2026-08-27T08:27:20.247341,"{""shipment_id"": ""SHP-000099"", ""carrier"": ""Maersk Ocean"", ""status"": ""DELIVERED""}"
SHP-000100,ORD-000100,WH-US-001,Japan,Japan,DHL Supply Chain,Air Freight,IN_TRANSIT,2026-08-11T04:27:20.247341,2026-08-17T04:27:20.247341,,"{""shipment_id"": ""SHP-000100"", ""carrier"": ""DHL Supply Chain"", ""status"": ""IN_TRANSIT""}"
SHP-000101,ORD-000101,WH-AP-003,USA,USA,Cosco Shipping,Rail Express,IN_TRANSIT,2026-08-05T11:27:20.247341,2026-08-08T11:27:20.247341,,"{""shipment_id"": ""SHP-000101"", ""carrier"": ""Cosco Shipping"", ""status"": ""IN_TRANSIT""}"
SHP-000102,ORD-000102,WH-US-001,USA,USA,DHL Supply Chain,Rail Express,DELIVERED,2026-08-29T19:27:20.247341,2026-09-05T19:27:20.247341,2026-09-05T19:27:20.247341,"{""shipment_id"": ""SHP-000102"", ""carrier"": ""DHL Supply Chain"", ""status"": ""DELIVERED""}"
SHP-000103,ORD-000103,WH-AP-002,Taiwan,Taiwan,DHL Supply Chain,Road Truckload,DELIVERED,2026-08-06T10:27:20.247341,2026-08-16T10:27:20.247341,2026-08-16T10:27:20.247341,"{""shipment_id"": ""SHP-000103"", ""carrier"": ""DHL Supply Chain"", ""status"": ""DELIVERED""}"
SHP-000104,ORD-000104,WH-AP-001,Japan,Japan,Cosco Shipping,Air Freight,DELIVERED,2026-08-06T03:27:20.247341,2026-08-13T03:27:20.247341,2026-08-13T15:27:20.247341,"{""shipment_id"": ""SHP-000104"", ""carrier"": ""Cosco Shipping"", ""status"": ""DELIVERED""}"
SHP-000105,ORD-000105,WH-ME-001,USA,USA,FedEx Express Air,Road Truckload,IN_TRANSIT,2026-07-25T04:27:20.247341,2026-07-28T04:27:20.247341,,"{""shipment_id"": ""SHP-000105"", ""carrier"": ""FedEx Express Air"", ""status"": ""IN_TRANSIT""}"
SHP-000106,ORD-000106,WH-EU-001,Japan,Japan,Kuehne + Nagel,Sea Freight,DELAYED,2026-08-22T05:27:20.247341,2026-08-30T05:27:20.247341,,"{""shipment_id"": ""SHP-000106"", ""carrier"": ""Kuehne + Nagel"", ""status"": ""DELAYED""}"
SHP-000107,ORD-000107,WH-SA-001,USA,USA,DB Schenker,Road Truckload,DELIVERED,2026-07-26T01:27:20.247341,2026-08-03T01:27:20.247341,2026-08-03T01:27:20.247341,"{""shipment_id"": ""SHP-000107"", ""carrier"": ""DB Schenker"", ""status"": ""DELIVERED""}"
SHP-000108,ORD-000108,WH-AP-002,USA,USA,UPS Supply Chain,Air Freight,DELIVERED,2026-07-26T11:27:20.247341,2026-07-29T11:27:20.247341,2026-07-29T11:27:20.247341,"{""shipment_id"": ""SHP-000108"", ""carrier"": ""UPS Supply Chain"", ""status"": ""DELIVERED""}"
SHP-000109,ORD-000109,WH-AP-001,USA,USA,UPS Supply Chain,Rail Express,DELIVERED,2026-08-25T02:27:20.247341,2026-08-28T02:27:20.247341,2026-08-29T02:27:20.247341,"{""shipment_id"": ""SHP-000109"", ""carrier"": ""UPS Supply Chain"", ""status"": ""DELIVERED""}"
SHP-000110,ORD-000110,WH-AP-003,UK,UK,UPS Supply Chain,Sea Freight,IN_TRANSIT,2026-07-31T16:27:20.247341,2026-08-03T16:27:20.247341,,"{""shipment_id"": ""SHP-000110"", ""carrier"": ""UPS Supply Chain"", ""status"": ""IN_TRANSIT""}"
SHP-000111,ORD-000111,WH-AP-002,USA,USA,FedEx Express Air,Rail Express,DELIVERED,2026-07-31T03:27:20.247341,2026-08-08T03:27:20.247341,2026-08-08T15:27:20.247341,"{""shipment_id"": ""SHP-000111"", ""carrier"": ""FedEx Express Air"", ""status"": ""DELIVERED""}"
SHP-000112,ORD-000112,WH-EU-001,USA,USA,UPS Supply Chain,Rail Express,DELIVERED,2026-08-26T07:27:20.247341,2026-09-01T07:27:20.247341,2026-09-01T07:27:20.247341,"{""shipment_id"": ""SHP-000112"", ""carrier"": ""UPS Supply Chain"", ""status"": ""DELIVERED""}"
SHP-000113,ORD-000113,WH-ME-001,USA,USA,Maersk Ocean,Rail Express,DELIVERED,2026-08-26T12:27:20.247341,2026-09-02T12:27:20.247341,2026-09-02T12:27:20.247341,"{""shipment_id"": ""SHP-000113"", ""carrier"": ""Maersk Ocean"", ""status"": ""DELIVERED""}"
SHP-000114,ORD-000114,WH-ME-001,Japan,Japan,Cosco Shipping,Air Freight,IN_TRANSIT,2026-07-27T23:27:20.247341,2026-08-02T23:27:20.247341,,"{""shipment_id"": ""SHP-000114"", ""carrier"": ""Cosco Shipping"", ""status"": ""IN_TRANSIT""}"
SHP-000115,ORD-000115,WH-US-001,Japan,Japan,Maersk Ocean,Rail Express,DELIVERED,2026-07-22T12:27:20.247341,2026-07-25T12:27:20.247341,2026-07-25T12:27:20.247341,"{""shipment_id"": ""SHP-000115"", ""carrier"": ""Maersk Ocean"", ""status"": ""DELIVERED""}"
SHP-000116,ORD-000116,WH-US-002,Switzerland,Switzerland,DHL Supply Chain,Air Freight,DELIVERED,2026-08-10T22:27:20.247341,2026-08-17T22:27:20.247341,2026-08-17T22:27:20.247341,"{""shipment_id"": ""SHP-000116"", ""carrier"": ""DHL Supply Chain"", ""status"": ""DELIVERED""}"
SHP-000117,ORD-000117,WH-SA-001,USA,USA,Kuehne + Nagel,Rail Express,IN_TRANSIT,2026-08-20T14:27:20.247341,2026-08-28T14:27:20.247341,,"{""shipment_id"": ""SHP-000117"", ""carrier"": ""Kuehne + Nagel"", ""status"": ""IN_TRANSIT""}"
SHP-000118,ORD-000118,WH-AU-001,Japan,Japan,FedEx Express Air,Air Freight,IN_TRANSIT,2026-09-01T05:27:20.247341,2026-09-08T05:27:20.247341,,"{""shipment_id"": ""SHP-000118"", ""carrier"": ""FedEx Express Air"", ""status"": ""IN_TRANSIT""}"
SHP-000119,ORD-000119,WH-EU-001,UK,UK,UPS Supply Chain,Air Freight,IN_TRANSIT,2026-08-28T21:27:20.247341,2026-09-03T21:27:20.247341,,"{""shipment_id"": ""SHP-000119"", ""carrier"": ""UPS Supply Chain"", ""status"": ""IN_TRANSIT""}"
SHP-000120,ORD-000120,WH-SA-001,Germany,Germany,UPS Supply Chain,Road Truckload,IN_TRANSIT,2026-08-07T12:27:20.247341,2026-08-10T12:27:20.247341,,"{""shipment_id"": ""SHP-000120"", ""carrier"": ""UPS Supply Chain"", ""status"": ""IN_TRANSIT""}"
SHP-000121,ORD-000121,WH-US-002,USA,USA,DHL Supply Chain,Sea Freight,CUSTOMS_HOLD,2026-07-21T05:27:20.247341,2026-07-28T05:27:20.247341,,"{""shipment_id"": ""SHP-000121"", ""carrier"": ""DHL Supply Chain"", ""status"": ""CUSTOMS_HOLD""}"
SHP-000122,ORD-000122,WH-US-002,UK,UK,Kuehne + Nagel,Sea Freight,DELAYED,2026-08-11T06:27:20.247341,2026-08-18T06:27:20.247341,,"{""shipment_id"": ""SHP-000122"", ""carrier"": ""Kuehne + Nagel"", ""status"": ""DELAYED""}"
SHP-000123,ORD-000123,WH-US-002,Germany,Germany,FedEx Express Air,Air Freight,IN_TRANSIT,2026-08-18T00:27:20.247341,2026-08-26T00:27:20.247341,,"{""shipment_id"": ""SHP-000123"", ""carrier"": ""FedEx Express Air"", ""status"": ""IN_TRANSIT""}"
SHP-000124,ORD-000124,WH-US-002,Germany,Germany,DB Schenker,Road Truckload,DELIVERED,2026-09-02T02:27:20.247341,2026-09-06T02:27:20.247341,2026-09-08T02:27:20.247341,"{""shipment_id"": ""SHP-000124"", ""carrier"": ""DB Schenker"", ""status"": ""DELIVERED""}"
SHP-000125,ORD-000125,WH-AP-001,Taiwan,Taiwan,DB Schenker,Sea Freight,DELIVERED,2026-07-19T16:27:20.247341,2026-07-25T16:27:20.247341,2026-07-26T16:27:20.247341,"{""shipment_id"": ""SHP-000125"", ""carrier"": ""DB Schenker"", ""status"": ""DELIVERED""}"
SHP-000126,ORD-000126,WH-US-001,Japan,Japan,DB Schenker,Road Truckload,DELAYED,2026-07-22T05:27:20.247341,2026-07-29T05:27:20.247341,,"{""shipment_id"": ""SHP-000126"", ""carrier"": ""DB Schenker"", ""status"": ""DELAYED""}"
SHP-000127,ORD-000127,WH-AP-002,Australia,Australia,Maersk Ocean,Road Truckload,IN_TRANSIT,2026-08-21T08:27:20.247341,2026-08-25T08:27:20.247341,,"{""shipment_id"": ""SHP-000127"", ""carrier"": ""Maersk Ocean"", ""status"": ""IN_TRANSIT""}"
SHP-000128,ORD-000128,WH-AP-002,Japan,Japan,UPS Supply Chain,Rail Express,DELIVERED,2026-08-04T00:27:20.247341,2026-08-07T00:27:20.247341,2026-08-07T00:27:20.247341,"{""shipment_id"": ""SHP-000128"", ""carrier"": ""UPS Supply Chain"", ""status"": ""DELIVERED""}"
SHP-000129,ORD-000129,WH-AU-001,Australia,Australia,FedEx Express Air,Air Freight,IN_TRANSIT,2026-08-10T05:27:20.247341,2026-08-18T05:27:20.247341,,"{""shipment_id"": ""SHP-000129"", ""carrier"": ""FedEx Express Air"", ""status"": ""IN_TRANSIT""}"
SHP-000130,ORD-000130,WH-EU-001,Australia,Australia,Maersk Ocean,Air Freight,DELAYED,2026-08-21T20:27:20.247341,2026-08-26T20:27:20.247341,,"{""shipment_id"": ""SHP-000130"", ""carrier"": ""Maersk Ocean"", ""status"": ""DELAYED""}"
SHP-000131,ORD-000131,WH-AU-001,Switzerland,Switzerland,Maersk Ocean,Road Truckload,DELIVERED,2026-08-14T14:27:20.247341,2026-08-23T14:27:20.247341,2026-08-23T14:27:20.247341,"{""shipment_id"": ""SHP-000131"", ""carrier"": ""Maersk Ocean"", ""status"": ""DELIVERED""}"
SHP-000132,ORD-000132,WH-SA-001,USA,USA,Cosco Shipping,Air Freight,IN_TRANSIT,2026-08-21T13:27:20.247341,2026-08-25T13:27:20.247341,,"{""shipment_id"": ""SHP-000132"", ""carrier"": ""Cosco Shipping"", ""status"": ""IN_TRANSIT""}"
SHP-000133,ORD-000133,WH-AU-001,Switzerland,Switzerland,UPS Supply Chain,Sea Freight,IN_TRANSIT,2026-07-29T11:27:20.247341,2026-08-04T11:27:20.247341,,"{""shipment_id"": ""SHP-000133"", ""carrier"": ""UPS Supply Chain"", ""status"": ""IN_TRANSIT""}"
SHP-000134,ORD-000134,WH-AP-003,Australia,Australia,FedEx Express Air,Rail Express,IN_TRANSIT,2026-08-18T02:27:20.247341,2026-08-27T02:27:20.247341,,"{""shipment_id"": ""SHP-000134"", ""carrier"": ""FedEx Express Air"", ""status"": ""IN_TRANSIT""}"
SHP-000135,ORD-000135,WH-AP-001,Germany,Germany,DB Schenker,Road Truckload,IN_TRANSIT,2026-08-09T15:27:20.247341,2026-08-14T15:27:20.247341,,"{""shipment_id"": ""SHP-000135"", ""carrier"": ""DB Schenker"", ""status"": ""IN_TRANSIT""}"
SHP-000136,ORD-000136,WH-AU-001,Japan,Japan,Cosco Shipping,Sea Freight,IN_TRANSIT,2026-08-15T15:27:20.247341,2026-08-18T15:27:20.247341,,"{""shipment_id"": ""SHP-000136"", ""carrier"": ""Cosco Shipping"", ""status"": ""IN_TRANSIT""}"
SHP-000137,ORD-000137,WH-SA-001,Taiwan,Taiwan,Cosco Shipping,Rail Express,CUSTOMS_HOLD,2026-08-07T14:27:20.247341,2026-08-15T14:27:20.247341,,"{""shipment_id"": ""SHP-000137"", ""carrier"": ""Cosco Shipping"", ""status"": ""CUSTOMS_HOLD""}"
SHP-000138,ORD-000138,WH-AP-001,Japan,Japan,FedEx Express Air,Sea Freight,DELIVERED,2026-08-23T17:27:20.247341,2026-08-31T17:27:20.247341,2026-08-31T17:27:20.247341,"{""shipment_id"": ""SHP-000138"", ""carrier"": ""FedEx Express Air"", ""status"": ""DELIVERED""}"
SHP-000139,ORD-000139,WH-US-001,USA,USA,Kuehne + Nagel,Rail Express,DELIVERED,2026-08-17T20:27:20.247341,2026-08-22T20:27:20.247341,2026-08-22T20:27:20.247341,"{""shipment_id"": ""SHP-000139"", ""carrier"": ""Kuehne + Nagel"", ""status"": ""DELIVERED""}"
SHP-000140,ORD-000140,WH-ME-001,Japan,Japan,DB Schenker,Sea Freight,DELIVERED,2026-08-18T23:27:20.247341,2026-08-26T23:27:20.247341,2026-08-26T23:27:20.247341,"{""shipment_id"": ""SHP-000140"", ""carrier"": ""DB Schenker"", ""status"": ""DELIVERED""}"
SHP-000141,ORD-000141,WH-US-001,USA,USA,Kuehne + Nagel,Road Truckload,DELIVERED,2026-08-08T06:27:20.247341,2026-08-13T06:27:20.247341,2026-08-13T06:27:20.247341,"{""shipment_id"": ""SHP-000141"", ""carrier"": ""Kuehne + Nagel"", ""status"": ""DELIVERED""}"
SHP-000142,ORD-000142,WH-AU-001,UK,UK,UPS Supply Chain,Sea Freight,DELIVERED,2026-07-26T10:27:20.247341,2026-08-04T10:27:20.247341,2026-08-05T10:27:20.247341,"{""shipment_id"": ""SHP-000142"", ""carrier"": ""UPS Supply Chain"", ""status"": ""DELIVERED""}"
SHP-000143,ORD-000143,WH-AP-001,Taiwan,Taiwan,Kuehne + Nagel,Air Freight,IN_TRANSIT,2026-08-05T15:27:20.247341,2026-08-14T15:27:20.247341,,"{""shipment_id"": ""SHP-000143"", ""carrier"": ""Kuehne + Nagel"", ""status"": ""IN_TRANSIT""}"
SHP-000144,ORD-000144,WH-AP-001,USA,USA,FedEx Express Air,Rail Express,CUSTOMS_HOLD,2026-08-22T12:27:20.247341,2026-08-25T12:27:20.247341,,"{""shipment_id"": ""SHP-000144"", ""carrier"": ""FedEx Express Air"", ""status"": ""CUSTOMS_HOLD""}"
SHP-000145,ORD-000145,WH-US-001,USA,USA,Kuehne + Nagel,Road Truckload,CUSTOMS_HOLD,2026-08-11T02:27:20.247341,2026-08-15T02:27:20.247341,,"{""shipment_id"": ""SHP-000145"", ""carrier"": ""Kuehne + Nagel"", ""status"": ""CUSTOMS_HOLD""}"
SHP-000146,ORD-000146,WH-EU-001,Switzerland,Switzerland,UPS Supply Chain,Road Truckload,DELIVERED,2026-07-24T15:27:20.247341,2026-07-29T15:27:20.247341,2026-07-31T15:27:20.247341,"{""shipment_id"": ""SHP-000146"", ""carrier"": ""UPS Supply Chain"", ""status"": ""DELIVERED""}"
SHP-000147,ORD-000147,WH-EU-001,USA,USA,Kuehne + Nagel,Sea Freight,DELIVERED,2026-08-30T06:27:20.247341,2026-09-06T06:27:20.247341,2026-09-06T06:27:20.247341,"{""shipment_id"": ""SHP-000147"", ""carrier"": ""Kuehne + Nagel"", ""status"": ""DELIVERED""}"
SHP-000148,ORD-000148,WH-SA-001,Japan,Japan,DHL Supply Chain,Rail Express,DELIVERED,2026-08-11T08:27:20.247341,2026-08-17T08:27:20.247341,2026-08-17T08:27:20.247341,"{""shipment_id"": ""SHP-000148"", ""carrier"": ""DHL Supply Chain"", ""status"": ""DELIVERED""}"
SHP-000149,ORD-000149,WH-US-001,USA,USA,DHL Supply Chain,Sea Freight,DELIVERED,2026-08-09T02:27:20.247341,2026-08-12T02:27:20.247341,2026-08-12T02:27:20.247341,"{""shipment_id"": ""SHP-000149"", ""carrier"": ""DHL Supply Chain"", ""status"": ""DELIVERED""}"
SHP-000150,ORD-000150,WH-AP-002,Japan,Japan,DB Schenker,Sea Freight,DELIVERED,2026-08-15T18:27:20.247341,2026-08-23T18:27:20.247341,2026-08-24T18:27:20.247341,"{""shipment_id"": ""SHP-000150"", ""carrier"": ""DB Schenker"", ""status"": ""DELIVERED""}"
SHP-000151,ORD-000151,WH-US-002,Japan,Japan,Kuehne + Nagel,Road Truckload,DELAYED,2026-08-30T22:27:20.247341,2026-09-04T22:27:20.247341,,"{""shipment_id"": ""SHP-000151"", ""carrier"": ""Kuehne + Nagel"", ""status"": ""DELAYED""}"
SHP-000152,ORD-000152,WH-AP-001,Japan,Japan,Cosco Shipping,Road Truckload,IN_TRANSIT,2026-08-05T16:27:20.247341,2026-08-08T16:27:20.247341,,"{""shipment_id"": ""SHP-000152"", ""carrier"": ""Cosco Shipping"", ""status"": ""IN_TRANSIT""}"
SHP-000153,ORD-000153,WH-AU-001,Taiwan,Taiwan,FedEx Express Air,Road Truckload,DELAYED,2026-08-12T10:27:20.247341,2026-08-19T10:27:20.247341,,"{""shipment_id"": ""SHP-000153"", ""carrier"": ""FedEx Express Air"", ""status"": ""DELAYED""}"
SHP-000154,ORD-000154,WH-EU-002,USA,USA,DB Schenker,Rail Express,DELAYED,2026-08-30T13:27:20.247341,2026-09-04T13:27:20.247341,,"{""shipment_id"": ""SHP-000154"", ""carrier"": ""DB Schenker"", ""status"": ""DELAYED""}"
SHP-000155,ORD-000155,WH-ME-001,Taiwan,Taiwan,Kuehne + Nagel,Rail Express,DELIVERED,2026-08-11T12:27:20.247341,2026-08-16T12:27:20.247341,2026-08-16T12:27:20.247341,"{""shipment_id"": ""SHP-000155"", ""carrier"": ""Kuehne + Nagel"", ""status"": ""DELIVERED""}"
SHP-000156,ORD-000156,WH-AP-003,Japan,Japan,DHL Supply Chain,Sea Freight,DELAYED,2026-09-02T21:27:20.247341,2026-09-09T21:27:20.247341,,"{""shipment_id"": ""SHP-000156"", ""carrier"": ""DHL Supply Chain"", ""status"": ""DELAYED""}"
SHP-000157,ORD-000157,WH-US-001,UK,UK,FedEx Express Air,Air Freight,DELAYED,2026-07-23T02:27:20.247341,2026-08-02T02:27:20.247341,,"{""shipment_id"": ""SHP-000157"", ""carrier"": ""FedEx Express Air"", ""status"": ""DELAYED""}"
SHP-000158,ORD-000158,WH-EU-002,Japan,Japan,DB Schenker,Air Freight,DELIVERED,2026-08-07T17:27:20.247341,2026-08-16T17:27:20.247341,2026-08-17T17:27:20.247341,"{""shipment_id"": ""SHP-000158"", ""carrier"": ""DB Schenker"", ""status"": ""DELIVERED""}"
SHP-000159,ORD-000159,WH-US-002,Germany,Germany,FedEx Express Air,Air Freight,IN_TRANSIT,2026-08-01T16:27:20.247341,2026-08-11T16:27:20.247341,,"{""shipment_id"": ""SHP-000159"", ""carrier"": ""FedEx Express Air"", ""status"": ""IN_TRANSIT""}"
SHP-000160,ORD-000160,WH-AP-003,USA,USA,DB Schenker,Air Freight,DELIVERED,2026-08-01T12:27:20.247341,2026-08-11T12:27:20.247341,2026-08-12T00:27:20.247341,"{""shipment_id"": ""SHP-000160"", ""carrier"": ""DB Schenker"", ""status"": ""DELIVERED""}"
SHP-000161,ORD-000161,WH-EU-002,Australia,Australia,Kuehne + Nagel,Air Freight,DELIVERED,2026-08-07T09:27:20.247341,2026-08-16T09:27:20.247341,2026-08-16T09:27:20.247341,"{""shipment_id"": ""SHP-000161"", ""carrier"": ""Kuehne + Nagel"", ""status"": ""DELIVERED""}"
SHP-000162,ORD-000162,WH-US-002,Australia,Australia,UPS Supply Chain,Air Freight,DELIVERED,2026-08-31T14:27:20.247341,2026-09-04T14:27:20.247341,2026-09-04T14:27:20.247341,"{""shipment_id"": ""SHP-000162"", ""carrier"": ""UPS Supply Chain"", ""status"": ""DELIVERED""}"
SHP-000163,ORD-000163,WH-US-002,Japan,Japan,DB Schenker,Air Freight,DELIVERED,2026-08-14T04:27:20.247341,2026-08-23T04:27:20.247341,2026-08-23T04:27:20.247341,"{""shipment_id"": ""SHP-000163"", ""carrier"": ""DB Schenker"", ""status"": ""DELIVERED""}"
SHP-000164,ORD-000164,WH-ME-001,USA,USA,FedEx Express Air,Air Freight,DELAYED,2026-08-11T14:27:20.247341,2026-08-15T14:27:20.247341,,"{""shipment_id"": ""SHP-000164"", ""carrier"": ""FedEx Express Air"", ""status"": ""DELAYED""}"
SHP-000165,ORD-000165,WH-SA-001,USA,USA,Kuehne + Nagel,Rail Express,DELIVERED,2026-09-01T13:27:20.247341,2026-09-05T13:27:20.247341,2026-09-05T13:27:20.247341,"{""shipment_id"": ""SHP-000165"", ""carrier"": ""Kuehne + Nagel"", ""status"": ""DELIVERED""}"
SHP-000166,ORD-000166,WH-AP-002,Switzerland,Switzerland,FedEx Express Air,Sea Freight,CUSTOMS_HOLD,2026-08-02T08:27:20.247341,2026-08-09T08:27:20.247341,,"{""shipment_id"": ""SHP-000166"", ""carrier"": ""FedEx Express Air"", ""status"": ""CUSTOMS_HOLD""}"
SHP-000167,ORD-000167,WH-AP-001,Germany,Germany,UPS Supply Chain,Rail Express,DELIVERED,2026-08-05T03:27:20.247341,2026-08-09T03:27:20.247341,2026-08-09T03:27:20.247341,"{""shipment_id"": ""SHP-000167"", ""carrier"": ""UPS Supply Chain"", ""status"": ""DELIVERED""}"
SHP-000168,ORD-000168,WH-SA-001,Japan,Japan,Cosco Shipping,Sea Freight,DELIVERED,2026-08-04T22:27:20.247341,2026-08-07T22:27:20.247341,2026-08-08T22:27:20.247341,"{""shipment_id"": ""SHP-000168"", ""carrier"": ""Cosco Shipping"", ""status"": ""DELIVERED""}"
SHP-000169,ORD-000169,WH-AU-001,USA,USA,DHL Supply Chain,Sea Freight,IN_TRANSIT,2026-08-06T02:27:20.247341,2026-08-09T02:27:20.247341,,"{""shipment_id"": ""SHP-000169"", ""carrier"": ""DHL Supply Chain"", ""status"": ""IN_TRANSIT""}"
SHP-000170,ORD-000170,WH-ME-001,UK,UK,Cosco Shipping,Sea Freight,IN_TRANSIT,2026-08-14T21:27:20.247341,2026-08-23T21:27:20.247341,,"{""shipment_id"": ""SHP-000170"", ""carrier"": ""Cosco Shipping"", ""status"": ""IN_TRANSIT""}"
SHP-000171,ORD-000171,WH-AP-001,USA,USA,DB Schenker,Air Freight,DELIVERED,2026-07-31T02:27:20.247341,2026-08-03T02:27:20.247341,2026-08-03T02:27:20.247341,"{""shipment_id"": ""SHP-000171"", ""carrier"": ""DB Schenker"", ""status"": ""DELIVERED""}"
SHP-000172,ORD-000172,WH-ME-001,UK,UK,DB Schenker,Sea Freight,DELIVERED,2026-08-01T11:27:20.247341,2026-08-04T11:27:20.247341,2026-08-04T11:27:20.247341,"{""shipment_id"": ""SHP-000172"", ""carrier"": ""DB Schenker"", ""status"": ""DELIVERED""}"
SHP-000173,ORD-000173,WH-EU-001,USA,USA,Maersk Ocean,Air Freight,IN_TRANSIT,2026-08-04T00:27:20.247341,2026-08-14T00:27:20.247341,,"{""shipment_id"": ""SHP-000173"", ""carrier"": ""Maersk Ocean"", ""status"": ""IN_TRANSIT""}"
SHP-000174,ORD-000174,WH-AP-002,USA,USA,Maersk Ocean,Air Freight,DELIVERED,2026-09-03T01:27:20.247341,2026-09-11T01:27:20.247341,2026-09-11T01:27:20.247341,"{""shipment_id"": ""SHP-000174"", ""carrier"": ""Maersk Ocean"", ""status"": ""DELIVERED""}"
SHP-000175,ORD-000175,WH-AP-001,Australia,Australia,Maersk Ocean,Sea Freight,DELIVERED,2026-08-30T00:27:20.247341,2026-09-07T00:27:20.247341,2026-09-09T00:27:20.247341,"{""shipment_id"": ""SHP-000175"", ""carrier"": ""Maersk Ocean"", ""status"": ""DELIVERED""}"
SHP-000176,ORD-000176,WH-EU-002,Taiwan,Taiwan,DHL Supply Chain,Road Truckload,IN_TRANSIT,2026-08-02T18:27:20.247341,2026-08-07T18:27:20.247341,,"{""shipment_id"": ""SHP-000176"", ""carrier"": ""DHL Supply Chain"", ""status"": ""IN_TRANSIT""}"
SHP-000177,ORD-000177,WH-US-001,Australia,Australia,Kuehne + Nagel,Road Truckload,IN_TRANSIT,2026-08-09T18:27:20.247341,2026-08-18T18:27:20.247341,,"{""shipment_id"": ""SHP-000177"", ""carrier"": ""Kuehne + Nagel"", ""status"": ""IN_TRANSIT""}"
SHP-000178,ORD-000178,WH-EU-002,Japan,Japan,Maersk Ocean,Rail Express,DELIVERED,2026-07-27T09:27:20.247341,2026-08-04T09:27:20.247341,2026-08-05T09:27:20.247341,"{""shipment_id"": ""SHP-000178"", ""carrier"": ""Maersk Ocean"", ""status"": ""DELIVERED""}"
SHP-000179,ORD-000179,WH-US-002,Switzerland,Switzerland,Kuehne + Nagel,Road Truckload,DELIVERED,2026-08-20T20:27:20.247341,2026-08-23T20:27:20.247341,2026-08-23T20:27:20.247341,"{""shipment_id"": ""SHP-000179"", ""carrier"": ""Kuehne + Nagel"", ""status"": ""DELIVERED""}"
SHP-000180,ORD-000180,WH-SA-001,USA,USA,Kuehne + Nagel,Rail Express,DELIVERED,2026-09-02T05:27:20.247341,2026-09-07T05:27:20.247341,2026-09-07T05:27:20.247341,"{""shipment_id"": ""SHP-000180"", ""carrier"": ""Kuehne + Nagel"", ""status"": ""DELIVERED""}"
SHP-000181,ORD-000181,WH-AP-002,UK,UK,DB Schenker,Air Freight,DELAYED,2026-09-02T05:27:20.247341,2026-09-08T05:27:20.247341,,"{""shipment_id"": ""SHP-000181"", ""carrier"": ""DB Schenker"", ""status"": ""DELAYED""}"
SHP-000182,ORD-000182,WH-US-002,Japan,Japan,UPS Supply Chain,Road Truckload,DELIVERED,2026-08-26T14:27:20.247341,2026-08-31T14:27:20.247341,2026-08-31T14:27:20.247341,"{""shipment_id"": ""SHP-000182"", ""carrier"": ""UPS Supply Chain"", ""status"": ""DELIVERED""}"
SHP-000183,ORD-000183,WH-ME-001,USA,USA,Cosco Shipping,Air Freight,CUSTOMS_HOLD,2026-08-03T08:27:20.247341,2026-08-08T08:27:20.247341,,"{""shipment_id"": ""SHP-000183"", ""carrier"": ""Cosco Shipping"", ""status"": ""CUSTOMS_HOLD""}"
SHP-000184,ORD-000184,WH-EU-002,Taiwan,Taiwan,DHL Supply Chain,Air Freight,IN_TRANSIT,2026-08-26T03:27:20.247341,2026-08-30T03:27:20.247341,,"{""shipment_id"": ""SHP-000184"", ""carrier"": ""DHL Supply Chain"", ""status"": ""IN_TRANSIT""}"
SHP-000185,ORD-000185,WH-ME-001,USA,USA,UPS Supply Chain,Rail Express,DELIVERED,2026-08-16T01:27:20.247341,2026-08-23T01:27:20.247341,2026-08-23T01:27:20.247341,"{""shipment_id"": ""SHP-000185"", ""carrier"": ""UPS Supply Chain"", ""status"": ""DELIVERED""}"
SHP-000186,ORD-000186,WH-AP-001,USA,USA,Maersk Ocean,Air Freight,DELIVERED,2026-08-05T19:27:20.247341,2026-08-12T19:27:20.247341,2026-08-12T19:27:20.247341,"{""shipment_id"": ""SHP-000186"", ""carrier"": ""Maersk Ocean"", ""status"": ""DELIVERED""}"
SHP-000187,ORD-000187,WH-EU-001,UK,UK,Cosco Shipping,Sea Freight,CUSTOMS_HOLD,2026-08-23T03:27:20.247341,2026-09-02T03:27:20.247341,,"{""shipment_id"": ""SHP-000187"", ""carrier"": ""Cosco Shipping"", ""status"": ""CUSTOMS_HOLD""}"
SHP-000188,ORD-000188,WH-ME-001,USA,USA,Maersk Ocean,Rail Express,DELIVERED,2026-08-03T21:27:20.247341,2026-08-11T21:27:20.247341,2026-08-11T21:27:20.247341,"{""shipment_id"": ""SHP-000188"", ""carrier"": ""Maersk Ocean"", ""status"": ""DELIVERED""}"
SHP-000189,ORD-000189,WH-SA-001,USA,USA,FedEx Express Air,Road Truckload,DELIVERED,2026-08-24T07:27:20.247341,2026-09-02T07:27:20.247341,2026-09-02T07:27:20.247341,"{""shipment_id"": ""SHP-000189"", ""carrier"": ""FedEx Express Air"", ""status"": ""DELIVERED""}"
SHP-000190,ORD-000190,WH-US-001,UK,UK,UPS Supply Chain,Rail Express,IN_TRANSIT,2026-08-08T18:27:20.247341,2026-08-13T18:27:20.247341,,"{""shipment_id"": ""SHP-000190"", ""carrier"": ""UPS Supply Chain"", ""status"": ""IN_TRANSIT""}"
SHP-000191,ORD-000191,WH-AP-003,Taiwan,Taiwan,DB Schenker,Air Freight,DELAYED,2026-07-28T15:27:20.247341,2026-08-06T15:27:20.247341,,"{""shipment_id"": ""SHP-000191"", ""carrier"": ""DB Schenker"", ""status"": ""DELAYED""}"
SHP-000192,ORD-000192,WH-AP-002,Germany,Germany,DHL Supply Chain,Road Truckload,DELIVERED,2026-08-29T10:27:20.247341,2026-09-03T10:27:20.247341,2026-09-03T10:27:20.247341,"{""shipment_id"": ""SHP-000192"", ""carrier"": ""DHL Supply Chain"", ""status"": ""DELIVERED""}"
SHP-000193,ORD-000193,WH-AP-001,Australia,Australia,UPS Supply Chain,Rail Express,DELAYED,2026-08-21T10:27:20.247341,2026-08-25T10:27:20.247341,,"{""shipment_id"": ""SHP-000193"", ""carrier"": ""UPS Supply Chain"", ""status"": ""DELAYED""}"
SHP-000194,ORD-000194,WH-SA-001,UK,UK,UPS Supply Chain,Air Freight,DELIVERED,2026-08-06T17:27:20.247341,2026-08-13T17:27:20.247341,2026-08-14T17:27:20.247341,"{""shipment_id"": ""SHP-000194"", ""carrier"": ""UPS Supply Chain"", ""status"": ""DELIVERED""}"
SHP-000195,ORD-000195,WH-EU-001,USA,USA,UPS Supply Chain,Road Truckload,IN_TRANSIT,2026-08-13T20:27:20.247341,2026-08-16T20:27:20.247341,,"{""shipment_id"": ""SHP-000195"", ""carrier"": ""UPS Supply Chain"", ""status"": ""IN_TRANSIT""}"
SHP-000196,ORD-000196,WH-AP-003,USA,USA,DB Schenker,Rail Express,DELIVERED,2026-08-25T08:27:20.247341,2026-08-28T08:27:20.247341,2026-08-30T08:27:20.247341,"{""shipment_id"": ""SHP-000196"", ""carrier"": ""DB Schenker"", ""status"": ""DELIVERED""}"
SHP-000197,ORD-000197,WH-EU-001,Taiwan,Taiwan,UPS Supply Chain,Sea Freight,DELIVERED,2026-08-20T09:27:20.247341,2026-08-24T09:27:20.247341,2026-08-24T09:27:20.247341,"{""shipment_id"": ""SHP-000197"", ""carrier"": ""UPS Supply Chain"", ""status"": ""DELIVERED""}"
SHP-000198,ORD-000198,WH-ME-001,USA,USA,Cosco Shipping,Sea Freight,DELIVERED,2026-08-25T23:27:20.247341,2026-08-30T23:27:20.247341,2026-08-30T23:27:20.247341,"{""shipment_id"": ""SHP-000198"", ""carrier"": ""Cosco Shipping"", ""status"": ""DELIVERED""}"
SHP-000199,ORD-000199,WH-AP-002,Japan,Japan,DHL Supply Chain,Air Freight,DELIVERED,2026-08-08T03:27:20.247341,2026-08-11T03:27:20.247341,2026-08-11T03:27:20.247341,"{""shipment_id"": ""SHP-000199"", ""carrier"": ""DHL Supply Chain"", ""status"": ""DELIVERED""}"
SHP-000200,ORD-000200,WH-AP-001,UK,UK,DB Schenker,Air Freight,DELIVERED,2026-08-16T01:27:20.247341,2026-08-23T01:27:20.247341,2026-08-23T01:27:20.247341,"{""shipment_id"": ""SHP-000200"", ""carrier"": ""DB Schenker"", ""status"": ""DELIVERED""}"
SHP-000201,ORD-000201,WH-EU-001,Taiwan,Taiwan,Cosco Shipping,Road Truckload,DELIVERED,2026-08-31T09:27:20.247341,2026-09-06T09:27:20.247341,2026-09-06T09:27:20.247341,"{""shipment_id"": ""SHP-000201"", ""carrier"": ""Cosco Shipping"", ""status"": ""DELIVERED""}"
SHP-000202,ORD-000202,WH-AP-002,Australia,Australia,DB Schenker,Sea Freight,DELIVERED,2026-08-30T16:27:20.247341,2026-09-07T16:27:20.247341,2026-09-08T04:27:20.247341,"{""shipment_id"": ""SHP-000202"", ""carrier"": ""DB Schenker"", ""status"": ""DELIVERED""}"
SHP-000203,ORD-000203,WH-AP-003,USA,USA,Cosco Shipping,Rail Express,DELIVERED,2026-08-03T02:27:20.247341,2026-08-06T02:27:20.247341,2026-08-06T02:27:20.247341,"{""shipment_id"": ""SHP-000203"", ""carrier"": ""Cosco Shipping"", ""status"": ""DELIVERED""}"
SHP-000204,ORD-000204,WH-US-001,USA,USA,FedEx Express Air,Air Freight,IN_TRANSIT,2026-08-19T01:27:20.247341,2026-08-28T01:27:20.247341,,"{""shipment_id"": ""SHP-000204"", ""carrier"": ""FedEx Express Air"", ""status"": ""IN_TRANSIT""}"
SHP-000205,ORD-000205,WH-AP-002,Taiwan,Taiwan,Cosco Shipping,Road Truckload,DELIVERED,2026-07-27T10:27:20.247341,2026-08-03T10:27:20.247341,2026-08-05T10:27:20.247341,"{""shipment_id"": ""SHP-000205"", ""carrier"": ""Cosco Shipping"", ""status"": ""DELIVERED""}"
SHP-000206,ORD-000206,WH-ME-001,Germany,Germany,UPS Supply Chain,Rail Express,DELIVERED,2026-08-24T20:27:20.247341,2026-08-30T20:27:20.247341,2026-08-30T20:27:20.247341,"{""shipment_id"": ""SHP-000206"", ""carrier"": ""UPS Supply Chain"", ""status"": ""DELIVERED""}"
SHP-000207,ORD-000207,WH-AP-001,UK,UK,FedEx Express Air,Road Truckload,IN_TRANSIT,2026-08-27T16:27:20.247341,2026-09-03T16:27:20.247341,,"{""shipment_id"": ""SHP-000207"", ""carrier"": ""FedEx Express Air"", ""status"": ""IN_TRANSIT""}"
SHP-000208,ORD-000208,WH-ME-001,USA,USA,DB Schenker,Rail Express,DELIVERED,2026-09-01T17:27:20.247341,2026-09-06T17:27:20.247341,2026-09-06T17:27:20.247341,"{""shipment_id"": ""SHP-000208"", ""carrier"": ""DB Schenker"", ""status"": ""DELIVERED""}"
SHP-000209,ORD-000209,WH-AP-003,USA,USA,FedEx Express Air,Air Freight,DELIVERED,2026-08-07T01:27:20.247341,2026-08-13T01:27:20.247341,2026-08-13T01:27:20.247341,"{""shipment_id"": ""SHP-000209"", ""carrier"": ""FedEx Express Air"", ""status"": ""DELIVERED""}"
SHP-000210,ORD-000210,WH-US-002,Switzerland,Switzerland,DB Schenker,Sea Freight,IN_TRANSIT,2026-07-21T15:27:20.247341,2026-07-27T15:27:20.247341,,"{""shipment_id"": ""SHP-000210"", ""carrier"": ""DB Schenker"", ""status"": ""IN_TRANSIT""}"
SHP-000211,ORD-000211,WH-AP-001,Taiwan,Taiwan,Cosco Shipping,Rail Express,DELAYED,2026-08-20T17:27:20.247341,2026-08-23T17:27:20.247341,,"{""shipment_id"": ""SHP-000211"", ""carrier"": ""Cosco Shipping"", ""status"": ""DELAYED""}"
SHP-000212,ORD-000212,WH-ME-001,Japan,Japan,Maersk Ocean,Air Freight,DELIVERED,2026-08-29T02:27:20.247341,2026-09-08T02:27:20.247341,2026-09-10T02:27:20.247341,"{""shipment_id"": ""SHP-000212"", ""carrier"": ""Maersk Ocean"", ""status"": ""DELIVERED""}"
SHP-000213,ORD-000213,WH-AP-002,Taiwan,Taiwan,DB Schenker,Air Freight,IN_TRANSIT,2026-08-19T17:27:20.247341,2026-08-24T17:27:20.247341,,"{""shipment_id"": ""SHP-000213"", ""carrier"": ""DB Schenker"", ""status"": ""IN_TRANSIT""}"
SHP-000214,ORD-000214,WH-ME-001,Australia,Australia,DHL Supply Chain,Air Freight,CUSTOMS_HOLD,2026-08-31T11:27:20.247341,2026-09-06T11:27:20.247341,,"{""shipment_id"": ""SHP-000214"", ""carrier"": ""DHL Supply Chain"", ""status"": ""CUSTOMS_HOLD""}"
SHP-000215,ORD-000215,WH-US-002,Japan,Japan,Maersk Ocean,Road Truckload,DELIVERED,2026-08-02T13:27:20.247341,2026-08-10T13:27:20.247341,2026-08-10T13:27:20.247341,"{""shipment_id"": ""SHP-000215"", ""carrier"": ""Maersk Ocean"", ""status"": ""DELIVERED""}"
SHP-000216,ORD-000216,WH-AP-002,Switzerland,Switzerland,DB Schenker,Road Truckload,IN_TRANSIT,2026-08-06T14:27:20.247341,2026-08-13T14:27:20.247341,,"{""shipment_id"": ""SHP-000216"", ""carrier"": ""DB Schenker"", ""status"": ""IN_TRANSIT""}"
SHP-000217,ORD-000217,WH-AP-002,Japan,Japan,DHL Supply Chain,Sea Freight,DELIVERED,2026-08-25T14:27:20.247341,2026-09-03T14:27:20.247341,2026-09-03T14:27:20.247341,"{""shipment_id"": ""SHP-000217"", ""carrier"": ""DHL Supply Chain"", ""status"": ""DELIVERED""}"
SHP-000218,ORD-000218,WH-ME-001,Australia,Australia,Maersk Ocean,Sea Freight,IN_TRANSIT,2026-07-27T02:27:20.247341,2026-07-30T02:27:20.247341,,"{""shipment_id"": ""SHP-000218"", ""carrier"": ""Maersk Ocean"", ""status"": ""IN_TRANSIT""}"
SHP-000219,ORD-000219,WH-AP-002,Japan,Japan,DB Schenker,Road Truckload,DELIVERED,2026-08-23T23:27:20.247341,2026-08-26T23:27:20.247341,2026-08-28T23:27:20.247341,"{""shipment_id"": ""SHP-000219"", ""carrier"": ""DB Schenker"", ""status"": ""DELIVERED""}"
SHP-000220,ORD-000220,WH-AP-002,Switzerland,Switzerland,DB Schenker,Sea Freight,IN_TRANSIT,2026-08-12T01:27:20.247341,2026-08-17T01:27:20.247341,,"{""shipment_id"": ""SHP-000220"", ""carrier"": ""DB Schenker"", ""status"": ""IN_TRANSIT""}"
SHP-000221,ORD-000221,WH-EU-001,Australia,Australia,DHL Supply Chain,Air Freight,DELIVERED,2026-08-06T22:27:20.247341,2026-08-15T22:27:20.247341,2026-08-15T22:27:20.247341,"{""shipment_id"": ""SHP-000221"", ""carrier"": ""DHL Supply Chain"", ""status"": ""DELIVERED""}"
SHP-000222,ORD-000222,WH-AU-001,USA,USA,DHL Supply Chain,Sea Freight,DELIVERED,2026-08-12T18:27:20.247341,2026-08-20T18:27:20.247341,2026-08-22T18:27:20.247341,"{""shipment_id"": ""SHP-000222"", ""carrier"": ""DHL Supply Chain"", ""status"": ""DELIVERED""}"
SHP-000223,ORD-000223,WH-AP-002,Germany,Germany,Cosco Shipping,Air Freight,DELIVERED,2026-08-31T15:27:20.247341,2026-09-07T15:27:20.247341,2026-09-07T15:27:20.247341,"{""shipment_id"": ""SHP-000223"", ""carrier"": ""Cosco Shipping"", ""status"": ""DELIVERED""}"
SHP-000224,ORD-000224,WH-EU-001,Japan,Japan,Cosco Shipping,Sea Freight,DELIVERED,2026-09-02T10:27:20.247341,2026-09-12T10:27:20.247341,2026-09-12T10:27:20.247341,"{""shipment_id"": ""SHP-000224"", ""carrier"": ""Cosco Shipping"", ""status"": ""DELIVERED""}"
SHP-000225,ORD-000225,WH-AP-001,UK,UK,Kuehne + Nagel,Rail Express,DELIVERED,2026-08-02T09:27:20.247341,2026-08-12T09:27:20.247341,2026-08-12T09:27:20.247341,"{""shipment_id"": ""SHP-000225"", ""carrier"": ""Kuehne + Nagel"", ""status"": ""DELIVERED""}"
SHP-000226,ORD-000226,WH-EU-002,UK,UK,DB Schenker,Sea Freight,DELAYED,2026-08-23T14:27:20.247341,2026-08-28T14:27:20.247341,,"{""shipment_id"": ""SHP-000226"", ""carrier"": ""DB Schenker"", ""status"": ""DELAYED""}"
SHP-000227,ORD-000227,WH-AP-003,Germany,Germany,FedEx Express Air,Air Freight,IN_TRANSIT,2026-08-03T13:27:20.247341,2026-08-12T13:27:20.247341,,"{""shipment_id"": ""SHP-000227"", ""carrier"": ""FedEx Express Air"", ""status"": ""IN_TRANSIT""}"
SHP-000228,ORD-000228,WH-EU-002,UK,UK,Maersk Ocean,Air Freight,DELIVERED,2026-08-09T19:27:20.247341,2026-08-15T19:27:20.247341,2026-08-15T19:27:20.247341,"{""shipment_id"": ""SHP-000228"", ""carrier"": ""Maersk Ocean"", ""status"": ""DELIVERED""}"
SHP-000229,ORD-000229,WH-US-002,UK,UK,FedEx Express Air,Rail Express,DELIVERED,2026-08-07T10:27:20.247341,2026-08-13T10:27:20.247341,2026-08-15T10:27:20.247341,"{""shipment_id"": ""SHP-000229"", ""carrier"": ""FedEx Express Air"", ""status"": ""DELIVERED""}"
SHP-000230,ORD-000230,WH-AU-001,USA,USA,UPS Supply Chain,Air Freight,IN_TRANSIT,2026-08-05T18:27:20.247341,2026-08-08T18:27:20.247341,,"{""shipment_id"": ""SHP-000230"", ""carrier"": ""UPS Supply Chain"", ""status"": ""IN_TRANSIT""}"
SHP-000231,ORD-000231,WH-AP-002,USA,USA,DB Schenker,Sea Freight,DELAYED,2026-08-25T06:27:20.247341,2026-09-03T06:27:20.247341,,"{""shipment_id"": ""SHP-000231"", ""carrier"": ""DB Schenker"", ""status"": ""DELAYED""}"
SHP-000232,ORD-000232,WH-EU-002,Japan,Japan,Kuehne + Nagel,Sea Freight,DELAYED,2026-07-22T23:27:20.247341,2026-07-28T23:27:20.247341,,"{""shipment_id"": ""SHP-000232"", ""carrier"": ""Kuehne + Nagel"", ""status"": ""DELAYED""}"
SHP-000233,ORD-000233,WH-AP-002,Australia,Australia,Cosco Shipping,Rail Express,DELIVERED,2026-08-29T20:27:20.247341,2026-09-07T20:27:20.247341,2026-09-07T20:27:20.247341,"{""shipment_id"": ""SHP-000233"", ""carrier"": ""Cosco Shipping"", ""status"": ""DELIVERED""}"
SHP-000234,ORD-000234,WH-AU-001,USA,USA,FedEx Express Air,Road Truckload,IN_TRANSIT,2026-08-30T15:27:20.247341,2026-09-07T15:27:20.247341,,"{""shipment_id"": ""SHP-000234"", ""carrier"": ""FedEx Express Air"", ""status"": ""IN_TRANSIT""}"
SHP-000235,ORD-000235,WH-AU-001,USA,USA,FedEx Express Air,Sea Freight,DELIVERED,2026-08-05T20:27:20.247341,2026-08-15T20:27:20.247341,2026-08-16T20:27:20.247341,"{""shipment_id"": ""SHP-000235"", ""carrier"": ""FedEx Express Air"", ""status"": ""DELIVERED""}"
SHP-000236,ORD-000236,WH-US-001,USA,USA,FedEx Express Air,Rail Express,IN_TRANSIT,2026-08-19T19:27:20.247341,2026-08-27T19:27:20.247341,,"{""shipment_id"": ""SHP-000236"", ""carrier"": ""FedEx Express Air"", ""status"": ""IN_TRANSIT""}"
SHP-000237,ORD-000237,WH-US-002,USA,USA,Kuehne + Nagel,Rail Express,DELAYED,2026-08-16T01:27:20.247341,2026-08-21T01:27:20.247341,,"{""shipment_id"": ""SHP-000237"", ""carrier"": ""Kuehne + Nagel"", ""status"": ""DELAYED""}"
SHP-000238,ORD-000238,WH-EU-002,USA,USA,Maersk Ocean,Rail Express,DELIVERED,2026-08-05T06:27:20.247341,2026-08-14T06:27:20.247341,2026-08-14T06:27:20.247341,"{""shipment_id"": ""SHP-000238"", ""carrier"": ""Maersk Ocean"", ""status"": ""DELIVERED""}"
SHP-000239,ORD-000239,WH-EU-001,USA,USA,Kuehne + Nagel,Rail Express,IN_TRANSIT,2026-08-23T14:27:20.247341,2026-09-02T14:27:20.247341,,"{""shipment_id"": ""SHP-000239"", ""carrier"": ""Kuehne + Nagel"", ""status"": ""IN_TRANSIT""}"
SHP-000240,ORD-000240,WH-AP-001,Japan,Japan,Kuehne + Nagel,Air Freight,DELIVERED,2026-07-19T06:27:20.247341,2026-07-22T06:27:20.247341,2026-07-22T06:27:20.247341,"{""shipment_id"": ""SHP-000240"", ""carrier"": ""Kuehne + Nagel"", ""status"": ""DELIVERED""}"
SHP-000241,ORD-000241,WH-AU-001,USA,USA,Cosco Shipping,Road Truckload,DELIVERED,2026-07-24T12:27:20.247341,2026-08-02T12:27:20.247341,2026-08-02T12:27:20.247341,"{""shipment_id"": ""SHP-000241"", ""carrier"": ""Cosco Shipping"", ""status"": ""DELIVERED""}"
SHP-000242,ORD-000242,WH-US-001,USA,USA,FedEx Express Air,Sea Freight,DELIVERED,2026-08-06T09:27:20.247341,2026-08-14T09:27:20.247341,2026-08-14T21:27:20.247341,"{""shipment_id"": ""SHP-000242"", ""carrier"": ""FedEx Express Air"", ""status"": ""DELIVERED""}"
SHP-000243,ORD-000243,WH-SA-001,Japan,Japan,Kuehne + Nagel,Rail Express,IN_TRANSIT,2026-09-01T01:27:20.247341,2026-09-09T01:27:20.247341,,"{""shipment_id"": ""SHP-000243"", ""carrier"": ""Kuehne + Nagel"", ""status"": ""IN_TRANSIT""}"
SHP-000244,ORD-000244,WH-AP-001,USA,USA,Kuehne + Nagel,Rail Express,DELIVERED,2026-07-27T02:27:20.247341,2026-08-01T02:27:20.247341,2026-08-02T02:27:20.247341,"{""shipment_id"": ""SHP-000244"", ""carrier"": ""Kuehne + Nagel"", ""status"": ""DELIVERED""}"
SHP-000245,ORD-000245,WH-AP-001,Switzerland,Switzerland,Cosco Shipping,Rail Express,DELIVERED,2026-08-15T20:27:20.247341,2026-08-20T20:27:20.247341,2026-08-20T20:27:20.247341,"{""shipment_id"": ""SHP-000245"", ""carrier"": ""Cosco Shipping"", ""status"": ""DELIVERED""}"
SHP-000246,ORD-000246,WH-AU-001,Japan,Japan,Maersk Ocean,Rail Express,DELIVERED,2026-08-01T02:27:20.247341,2026-08-04T02:27:20.247341,2026-08-06T02:27:20.247341,"{""shipment_id"": ""SHP-000246"", ""carrier"": ""Maersk Ocean"", ""status"": ""DELIVERED""}"
SHP-000247,ORD-000247,WH-AP-002,USA,USA,Kuehne + Nagel,Road Truckload,CUSTOMS_HOLD,2026-08-23T11:27:20.247341,2026-08-28T11:27:20.247341,,"{""shipment_id"": ""SHP-000247"", ""carrier"": ""Kuehne + Nagel"", ""status"": ""CUSTOMS_HOLD""}"
SHP-000248,ORD-000248,WH-AP-003,USA,USA,FedEx Express Air,Rail Express,IN_TRANSIT,2026-08-10T14:27:20.247341,2026-08-19T14:27:20.247341,,"{""shipment_id"": ""SHP-000248"", ""carrier"": ""FedEx Express Air"", ""status"": ""IN_TRANSIT""}"
SHP-000249,ORD-000249,WH-EU-002,Switzerland,Switzerland,UPS Supply Chain,Sea Freight,DELAYED,2026-08-27T01:27:20.247341,2026-08-30T01:27:20.247341,,"{""shipment_id"": ""SHP-000249"", ""carrier"": ""UPS Supply Chain"", ""status"": ""DELAYED""}"
SHP-000250,ORD-000250,WH-SA-001,USA,USA,Cosco Shipping,Sea Freight,DELIVERED,2026-08-04T00:27:20.247341,2026-08-12T00:27:20.247341,2026-08-12T00:27:20.247341,"{""shipment_id"": ""SHP-000250"", ""carrier"": ""Cosco Shipping"", ""status"": ""DELIVERED""}"
SHP-000251,ORD-000251,WH-ME-001,Japan,Japan,DHL Supply Chain,Sea Freight,IN_TRANSIT,2026-08-25T13:27:20.247341,2026-09-01T13:27:20.247341,,"{""shipment_id"": ""SHP-000251"", ""carrier"": ""DHL Supply Chain"", ""status"": ""IN_TRANSIT""}"
SHP-000252,ORD-000252,WH-EU-002,USA,USA,FedEx Express Air,Sea Freight,DELIVERED,2026-07-26T19:27:20.247341,2026-08-02T19:27:20.247341,2026-08-02T19:27:20.247341,"{""shipment_id"": ""SHP-000252"", ""carrier"": ""FedEx Express Air"", ""status"": ""DELIVERED""}"
SHP-000253,ORD-000253,WH-EU-002,USA,USA,UPS Supply Chain,Rail Express,IN_TRANSIT,2026-09-02T12:27:20.247341,2026-09-07T12:27:20.247341,,"{""shipment_id"": ""SHP-000253"", ""carrier"": ""UPS Supply Chain"", ""status"": ""IN_TRANSIT""}"
SHP-000254,ORD-000254,WH-US-002,Japan,Japan,FedEx Express Air,Air Freight,DELAYED,2026-08-05T01:27:20.247341,2026-08-11T01:27:20.247341,,"{""shipment_id"": ""SHP-000254"", ""carrier"": ""FedEx Express Air"", ""status"": ""DELAYED""}"
SHP-000255,ORD-000255,WH-AU-001,UK,UK,Maersk Ocean,Road Truckload,DELIVERED,2026-08-15T09:27:20.247341,2026-08-20T09:27:20.247341,2026-08-20T09:27:20.247341,"{""shipment_id"": ""SHP-000255"", ""carrier"": ""Maersk Ocean"", ""status"": ""DELIVERED""}"
SHP-000256,ORD-000256,WH-AP-003,USA,USA,Maersk Ocean,Road Truckload,DELIVERED,2026-07-25T11:27:20.247341,2026-08-03T11:27:20.247341,2026-08-03T11:27:20.247341,"{""shipment_id"": ""SHP-000256"", ""carrier"": ""Maersk Ocean"", ""status"": ""DELIVERED""}"
SHP-000257,ORD-000257,WH-AU-001,Australia,Australia,Cosco Shipping,Rail Express,DELAYED,2026-08-14T14:27:20.247341,2026-08-22T14:27:20.247341,,"{""shipment_id"": ""SHP-000257"", ""carrier"": ""Cosco Shipping"", ""status"": ""DELAYED""}"
SHP-000258,ORD-000258,WH-SA-001,Taiwan,Taiwan,Kuehne + Nagel,Sea Freight,DELIVERED,2026-08-16T18:27:20.247341,2026-08-21T18:27:20.247341,2026-08-23T18:27:20.247341,"{""shipment_id"": ""SHP-000258"", ""carrier"": ""Kuehne + Nagel"", ""status"": ""DELIVERED""}"
SHP-000259,ORD-000259,WH-US-001,Switzerland,Switzerland,Kuehne + Nagel,Road Truckload,DELIVERED,2026-08-05T19:27:20.247341,2026-08-12T19:27:20.247341,2026-08-13T19:27:20.247341,"{""shipment_id"": ""SHP-000259"", ""carrier"": ""Kuehne + Nagel"", ""status"": ""DELIVERED""}"
SHP-000260,ORD-000260,WH-EU-001,Switzerland,Switzerland,Cosco Shipping,Air Freight,DELIVERED,2026-08-23T09:27:20.247341,2026-08-26T09:27:20.247341,2026-08-27T09:27:20.247341,"{""shipment_id"": ""SHP-000260"", ""carrier"": ""Cosco Shipping"", ""status"": ""DELIVERED""}"
SHP-000261,ORD-000261,WH-AP-003,UK,UK,Maersk Ocean,Rail Express,IN_TRANSIT,2026-08-22T06:27:20.247341,2026-08-28T06:27:20.247341,,"{""shipment_id"": ""SHP-000261"", ""carrier"": ""Maersk Ocean"", ""status"": ""IN_TRANSIT""}"
SHP-000262,ORD-000262,WH-US-002,Germany,Germany,DHL Supply Chain,Air Freight,DELIVERED,2026-07-24T14:27:20.247341,2026-07-29T14:27:20.247341,2026-07-30T14:27:20.247341,"{""shipment_id"": ""SHP-000262"", ""carrier"": ""DHL Supply Chain"", ""status"": ""DELIVERED""}"
SHP-000263,ORD-000263,WH-EU-001,Taiwan,Taiwan,Cosco Shipping,Road Truckload,IN_TRANSIT,2026-08-08T13:27:20.247341,2026-08-18T13:27:20.247341,,"{""shipment_id"": ""SHP-000263"", ""carrier"": ""Cosco Shipping"", ""status"": ""IN_TRANSIT""}"
SHP-000264,ORD-000264,WH-AP-002,UK,UK,UPS Supply Chain,Road Truckload,IN_TRANSIT,2026-08-02T11:27:20.247341,2026-08-09T11:27:20.247341,,"{""shipment_id"": ""SHP-000264"", ""carrier"": ""UPS Supply Chain"", ""status"": ""IN_TRANSIT""}"
SHP-000265,ORD-000265,WH-US-002,Switzerland,Switzerland,DHL Supply Chain,Air Freight,DELAYED,2026-08-29T08:27:20.247341,2026-09-05T08:27:20.247341,,"{""shipment_id"": ""SHP-000265"", ""carrier"": ""DHL Supply Chain"", ""status"": ""DELAYED""}"
SHP-000266,ORD-000266,WH-SA-001,Taiwan,Taiwan,FedEx Express Air,Road Truckload,DELIVERED,2026-08-10T10:27:20.247341,2026-08-19T10:27:20.247341,2026-08-20T10:27:20.247341,"{""shipment_id"": ""SHP-000266"", ""carrier"": ""FedEx Express Air"", ""status"": ""DELIVERED""}"
SHP-000267,ORD-000267,WH-AP-002,USA,USA,Kuehne + Nagel,Road Truckload,DELIVERED,2026-08-20T23:27:20.247341,2026-08-26T23:27:20.247341,2026-08-28T23:27:20.247341,"{""shipment_id"": ""SHP-000267"", ""carrier"": ""Kuehne + Nagel"", ""status"": ""DELIVERED""}"
SHP-000268,ORD-000268,WH-AP-003,Switzerland,Switzerland,DB Schenker,Road Truckload,DELIVERED,2026-08-06T21:27:20.247341,2026-08-09T21:27:20.247341,2026-08-09T21:27:20.247341,"{""shipment_id"": ""SHP-000268"", ""carrier"": ""DB Schenker"", ""status"": ""DELIVERED""}"
SHP-000269,ORD-000269,WH-AP-002,USA,USA,Cosco Shipping,Sea Freight,DELIVERED,2026-08-02T01:27:20.247341,2026-08-05T01:27:20.247341,2026-08-05T01:27:20.247341,"{""shipment_id"": ""SHP-000269"", ""carrier"": ""Cosco Shipping"", ""status"": ""DELIVERED""}"
SHP-000270,ORD-000270,WH-AP-002,USA,USA,Kuehne + Nagel,Road Truckload,DELAYED,2026-09-01T19:27:20.247341,2026-09-06T19:27:20.247341,,"{""shipment_id"": ""SHP-000270"", ""carrier"": ""Kuehne + Nagel"", ""status"": ""DELAYED""}"
SHP-000271,ORD-000271,WH-EU-002,Japan,Japan,Cosco Shipping,Air Freight,CUSTOMS_HOLD,2026-07-25T07:27:20.247341,2026-07-29T07:27:20.247341,,"{""shipment_id"": ""SHP-000271"", ""carrier"": ""Cosco Shipping"", ""status"": ""CUSTOMS_HOLD""}"
SHP-000272,ORD-000272,WH-AU-001,Switzerland,Switzerland,Cosco Shipping,Air Freight,IN_TRANSIT,2026-08-19T19:27:20.247341,2026-08-23T19:27:20.247341,,"{""shipment_id"": ""SHP-000272"", ""carrier"": ""Cosco Shipping"", ""status"": ""IN_TRANSIT""}"
SHP-000273,ORD-000273,WH-ME-001,USA,USA,DHL Supply Chain,Air Freight,DELIVERED,2026-07-28T08:27:20.247341,2026-08-07T08:27:20.247341,2026-08-07T08:27:20.247341,"{""shipment_id"": ""SHP-000273"", ""carrier"": ""DHL Supply Chain"", ""status"": ""DELIVERED""}"
SHP-000274,ORD-000274,WH-AP-002,Japan,Japan,Cosco Shipping,Rail Express,IN_TRANSIT,2026-08-24T13:27:20.247341,2026-08-30T13:27:20.247341,,"{""shipment_id"": ""SHP-000274"", ""carrier"": ""Cosco Shipping"", ""status"": ""IN_TRANSIT""}"
SHP-000275,ORD-000275,WH-ME-001,Japan,Japan,Maersk Ocean,Sea Freight,IN_TRANSIT,2026-08-09T10:27:20.247341,2026-08-12T10:27:20.247341,,"{""shipment_id"": ""SHP-000275"", ""carrier"": ""Maersk Ocean"", ""status"": ""IN_TRANSIT""}"
SHP-000276,ORD-000276,WH-AP-002,Australia,Australia,UPS Supply Chain,Rail Express,DELIVERED,2026-08-04T23:27:20.247341,2026-08-11T23:27:20.247341,2026-08-12T11:27:20.247341,"{""shipment_id"": ""SHP-000276"", ""carrier"": ""UPS Supply Chain"", ""status"": ""DELIVERED""}"
SHP-000277,ORD-000277,WH-EU-001,USA,USA,DHL Supply Chain,Road Truckload,DELAYED,2026-08-24T23:27:20.247341,2026-09-01T23:27:20.247341,,"{""shipment_id"": ""SHP-000277"", ""carrier"": ""DHL Supply Chain"", ""status"": ""DELAYED""}"
SHP-000278,ORD-000278,WH-AP-001,Switzerland,Switzerland,UPS Supply Chain,Sea Freight,DELIVERED,2026-08-12T10:27:20.247341,2026-08-22T10:27:20.247341,2026-08-22T10:27:20.247341,"{""shipment_id"": ""SHP-000278"", ""carrier"": ""UPS Supply Chain"", ""status"": ""DELIVERED""}"
SHP-000279,ORD-000279,WH-US-001,UK,UK,Cosco Shipping,Rail Express,DELAYED,2026-08-20T12:27:20.247341,2026-08-25T12:27:20.247341,,"{""shipment_id"": ""SHP-000279"", ""carrier"": ""Cosco Shipping"", ""status"": ""DELAYED""}"
SHP-000280,ORD-000280,WH-EU-001,Japan,Japan,DB Schenker,Air Freight,DELIVERED,2026-07-29T17:27:20.247341,2026-08-03T17:27:20.247341,2026-08-03T17:27:20.247341,"{""shipment_id"": ""SHP-000280"", ""carrier"": ""DB Schenker"", ""status"": ""DELIVERED""}"
SHP-000281,ORD-000281,WH-AP-003,USA,USA,Maersk Ocean,Air Freight,DELAYED,2026-08-31T12:27:20.247341,2026-09-06T12:27:20.247341,,"{""shipment_id"": ""SHP-000281"", ""carrier"": ""Maersk Ocean"", ""status"": ""DELAYED""}"
SHP-000282,ORD-000282,WH-US-002,Switzerland,Switzerland,DHL Supply Chain,Air Freight,IN_TRANSIT,2026-08-18T07:27:20.247341,2026-08-23T07:27:20.247341,,"{""shipment_id"": ""SHP-000282"", ""carrier"": ""DHL Supply Chain"", ""status"": ""IN_TRANSIT""}"
SHP-000283,ORD-000283,WH-US-001,USA,USA,UPS Supply Chain,Air Freight,DELIVERED,2026-08-04T12:27:20.247341,2026-08-10T12:27:20.247341,2026-08-10T12:27:20.247341,"{""shipment_id"": ""SHP-000283"", ""carrier"": ""UPS Supply Chain"", ""status"": ""DELIVERED""}"
SHP-000284,ORD-000284,WH-EU-001,Japan,Japan,FedEx Express Air,Air Freight,DELAYED,2026-07-24T07:27:20.247341,2026-07-28T07:27:20.247341,,"{""shipment_id"": ""SHP-000284"", ""carrier"": ""FedEx Express Air"", ""status"": ""DELAYED""}"
SHP-000285,ORD-000285,WH-US-002,Switzerland,Switzerland,DHL Supply Chain,Air Freight,DELIVERED,2026-08-01T15:27:20.247341,2026-08-09T15:27:20.247341,2026-08-09T15:27:20.247341,"{""shipment_id"": ""SHP-000285"", ""carrier"": ""DHL Supply Chain"", ""status"": ""DELIVERED""}"
SHP-000286,ORD-000286,WH-ME-001,USA,USA,FedEx Express Air,Air Freight,DELIVERED,2026-08-23T14:27:20.247341,2026-08-30T14:27:20.247341,2026-08-30T14:27:20.247341,"{""shipment_id"": ""SHP-000286"", ""carrier"": ""FedEx Express Air"", ""status"": ""DELIVERED""}"
SHP-000287,ORD-000287,WH-AP-002,USA,USA,DHL Supply Chain,Air Freight,IN_TRANSIT,2026-08-29T20:27:20.247341,2026-09-02T20:27:20.247341,,"{""shipment_id"": ""SHP-000287"", ""carrier"": ""DHL Supply Chain"", ""status"": ""IN_TRANSIT""}"
SHP-000288,ORD-000288,WH-US-002,Australia,Australia,FedEx Express Air,Sea Freight,IN_TRANSIT,2026-07-27T21:27:20.247341,2026-08-03T21:27:20.247341,,"{""shipment_id"": ""SHP-000288"", ""carrier"": ""FedEx Express Air"", ""status"": ""IN_TRANSIT""}"
SHP-000289,ORD-000289,WH-US-002,USA,USA,Cosco Shipping,Road Truckload,DELIVERED,2026-07-21T09:27:20.247341,2026-07-27T09:27:20.247341,2026-07-27T09:27:20.247341,"{""shipment_id"": ""SHP-000289"", ""carrier"": ""Cosco Shipping"", ""status"": ""DELIVERED""}"
SHP-000290,ORD-000290,WH-AP-001,Japan,Japan,FedEx Express Air,Air Freight,DELIVERED,2026-08-14T08:27:20.247341,2026-08-24T08:27:20.247341,2026-08-24T20:27:20.247341,"{""shipment_id"": ""SHP-000290"", ""carrier"": ""FedEx Express Air"", ""status"": ""DELIVERED""}"
SHP-000291,ORD-000291,WH-US-001,USA,USA,DB Schenker,Sea Freight,IN_TRANSIT,2026-08-09T06:27:20.247341,2026-08-18T06:27:20.247341,,"{""shipment_id"": ""SHP-000291"", ""carrier"": ""DB Schenker"", ""status"": ""IN_TRANSIT""}"
SHP-000292,ORD-000292,WH-AP-002,Switzerland,Switzerland,DB Schenker,Rail Express,DELIVERED,2026-08-19T16:27:20.247341,2026-08-23T16:27:20.247341,2026-08-24T16:27:20.247341,"{""shipment_id"": ""SHP-000292"", ""carrier"": ""DB Schenker"", ""status"": ""DELIVERED""}"
SHP-000293,ORD-000293,WH-EU-001,Japan,Japan,Kuehne + Nagel,Sea Freight,DELIVERED,2026-08-11T00:27:20.247341,2026-08-15T00:27:20.247341,2026-08-16T00:27:20.247341,"{""shipment_id"": ""SHP-000293"", ""carrier"": ""Kuehne + Nagel"", ""status"": ""DELIVERED""}"
SHP-000294,ORD-000294,WH-SA-001,USA,USA,DHL Supply Chain,Rail Express,CUSTOMS_HOLD,2026-08-22T02:27:20.247341,2026-08-30T02:27:20.247341,,"{""shipment_id"": ""SHP-000294"", ""carrier"": ""DHL Supply Chain"", ""status"": ""CUSTOMS_HOLD""}"
SHP-000295,ORD-000295,WH-AP-001,UK,UK,DHL Supply Chain,Rail Express,DELIVERED,2026-07-30T13:27:20.247341,2026-08-02T13:27:20.247341,2026-08-04T13:27:20.247341,"{""shipment_id"": ""SHP-000295"", ""carrier"": ""DHL Supply Chain"", ""status"": ""DELIVERED""}"
SHP-000296,ORD-000296,WH-EU-002,USA,USA,DHL Supply Chain,Sea Freight,DELIVERED,2026-08-02T14:27:20.247341,2026-08-09T14:27:20.247341,2026-08-09T14:27:20.247341,"{""shipment_id"": ""SHP-000296"", ""carrier"": ""DHL Supply Chain"", ""status"": ""DELIVERED""}"
SHP-000297,ORD-000297,WH-AP-003,Germany,Germany,Cosco Shipping,Road Truckload,DELAYED,2026-07-27T21:27:20.247341,2026-08-01T21:27:20.247341,,"{""shipment_id"": ""SHP-000297"", ""carrier"": ""Cosco Shipping"", ""status"": ""DELAYED""}"
SHP-000298,ORD-000298,WH-AP-001,USA,USA,Maersk Ocean,Sea Freight,IN_TRANSIT,2026-08-14T09:27:20.247341,2026-08-23T09:27:20.247341,,"{""shipment_id"": ""SHP-000298"", ""carrier"": ""Maersk Ocean"", ""status"": ""IN_TRANSIT""}"
SHP-000299,ORD-000299,WH-ME-001,Taiwan,Taiwan,DB Schenker,Air Freight,IN_TRANSIT,2026-08-29T19:27:20.247341,2026-09-05T19:27:20.247341,,"{""shipment_id"": ""SHP-000299"", ""carrier"": ""DB Schenker"", ""status"": ""IN_TRANSIT""}"
SHP-000300,ORD-000300,WH-AU-001,Germany,Germany,FedEx Express Air,Air Freight,DELIVERED,2026-08-11T15:27:20.247341,2026-08-20T15:27:20.247341,2026-08-20T15:27:20.247341,"{""shipment_id"": ""SHP-000300"", ""carrier"": ""FedEx Express Air"", ""status"": ""DELIVERED""}"
SHP-000301,ORD-000301,WH-AU-001,Japan,Japan,DHL Supply Chain,Air Freight,CUSTOMS_HOLD,2026-08-01T23:27:20.247341,2026-08-04T23:27:20.247341,,"{""shipment_id"": ""SHP-000301"", ""carrier"": ""DHL Supply Chain"", ""status"": ""CUSTOMS_HOLD""}"
SHP-000302,ORD-000302,WH-AP-001,USA,USA,Cosco Shipping,Road Truckload,DELIVERED,2026-08-22T06:27:20.247341,2026-08-30T06:27:20.247341,2026-08-30T18:27:20.247341,"{""shipment_id"": ""SHP-000302"", ""carrier"": ""Cosco Shipping"", ""status"": ""DELIVERED""}"
SHP-000303,ORD-000303,WH-AP-001,Japan,Japan,UPS Supply Chain,Road Truckload,DELIVERED,2026-08-15T21:27:20.247341,2026-08-23T21:27:20.247341,2026-08-23T21:27:20.247341,"{""shipment_id"": ""SHP-000303"", ""carrier"": ""UPS Supply Chain"", ""status"": ""DELIVERED""}"
SHP-000304,ORD-000304,WH-AP-001,Switzerland,Switzerland,DB Schenker,Road Truckload,CUSTOMS_HOLD,2026-08-07T13:27:20.247341,2026-08-15T13:27:20.247341,,"{""shipment_id"": ""SHP-000304"", ""carrier"": ""DB Schenker"", ""status"": ""CUSTOMS_HOLD""}"
SHP-000305,ORD-000305,WH-US-002,USA,USA,Maersk Ocean,Road Truckload,DELAYED,2026-08-28T14:27:20.247341,2026-09-07T14:27:20.247341,,"{""shipment_id"": ""SHP-000305"", ""carrier"": ""Maersk Ocean"", ""status"": ""DELAYED""}"
SHP-000306,ORD-000306,WH-EU-002,USA,USA,Maersk Ocean,Sea Freight,DELIVERED,2026-07-22T14:27:20.247341,2026-07-25T14:27:20.247341,2026-07-25T14:27:20.247341,"{""shipment_id"": ""SHP-000306"", ""carrier"": ""Maersk Ocean"", ""status"": ""DELIVERED""}"
SHP-000307,ORD-000307,WH-AP-003,USA,USA,FedEx Express Air,Sea Freight,DELIVERED,2026-08-23T19:27:20.247341,2026-08-31T19:27:20.247341,2026-08-31T19:27:20.247341,"{""shipment_id"": ""SHP-000307"", ""carrier"": ""FedEx Express Air"", ""status"": ""DELIVERED""}"
SHP-000308,ORD-000308,WH-EU-002,Japan,Japan,Maersk Ocean,Air Freight,IN_TRANSIT,2026-08-02T23:27:20.247341,2026-08-06T23:27:20.247341,,"{""shipment_id"": ""SHP-000308"", ""carrier"": ""Maersk Ocean"", ""status"": ""IN_TRANSIT""}"
SHP-000309,ORD-000309,WH-AU-001,Switzerland,Switzerland,DB Schenker,Air Freight,DELAYED,2026-08-03T10:27:20.247341,2026-08-12T10:27:20.247341,,"{""shipment_id"": ""SHP-000309"", ""carrier"": ""DB Schenker"", ""status"": ""DELAYED""}"
SHP-000310,ORD-000310,WH-AP-002,USA,USA,Cosco Shipping,Air Freight,DELIVERED,2026-08-26T02:27:20.247341,2026-08-31T02:27:20.247341,2026-09-01T02:27:20.247341,"{""shipment_id"": ""SHP-000310"", ""carrier"": ""Cosco Shipping"", ""status"": ""DELIVERED""}"
SHP-000311,ORD-000311,WH-SA-001,Germany,Germany,Cosco Shipping,Rail Express,DELIVERED,2026-08-05T16:27:20.247341,2026-08-13T16:27:20.247341,2026-08-13T16:27:20.247341,"{""shipment_id"": ""SHP-000311"", ""carrier"": ""Cosco Shipping"", ""status"": ""DELIVERED""}"
SHP-000312,ORD-000312,WH-US-001,Japan,Japan,Cosco Shipping,Sea Freight,DELIVERED,2026-08-19T09:27:20.247341,2026-08-23T09:27:20.247341,2026-08-23T09:27:20.247341,"{""shipment_id"": ""SHP-000312"", ""carrier"": ""Cosco Shipping"", ""status"": ""DELIVERED""}"
SHP-000313,ORD-000313,WH-EU-002,UK,UK,Cosco Shipping,Sea Freight,DELIVERED,2026-08-31T11:27:20.247341,2026-09-10T11:27:20.247341,2026-09-10T23:27:20.247341,"{""shipment_id"": ""SHP-000313"", ""carrier"": ""Cosco Shipping"", ""status"": ""DELIVERED""}"
SHP-000314,ORD-000314,WH-AP-001,Japan,Japan,DHL Supply Chain,Rail Express,DELIVERED,2026-08-30T03:27:20.247341,2026-09-03T03:27:20.247341,2026-09-03T03:27:20.247341,"{""shipment_id"": ""SHP-000314"", ""carrier"": ""DHL Supply Chain"", ""status"": ""DELIVERED""}"
SHP-000315,ORD-000315,WH-AP-002,USA,USA,Cosco Shipping,Rail Express,DELIVERED,2026-08-30T22:27:20.247341,2026-09-06T22:27:20.247341,2026-09-06T22:27:20.247341,"{""shipment_id"": ""SHP-000315"", ""carrier"": ""Cosco Shipping"", ""status"": ""DELIVERED""}"
SHP-000316,ORD-000316,WH-AU-001,Taiwan,Taiwan,Maersk Ocean,Air Freight,DELIVERED,2026-08-01T13:27:20.247341,2026-08-08T13:27:20.247341,2026-08-08T13:27:20.247341,"{""shipment_id"": ""SHP-000316"", ""carrier"": ""Maersk Ocean"", ""status"": ""DELIVERED""}"
SHP-000317,ORD-000317,WH-AP-002,Japan,Japan,Kuehne + Nagel,Road Truckload,DELIVERED,2026-07-21T01:27:20.247341,2026-07-27T01:27:20.247341,2026-07-27T01:27:20.247341,"{""shipment_id"": ""SHP-000317"", ""carrier"": ""Kuehne + Nagel"", ""status"": ""DELIVERED""}"
SHP-000318,ORD-000318,WH-SA-001,Germany,Germany,Maersk Ocean,Air Freight,DELIVERED,2026-07-26T08:27:20.247341,2026-08-04T08:27:20.247341,2026-08-04T08:27:20.247341,"{""shipment_id"": ""SHP-000318"", ""carrier"": ""Maersk Ocean"", ""status"": ""DELIVERED""}"
SHP-000319,ORD-000319,WH-AP-002,Germany,Germany,DHL Supply Chain,Rail Express,DELIVERED,2026-08-24T01:27:20.247341,2026-08-28T01:27:20.247341,2026-08-28T13:27:20.247341,"{""shipment_id"": ""SHP-000319"", ""carrier"": ""DHL Supply Chain"", ""status"": ""DELIVERED""}"
SHP-000320,ORD-000320,WH-AP-003,Japan,Japan,DB Schenker,Road Truckload,IN_TRANSIT,2026-07-29T17:27:20.247341,2026-08-07T17:27:20.247341,,"{""shipment_id"": ""SHP-000320"", ""carrier"": ""DB Schenker"", ""status"": ""IN_TRANSIT""}"
SHP-000321,ORD-000321,WH-EU-002,USA,USA,Cosco Shipping,Road Truckload,DELIVERED,2026-07-27T20:27:20.247341,2026-08-02T20:27:20.247341,2026-08-04T20:27:20.247341,"{""shipment_id"": ""SHP-000321"", ""carrier"": ""Cosco Shipping"", ""status"": ""DELIVERED""}"
SHP-000322,ORD-000322,WH-ME-001,Taiwan,Taiwan,DHL Supply Chain,Air Freight,DELAYED,2026-08-13T01:27:20.247341,2026-08-17T01:27:20.247341,,"{""shipment_id"": ""SHP-000322"", ""carrier"": ""DHL Supply Chain"", ""status"": ""DELAYED""}"
SHP-000323,ORD-000323,WH-EU-001,UK,UK,UPS Supply Chain,Rail Express,DELIVERED,2026-07-25T03:27:20.247341,2026-07-28T03:27:20.247341,2026-07-28T03:27:20.247341,"{""shipment_id"": ""SHP-000323"", ""carrier"": ""UPS Supply Chain"", ""status"": ""DELIVERED""}"
SHP-000324,ORD-000324,WH-ME-001,USA,USA,DHL Supply Chain,Rail Express,DELIVERED,2026-08-09T23:27:20.247341,2026-08-14T23:27:20.247341,2026-08-14T23:27:20.247341,"{""shipment_id"": ""SHP-000324"", ""carrier"": ""DHL Supply Chain"", ""status"": ""DELIVERED""}"
SHP-000325,ORD-000325,WH-AP-003,Germany,Germany,Cosco Shipping,Road Truckload,DELIVERED,2026-08-23T23:27:20.247341,2026-08-30T23:27:20.247341,2026-08-30T23:27:20.247341,"{""shipment_id"": ""SHP-000325"", ""carrier"": ""Cosco Shipping"", ""status"": ""DELIVERED""}"
SHP-000326,ORD-000326,WH-ME-001,Germany,Germany,Kuehne + Nagel,Rail Express,DELIVERED,2026-08-02T05:27:20.247341,2026-08-05T05:27:20.247341,2026-08-05T05:27:20.247341,"{""shipment_id"": ""SHP-000326"", ""carrier"": ""Kuehne + Nagel"", ""status"": ""DELIVERED""}"
SHP-000327,ORD-000327,WH-US-002,USA,USA,UPS Supply Chain,Air Freight,IN_TRANSIT,2026-08-19T14:27:20.247341,2026-08-29T14:27:20.247341,,"{""shipment_id"": ""SHP-000327"", ""carrier"": ""UPS Supply Chain"", ""status"": ""IN_TRANSIT""}"
SHP-000328,ORD-000328,WH-SA-001,Japan,Japan,UPS Supply Chain,Air Freight,IN_TRANSIT,2026-07-26T18:27:20.247341,2026-07-31T18:27:20.247341,,"{""shipment_id"": ""SHP-000328"", ""carrier"": ""UPS Supply Chain"", ""status"": ""IN_TRANSIT""}"
SHP-000329,ORD-000329,WH-ME-001,Germany,Germany,Maersk Ocean,Road Truckload,DELAYED,2026-07-23T15:27:20.247341,2026-07-30T15:27:20.247341,,"{""shipment_id"": ""SHP-000329"", ""carrier"": ""Maersk Ocean"", ""status"": ""DELAYED""}"
SHP-000330,ORD-000330,WH-US-001,USA,USA,Cosco Shipping,Air Freight,IN_TRANSIT,2026-08-07T12:27:20.247341,2026-08-15T12:27:20.247341,,"{""shipment_id"": ""SHP-000330"", ""carrier"": ""Cosco Shipping"", ""status"": ""IN_TRANSIT""}"
SHP-000331,ORD-000331,WH-AP-003,USA,USA,DB Schenker,Sea Freight,DELIVERED,2026-08-14T20:27:20.247341,2026-08-20T20:27:20.247341,2026-08-21T08:27:20.247341,"{""shipment_id"": ""SHP-000331"", ""carrier"": ""DB Schenker"", ""status"": ""DELIVERED""}"
SHP-000332,ORD-000332,WH-AP-001,Australia,Australia,UPS Supply Chain,Air Freight,DELIVERED,2026-08-25T23:27:20.247341,2026-08-28T23:27:20.247341,2026-08-28T23:27:20.247341,"{""shipment_id"": ""SHP-000332"", ""carrier"": ""UPS Supply Chain"", ""status"": ""DELIVERED""}"
SHP-000333,ORD-000333,WH-SA-001,Taiwan,Taiwan,Maersk Ocean,Sea Freight,DELIVERED,2026-08-11T13:27:20.247341,2026-08-21T13:27:20.247341,2026-08-21T13:27:20.247341,"{""shipment_id"": ""SHP-000333"", ""carrier"": ""Maersk Ocean"", ""status"": ""DELIVERED""}"
SHP-000334,ORD-000334,WH-EU-002,Taiwan,Taiwan,DB Schenker,Road Truckload,IN_TRANSIT,2026-08-28T04:27:20.247341,2026-08-31T04:27:20.247341,,"{""shipment_id"": ""SHP-000334"", ""carrier"": ""DB Schenker"", ""status"": ""IN_TRANSIT""}"
SHP-000335,ORD-000335,WH-ME-001,Japan,Japan,DHL Supply Chain,Rail Express,DELIVERED,2026-08-13T08:27:20.247341,2026-08-17T08:27:20.247341,2026-08-17T08:27:20.247341,"{""shipment_id"": ""SHP-000335"", ""carrier"": ""DHL Supply Chain"", ""status"": ""DELIVERED""}"
SHP-000336,ORD-000336,WH-US-001,Japan,Japan,DHL Supply Chain,Air Freight,DELIVERED,2026-07-22T00:27:20.247341,2026-07-29T00:27:20.247341,2026-07-29T00:27:20.247341,"{""shipment_id"": ""SHP-000336"", ""carrier"": ""DHL Supply Chain"", ""status"": ""DELIVERED""}"
SHP-000337,ORD-000337,WH-AP-001,Australia,Australia,Kuehne + Nagel,Rail Express,DELAYED,2026-07-20T18:27:20.247341,2026-07-30T18:27:20.247341,,"{""shipment_id"": ""SHP-000337"", ""carrier"": ""Kuehne + Nagel"", ""status"": ""DELAYED""}"
SHP-000338,ORD-000338,WH-EU-001,UK,UK,FedEx Express Air,Sea Freight,IN_TRANSIT,2026-08-19T23:27:20.247341,2026-08-26T23:27:20.247341,,"{""shipment_id"": ""SHP-000338"", ""carrier"": ""FedEx Express Air"", ""status"": ""IN_TRANSIT""}"
SHP-000339,ORD-000339,WH-ME-001,Taiwan,Taiwan,UPS Supply Chain,Sea Freight,DELAYED,2026-08-18T12:27:20.247341,2026-08-21T12:27:20.247341,,"{""shipment_id"": ""SHP-000339"", ""carrier"": ""UPS Supply Chain"", ""status"": ""DELAYED""}"
SHP-000340,ORD-000340,WH-AP-001,USA,USA,DB Schenker,Road Truckload,DELIVERED,2026-08-06T10:27:20.247341,2026-08-15T10:27:20.247341,2026-08-15T22:27:20.247341,"{""shipment_id"": ""SHP-000340"", ""carrier"": ""DB Schenker"", ""status"": ""DELIVERED""}"
SHP-000341,ORD-000341,WH-EU-001,Germany,Germany,DHL Supply Chain,Rail Express,DELIVERED,2026-07-31T11:27:20.247341,2026-08-08T11:27:20.247341,2026-08-08T11:27:20.247341,"{""shipment_id"": ""SHP-000341"", ""carrier"": ""DHL Supply Chain"", ""status"": ""DELIVERED""}"
SHP-000342,ORD-000342,WH-EU-001,USA,USA,FedEx Express Air,Road Truckload,IN_TRANSIT,2026-07-20T10:27:20.247341,2026-07-25T10:27:20.247341,,"{""shipment_id"": ""SHP-000342"", ""carrier"": ""FedEx Express Air"", ""status"": ""IN_TRANSIT""}"
SHP-000343,ORD-000343,WH-US-002,USA,USA,UPS Supply Chain,Air Freight,DELIVERED,2026-07-23T04:27:20.247341,2026-07-28T04:27:20.247341,2026-07-28T04:27:20.247341,"{""shipment_id"": ""SHP-000343"", ""carrier"": ""UPS Supply Chain"", ""status"": ""DELIVERED""}"
SHP-000344,ORD-000344,WH-AP-001,Australia,Australia,DB Schenker,Air Freight,IN_TRANSIT,2026-07-20T21:27:20.247341,2026-07-30T21:27:20.247341,,"{""shipment_id"": ""SHP-000344"", ""carrier"": ""DB Schenker"", ""status"": ""IN_TRANSIT""}"
SHP-000345,ORD-000345,WH-US-001,USA,USA,DB Schenker,Sea Freight,DELIVERED,2026-08-18T00:27:20.247341,2026-08-24T00:27:20.247341,2026-08-25T00:27:20.247341,"{""shipment_id"": ""SHP-000345"", ""carrier"": ""DB Schenker"", ""status"": ""DELIVERED""}"
SHP-000346,ORD-000346,WH-AP-001,Switzerland,Switzerland,Cosco Shipping,Road Truckload,IN_TRANSIT,2026-08-07T02:27:20.247341,2026-08-11T02:27:20.247341,,"{""shipment_id"": ""SHP-000346"", ""carrier"": ""Cosco Shipping"", ""status"": ""IN_TRANSIT""}"
SHP-000347,ORD-000347,WH-AP-002,Japan,Japan,UPS Supply Chain,Sea Freight,IN_TRANSIT,2026-08-04T10:27:20.247341,2026-08-11T10:27:20.247341,,"{""shipment_id"": ""SHP-000347"", ""carrier"": ""UPS Supply Chain"", ""status"": ""IN_TRANSIT""}"
SHP-000348,ORD-000348,WH-EU-002,Taiwan,Taiwan,DHL Supply Chain,Sea Freight,DELAYED,2026-07-19T05:27:20.247341,2026-07-26T05:27:20.247341,,"{""shipment_id"": ""SHP-000348"", ""carrier"": ""DHL Supply Chain"", ""status"": ""DELAYED""}"
SHP-000349,ORD-000349,WH-AU-001,USA,USA,Maersk Ocean,Air Freight,DELAYED,2026-08-02T01:27:20.247341,2026-08-08T01:27:20.247341,,"{""shipment_id"": ""SHP-000349"", ""carrier"": ""Maersk Ocean"", ""status"": ""DELAYED""}"
SHP-000350,ORD-000350,WH-EU-002,Australia,Australia,FedEx Express Air,Road Truckload,DELIVERED,2026-08-02T05:27:20.247341,2026-08-07T05:27:20.247341,2026-08-07T05:27:20.247341,"{""shipment_id"": ""SHP-000350"", ""carrier"": ""FedEx Express Air"", ""status"": ""DELIVERED""}"
SHP-000351,ORD-000351,WH-AP-003,USA,USA,Kuehne + Nagel,Air Freight,IN_TRANSIT,2026-08-23T12:27:20.247341,2026-08-30T12:27:20.247341,,"{""shipment_id"": ""SHP-000351"", ""carrier"": ""Kuehne + Nagel"", ""status"": ""IN_TRANSIT""}"
SHP-000352,ORD-000352,WH-AU-001,Taiwan,Taiwan,Cosco Shipping,Air Freight,IN_TRANSIT,2026-08-21T03:27:20.247341,2026-08-28T03:27:20.247341,,"{""shipment_id"": ""SHP-000352"", ""carrier"": ""Cosco Shipping"", ""status"": ""IN_TRANSIT""}"
SHP-000353,ORD-000353,WH-US-001,Australia,Australia,UPS Supply Chain,Rail Express,CUSTOMS_HOLD,2026-08-02T09:27:20.247341,2026-08-12T09:27:20.247341,,"{""shipment_id"": ""SHP-000353"", ""carrier"": ""UPS Supply Chain"", ""status"": ""CUSTOMS_HOLD""}"
SHP-000354,ORD-000354,WH-AU-001,Japan,Japan,Cosco Shipping,Road Truckload,DELAYED,2026-08-03T08:27:20.247341,2026-08-10T08:27:20.247341,,"{""shipment_id"": ""SHP-000354"", ""carrier"": ""Cosco Shipping"", ""status"": ""DELAYED""}"
SHP-000355,ORD-000355,WH-US-002,Taiwan,Taiwan,DB Schenker,Rail Express,IN_TRANSIT,2026-08-29T11:27:20.247341,2026-09-07T11:27:20.247341,,"{""shipment_id"": ""SHP-000355"", ""carrier"": ""DB Schenker"", ""status"": ""IN_TRANSIT""}"
SHP-000356,ORD-000356,WH-AP-001,Australia,Australia,DHL Supply Chain,Air Freight,DELIVERED,2026-08-15T14:27:20.247341,2026-08-20T14:27:20.247341,2026-08-20T14:27:20.247341,"{""shipment_id"": ""SHP-000356"", ""carrier"": ""DHL Supply Chain"", ""status"": ""DELIVERED""}"
SHP-000357,ORD-000357,WH-SA-001,USA,USA,Kuehne + Nagel,Air Freight,DELIVERED,2026-08-02T03:27:20.247341,2026-08-06T03:27:20.247341,2026-08-08T03:27:20.247341,"{""shipment_id"": ""SHP-000357"", ""carrier"": ""Kuehne + Nagel"", ""status"": ""DELIVERED""}"
SHP-000358,ORD-000358,WH-AU-001,USA,USA,FedEx Express Air,Air Freight,IN_TRANSIT,2026-08-07T19:27:20.247341,2026-08-11T19:27:20.247341,,"{""shipment_id"": ""SHP-000358"", ""carrier"": ""FedEx Express Air"", ""status"": ""IN_TRANSIT""}"
SHP-000359,ORD-000359,WH-AU-001,USA,USA,FedEx Express Air,Air Freight,DELIVERED,2026-07-26T16:27:20.247341,2026-07-30T16:27:20.247341,2026-07-30T16:27:20.247341,"{""shipment_id"": ""SHP-000359"", ""carrier"": ""FedEx Express Air"", ""status"": ""DELIVERED""}"
SHP-000360,ORD-000360,WH-AP-003,Japan,Japan,UPS Supply Chain,Rail Express,IN_TRANSIT,2026-08-30T06:27:20.247341,2026-09-08T06:27:20.247341,,"{""shipment_id"": ""SHP-000360"", ""carrier"": ""UPS Supply Chain"", ""status"": ""IN_TRANSIT""}"
SHP-000361,ORD-000361,WH-SA-001,USA,USA,DB Schenker,Sea Freight,DELIVERED,2026-08-28T02:27:20.247341,2026-09-05T02:27:20.247341,2026-09-05T02:27:20.247341,"{""shipment_id"": ""SHP-000361"", ""carrier"": ""DB Schenker"", ""status"": ""DELIVERED""}"
SHP-000362,ORD-000362,WH-ME-001,USA,USA,FedEx Express Air,Sea Freight,CUSTOMS_HOLD,2026-07-26T07:27:20.247341,2026-08-02T07:27:20.247341,,"{""shipment_id"": ""SHP-000362"", ""carrier"": ""FedEx Express Air"", ""status"": ""CUSTOMS_HOLD""}"
SHP-000363,ORD-000363,WH-AP-003,Taiwan,Taiwan,FedEx Express Air,Sea Freight,DELIVERED,2026-08-10T07:27:20.247341,2026-08-20T07:27:20.247341,2026-08-20T19:27:20.247341,"{""shipment_id"": ""SHP-000363"", ""carrier"": ""FedEx Express Air"", ""status"": ""DELIVERED""}"
SHP-000364,ORD-000364,WH-US-002,Switzerland,Switzerland,Kuehne + Nagel,Air Freight,DELIVERED,2026-08-03T23:27:20.247341,2026-08-10T23:27:20.247341,2026-08-10T23:27:20.247341,"{""shipment_id"": ""SHP-000364"", ""carrier"": ""Kuehne + Nagel"", ""status"": ""DELIVERED""}"
SHP-000365,ORD-000365,WH-ME-001,USA,USA,DHL Supply Chain,Air Freight,IN_TRANSIT,2026-07-25T06:27:20.247341,2026-07-31T06:27:20.247341,,"{""shipment_id"": ""SHP-000365"", ""carrier"": ""DHL Supply Chain"", ""status"": ""IN_TRANSIT""}"
SHP-000366,ORD-000366,WH-US-002,USA,USA,Kuehne + Nagel,Road Truckload,DELIVERED,2026-08-04T04:27:20.247341,2026-08-09T04:27:20.247341,2026-08-09T04:27:20.247341,"{""shipment_id"": ""SHP-000366"", ""carrier"": ""Kuehne + Nagel"", ""status"": ""DELIVERED""}"
SHP-000367,ORD-000367,WH-AP-003,UK,UK,DHL Supply Chain,Rail Express,DELAYED,2026-08-15T09:27:20.247341,2026-08-20T09:27:20.247341,,"{""shipment_id"": ""SHP-000367"", ""carrier"": ""DHL Supply Chain"", ""status"": ""DELAYED""}"
SHP-000368,ORD-000368,WH-EU-002,UK,UK,Maersk Ocean,Rail Express,DELIVERED,2026-08-26T01:27:20.247341,2026-08-31T01:27:20.247341,2026-09-01T01:27:20.247341,"{""shipment_id"": ""SHP-000368"", ""carrier"": ""Maersk Ocean"", ""status"": ""DELIVERED""}"
SHP-000369,ORD-000369,WH-ME-001,Switzerland,Switzerland,DHL Supply Chain,Road Truckload,DELIVERED,2026-08-01T10:27:20.247341,2026-08-06T10:27:20.247341,2026-08-06T22:27:20.247341,"{""shipment_id"": ""SHP-000369"", ""carrier"": ""DHL Supply Chain"", ""status"": ""DELIVERED""}"
SHP-000370,ORD-000370,WH-SA-001,USA,USA,FedEx Express Air,Air Freight,IN_TRANSIT,2026-08-06T09:27:20.247341,2026-08-15T09:27:20.247341,,"{""shipment_id"": ""SHP-000370"", ""carrier"": ""FedEx Express Air"", ""status"": ""IN_TRANSIT""}"
SHP-000371,ORD-000371,WH-SA-001,USA,USA,UPS Supply Chain,Air Freight,DELIVERED,2026-08-29T00:27:20.247341,2026-09-04T00:27:20.247341,2026-09-04T00:27:20.247341,"{""shipment_id"": ""SHP-000371"", ""carrier"": ""UPS Supply Chain"", ""status"": ""DELIVERED""}"
SHP-000372,ORD-000372,WH-AP-003,UK,UK,FedEx Express Air,Rail Express,IN_TRANSIT,2026-08-07T10:27:20.247341,2026-08-15T10:27:20.247341,,"{""shipment_id"": ""SHP-000372"", ""carrier"": ""FedEx Express Air"", ""status"": ""IN_TRANSIT""}"
SHP-000373,ORD-000373,WH-EU-001,Japan,Japan,UPS Supply Chain,Road Truckload,DELAYED,2026-08-02T04:27:20.247341,2026-08-08T04:27:20.247341,,"{""shipment_id"": ""SHP-000373"", ""carrier"": ""UPS Supply Chain"", ""status"": ""DELAYED""}"
SHP-000374,ORD-000374,WH-AP-003,USA,USA,DB Schenker,Rail Express,IN_TRANSIT,2026-08-15T11:27:20.247341,2026-08-18T11:27:20.247341,,"{""shipment_id"": ""SHP-000374"", ""carrier"": ""DB Schenker"", ""status"": ""IN_TRANSIT""}"
SHP-000375,ORD-000375,WH-EU-001,Japan,Japan,DB Schenker,Road Truckload,IN_TRANSIT,2026-07-20T14:27:20.247341,2026-07-29T14:27:20.247341,,"{""shipment_id"": ""SHP-000375"", ""carrier"": ""DB Schenker"", ""status"": ""IN_TRANSIT""}"
SHP-000376,ORD-000376,WH-AP-002,UK,UK,FedEx Express Air,Sea Freight,DELIVERED,2026-09-01T07:27:20.247341,2026-09-11T07:27:20.247341,2026-09-11T07:27:20.247341,"{""shipment_id"": ""SHP-000376"", ""carrier"": ""FedEx Express Air"", ""status"": ""DELIVERED""}"
SHP-000377,ORD-000377,WH-US-002,USA,USA,Maersk Ocean,Sea Freight,DELIVERED,2026-07-22T02:27:20.247341,2026-08-01T02:27:20.247341,2026-08-01T14:27:20.247341,"{""shipment_id"": ""SHP-000377"", ""carrier"": ""Maersk Ocean"", ""status"": ""DELIVERED""}"
SHP-000378,ORD-000378,WH-AP-002,Switzerland,Switzerland,DB Schenker,Sea Freight,IN_TRANSIT,2026-07-31T12:27:20.247341,2026-08-04T12:27:20.247341,,"{""shipment_id"": ""SHP-000378"", ""carrier"": ""DB Schenker"", ""status"": ""IN_TRANSIT""}"
SHP-000379,ORD-000379,WH-US-002,Switzerland,Switzerland,DB Schenker,Rail Express,DELIVERED,2026-09-01T14:27:20.247341,2026-09-07T14:27:20.247341,2026-09-08T02:27:20.247341,"{""shipment_id"": ""SHP-000379"", ""carrier"": ""DB Schenker"", ""status"": ""DELIVERED""}"
SHP-000380,ORD-000380,WH-SA-001,USA,USA,UPS Supply Chain,Road Truckload,IN_TRANSIT,2026-08-14T21:27:20.247341,2026-08-23T21:27:20.247341,,"{""shipment_id"": ""SHP-000380"", ""carrier"": ""UPS Supply Chain"", ""status"": ""IN_TRANSIT""}"
SHP-000381,ORD-000381,WH-AP-003,Germany,Germany,DB Schenker,Sea Freight,IN_TRANSIT,2026-08-05T17:27:20.247341,2026-08-08T17:27:20.247341,,"{""shipment_id"": ""SHP-000381"", ""carrier"": ""DB Schenker"", ""status"": ""IN_TRANSIT""}"
SHP-000382,ORD-000382,WH-EU-001,Germany,Germany,Cosco Shipping,Air Freight,IN_TRANSIT,2026-07-26T18:27:20.247341,2026-07-31T18:27:20.247341,,"{""shipment_id"": ""SHP-000382"", ""carrier"": ""Cosco Shipping"", ""status"": ""IN_TRANSIT""}"
SHP-000383,ORD-000383,WH-SA-001,USA,USA,UPS Supply Chain,Rail Express,DELAYED,2026-07-29T02:27:20.247341,2026-08-03T02:27:20.247341,,"{""shipment_id"": ""SHP-000383"", ""carrier"": ""UPS Supply Chain"", ""status"": ""DELAYED""}"
SHP-000384,ORD-000384,WH-US-002,Australia,Australia,FedEx Express Air,Road Truckload,DELIVERED,2026-08-07T16:27:20.247341,2026-08-16T16:27:20.247341,2026-08-16T16:27:20.247341,"{""shipment_id"": ""SHP-000384"", ""carrier"": ""FedEx Express Air"", ""status"": ""DELIVERED""}"
SHP-000385,ORD-000385,WH-US-001,Australia,Australia,Maersk Ocean,Road Truckload,IN_TRANSIT,2026-08-13T10:27:20.247341,2026-08-22T10:27:20.247341,,"{""shipment_id"": ""SHP-000385"", ""carrier"": ""Maersk Ocean"", ""status"": ""IN_TRANSIT""}"
SHP-000386,ORD-000386,WH-EU-001,Japan,Japan,DB Schenker,Air Freight,DELIVERED,2026-08-04T06:27:20.247341,2026-08-14T06:27:20.247341,2026-08-14T06:27:20.247341,"{""shipment_id"": ""SHP-000386"", ""carrier"": ""DB Schenker"", ""status"": ""DELIVERED""}"
SHP-000387,ORD-000387,WH-US-002,Japan,Japan,DB Schenker,Rail Express,IN_TRANSIT,2026-08-26T03:27:20.247341,2026-08-30T03:27:20.247341,,"{""shipment_id"": ""SHP-000387"", ""carrier"": ""DB Schenker"", ""status"": ""IN_TRANSIT""}"
SHP-000388,ORD-000388,WH-EU-002,Switzerland,Switzerland,DHL Supply Chain,Rail Express,DELIVERED,2026-07-19T11:27:20.247341,2026-07-26T11:27:20.247341,2026-07-26T11:27:20.247341,"{""shipment_id"": ""SHP-000388"", ""carrier"": ""DHL Supply Chain"", ""status"": ""DELIVERED""}"
SHP-000389,ORD-000389,WH-US-002,UK,UK,Cosco Shipping,Air Freight,IN_TRANSIT,2026-08-06T10:27:20.247341,2026-08-14T10:27:20.247341,,"{""shipment_id"": ""SHP-000389"", ""carrier"": ""Cosco Shipping"", ""status"": ""IN_TRANSIT""}"
SHP-000390,ORD-000390,WH-AP-003,Germany,Germany,DB Schenker,Air Freight,DELIVERED,2026-08-29T13:27:20.247341,2026-09-04T13:27:20.247341,2026-09-05T01:27:20.247341,"{""shipment_id"": ""SHP-000390"", ""carrier"": ""DB Schenker"", ""status"": ""DELIVERED""}"
SHP-000391,ORD-000391,WH-AP-001,Taiwan,Taiwan,DB Schenker,Rail Express,DELIVERED,2026-08-09T14:27:20.247341,2026-08-16T14:27:20.247341,2026-08-16T14:27:20.247341,"{""shipment_id"": ""SHP-000391"", ""carrier"": ""DB Schenker"", ""status"": ""DELIVERED""}"
SHP-000392,ORD-000392,WH-AP-001,Switzerland,Switzerland,DB Schenker,Road Truckload,DELAYED,2026-08-10T10:27:20.247341,2026-08-19T10:27:20.247341,,"{""shipment_id"": ""SHP-000392"", ""carrier"": ""DB Schenker"", ""status"": ""DELAYED""}"
SHP-000393,ORD-000393,WH-ME-001,Germany,Germany,Cosco Shipping,Rail Express,IN_TRANSIT,2026-08-27T11:27:20.247341,2026-09-02T11:27:20.247341,,"{""shipment_id"": ""SHP-000393"", ""carrier"": ""Cosco Shipping"", ""status"": ""IN_TRANSIT""}"
SHP-000394,ORD-000394,WH-US-001,USA,USA,DHL Supply Chain,Road Truckload,DELIVERED,2026-07-26T17:27:20.247341,2026-07-29T17:27:20.247341,2026-07-29T17:27:20.247341,"{""shipment_id"": ""SHP-000394"", ""carrier"": ""DHL Supply Chain"", ""status"": ""DELIVERED""}"
SHP-000395,ORD-000395,WH-ME-001,USA,USA,Kuehne + Nagel,Air Freight,DELIVERED,2026-07-27T01:27:20.247341,2026-08-06T01:27:20.247341,2026-08-06T01:27:20.247341,"{""shipment_id"": ""SHP-000395"", ""carrier"": ""Kuehne + Nagel"", ""status"": ""DELIVERED""}"
SHP-000396,ORD-000396,WH-EU-001,USA,USA,Kuehne + Nagel,Rail Express,DELIVERED,2026-07-22T01:27:20.247341,2026-08-01T01:27:20.247341,2026-08-03T01:27:20.247341,"{""shipment_id"": ""SHP-000396"", ""carrier"": ""Kuehne + Nagel"", ""status"": ""DELIVERED""}"
SHP-000397,ORD-000397,WH-AP-003,Switzerland,Switzerland,UPS Supply Chain,Air Freight,DELIVERED,2026-08-07T02:27:20.247341,2026-08-11T02:27:20.247341,2026-08-11T02:27:20.247341,"{""shipment_id"": ""SHP-000397"", ""carrier"": ""UPS Supply Chain"", ""status"": ""DELIVERED""}"
SHP-000398,ORD-000398,WH-AP-002,Japan,Japan,Maersk Ocean,Road Truckload,IN_TRANSIT,2026-08-06T14:27:20.247341,2026-08-16T14:27:20.247341,,"{""shipment_id"": ""SHP-000398"", ""carrier"": ""Maersk Ocean"", ""status"": ""IN_TRANSIT""}"
SHP-000399,ORD-000399,WH-AP-001,UK,UK,DB Schenker,Road Truckload,CUSTOMS_HOLD,2026-07-25T17:27:20.247341,2026-07-30T17:27:20.247341,,"{""shipment_id"": ""SHP-000399"", ""carrier"": ""DB Schenker"", ""status"": ""CUSTOMS_HOLD""}"
SHP-000400,ORD-000400,WH-US-001,Japan,Japan,DHL Supply Chain,Air Freight,DELIVERED,2026-07-30T05:27:20.247341,2026-08-04T05:27:20.247341,2026-08-04T05:27:20.247341,"{""shipment_id"": ""SHP-000400"", ""carrier"": ""DHL Supply Chain"", ""status"": ""DELIVERED""}"
SHP-000401,ORD-000401,WH-ME-001,USA,USA,Maersk Ocean,Rail Express,DELIVERED,2026-08-03T14:27:20.247341,2026-08-07T14:27:20.247341,2026-08-07T14:27:20.247341,"{""shipment_id"": ""SHP-000401"", ""carrier"": ""Maersk Ocean"", ""status"": ""DELIVERED""}"
SHP-000402,ORD-000402,WH-AP-001,USA,USA,DB Schenker,Sea Freight,IN_TRANSIT,2026-07-25T14:27:20.247341,2026-08-04T14:27:20.247341,,"{""shipment_id"": ""SHP-000402"", ""carrier"": ""DB Schenker"", ""status"": ""IN_TRANSIT""}"
SHP-000403,ORD-000403,WH-EU-001,USA,USA,DHL Supply Chain,Road Truckload,DELIVERED,2026-08-11T16:27:20.247341,2026-08-17T16:27:20.247341,2026-08-17T16:27:20.247341,"{""shipment_id"": ""SHP-000403"", ""carrier"": ""DHL Supply Chain"", ""status"": ""DELIVERED""}"
SHP-000404,ORD-000404,WH-US-002,USA,USA,Cosco Shipping,Sea Freight,DELIVERED,2026-09-03T00:27:20.247341,2026-09-06T00:27:20.247341,2026-09-06T00:27:20.247341,"{""shipment_id"": ""SHP-000404"", ""carrier"": ""Cosco Shipping"", ""status"": ""DELIVERED""}"
SHP-000405,ORD-000405,WH-EU-001,USA,USA,UPS Supply Chain,Road Truckload,DELIVERED,2026-08-10T07:27:20.247341,2026-08-17T07:27:20.247341,2026-08-17T07:27:20.247341,"{""shipment_id"": ""SHP-000405"", ""carrier"": ""UPS Supply Chain"", ""status"": ""DELIVERED""}"
SHP-000406,ORD-000406,WH-EU-002,Japan,Japan,Maersk Ocean,Air Freight,IN_TRANSIT,2026-07-25T15:27:20.247341,2026-07-29T15:27:20.247341,,"{""shipment_id"": ""SHP-000406"", ""carrier"": ""Maersk Ocean"", ""status"": ""IN_TRANSIT""}"
SHP-000407,ORD-000407,WH-AP-001,Australia,Australia,DB Schenker,Road Truckload,IN_TRANSIT,2026-08-26T21:27:20.247341,2026-09-02T21:27:20.247341,,"{""shipment_id"": ""SHP-000407"", ""carrier"": ""DB Schenker"", ""status"": ""IN_TRANSIT""}"
SHP-000408,ORD-000408,WH-SA-001,USA,USA,UPS Supply Chain,Rail Express,DELIVERED,2026-08-31T08:27:20.247341,2026-09-07T08:27:20.247341,2026-09-07T08:27:20.247341,"{""shipment_id"": ""SHP-000408"", ""carrier"": ""UPS Supply Chain"", ""status"": ""DELIVERED""}"
SHP-000409,ORD-000409,WH-AP-001,USA,USA,Maersk Ocean,Rail Express,IN_TRANSIT,2026-08-08T07:27:20.247341,2026-08-14T07:27:20.247341,,"{""shipment_id"": ""SHP-000409"", ""carrier"": ""Maersk Ocean"", ""status"": ""IN_TRANSIT""}"
SHP-000410,ORD-000410,WH-US-001,Taiwan,Taiwan,Maersk Ocean,Air Freight,DELAYED,2026-08-06T17:27:20.247341,2026-08-12T17:27:20.247341,,"{""shipment_id"": ""SHP-000410"", ""carrier"": ""Maersk Ocean"", ""status"": ""DELAYED""}"
SHP-000411,ORD-000411,WH-US-001,USA,USA,DB Schenker,Air Freight,DELIVERED,2026-09-01T07:27:20.247341,2026-09-08T07:27:20.247341,2026-09-08T07:27:20.247341,"{""shipment_id"": ""SHP-000411"", ""carrier"": ""DB Schenker"", ""status"": ""DELIVERED""}"
SHP-000412,ORD-000412,WH-AP-002,Taiwan,Taiwan,DB Schenker,Sea Freight,DELIVERED,2026-08-17T11:27:20.247341,2026-08-20T11:27:20.247341,2026-08-20T11:27:20.247341,"{""shipment_id"": ""SHP-000412"", ""carrier"": ""DB Schenker"", ""status"": ""DELIVERED""}"
SHP-000413,ORD-000413,WH-AP-003,Japan,Japan,Kuehne + Nagel,Road Truckload,IN_TRANSIT,2026-07-29T11:27:20.247341,2026-08-05T11:27:20.247341,,"{""shipment_id"": ""SHP-000413"", ""carrier"": ""Kuehne + Nagel"", ""status"": ""IN_TRANSIT""}"
SHP-000414,ORD-000414,WH-AP-002,Japan,Japan,FedEx Express Air,Rail Express,IN_TRANSIT,2026-08-16T06:27:20.247341,2026-08-22T06:27:20.247341,,"{""shipment_id"": ""SHP-000414"", ""carrier"": ""FedEx Express Air"", ""status"": ""IN_TRANSIT""}"
SHP-000415,ORD-000415,WH-AU-001,Switzerland,Switzerland,DHL Supply Chain,Rail Express,DELIVERED,2026-08-20T13:27:20.247341,2026-08-26T13:27:20.247341,2026-08-26T13:27:20.247341,"{""shipment_id"": ""SHP-000415"", ""carrier"": ""DHL Supply Chain"", ""status"": ""DELIVERED""}"
SHP-000416,ORD-000416,WH-ME-001,USA,USA,Cosco Shipping,Sea Freight,CUSTOMS_HOLD,2026-08-24T06:27:20.247341,2026-08-28T06:27:20.247341,,"{""shipment_id"": ""SHP-000416"", ""carrier"": ""Cosco Shipping"", ""status"": ""CUSTOMS_HOLD""}"
SHP-000417,ORD-000417,WH-SA-001,Germany,Germany,Kuehne + Nagel,Rail Express,IN_TRANSIT,2026-07-30T19:27:20.247341,2026-08-03T19:27:20.247341,,"{""shipment_id"": ""SHP-000417"", ""carrier"": ""Kuehne + Nagel"", ""status"": ""IN_TRANSIT""}"
SHP-000418,ORD-000418,WH-AU-001,UK,UK,UPS Supply Chain,Air Freight,CUSTOMS_HOLD,2026-08-03T11:27:20.247341,2026-08-12T11:27:20.247341,,"{""shipment_id"": ""SHP-000418"", ""carrier"": ""UPS Supply Chain"", ""status"": ""CUSTOMS_HOLD""}"
SHP-000419,ORD-000419,WH-AP-002,UK,UK,UPS Supply Chain,Sea Freight,DELIVERED,2026-08-19T03:27:20.247341,2026-08-22T03:27:20.247341,2026-08-22T03:27:20.247341,"{""shipment_id"": ""SHP-000419"", ""carrier"": ""UPS Supply Chain"", ""status"": ""DELIVERED""}"
SHP-000420,ORD-000420,WH-AP-003,Japan,Japan,DB Schenker,Road Truckload,DELIVERED,2026-07-31T20:27:20.247341,2026-08-08T20:27:20.247341,2026-08-09T20:27:20.247341,"{""shipment_id"": ""SHP-000420"", ""carrier"": ""DB Schenker"", ""status"": ""DELIVERED""}"
SHP-000421,ORD-000421,WH-EU-002,USA,USA,UPS Supply Chain,Road Truckload,CUSTOMS_HOLD,2026-08-12T09:27:20.247341,2026-08-21T09:27:20.247341,,"{""shipment_id"": ""SHP-000421"", ""carrier"": ""UPS Supply Chain"", ""status"": ""CUSTOMS_HOLD""}"
SHP-000422,ORD-000422,WH-EU-002,USA,USA,UPS Supply Chain,Air Freight,DELIVERED,2026-09-02T06:27:20.247341,2026-09-09T06:27:20.247341,2026-09-10T06:27:20.247341,"{""shipment_id"": ""SHP-000422"", ""carrier"": ""UPS Supply Chain"", ""status"": ""DELIVERED""}"
SHP-000423,ORD-000423,WH-AU-001,Japan,Japan,DB Schenker,Road Truckload,DELIVERED,2026-08-24T22:27:20.247341,2026-08-28T22:27:20.247341,2026-08-28T22:27:20.247341,"{""shipment_id"": ""SHP-000423"", ""carrier"": ""DB Schenker"", ""status"": ""DELIVERED""}"
SHP-000424,ORD-000424,WH-US-002,USA,USA,DHL Supply Chain,Sea Freight,DELIVERED,2026-08-23T12:27:20.247341,2026-09-01T12:27:20.247341,2026-09-03T12:27:20.247341,"{""shipment_id"": ""SHP-000424"", ""carrier"": ""DHL Supply Chain"", ""status"": ""DELIVERED""}"
SHP-000425,ORD-000425,WH-AU-001,Australia,Australia,Maersk Ocean,Sea Freight,DELIVERED,2026-08-21T16:27:20.247341,2026-08-31T16:27:20.247341,2026-08-31T16:27:20.247341,"{""shipment_id"": ""SHP-000425"", ""carrier"": ""Maersk Ocean"", ""status"": ""DELIVERED""}"
SHP-000426,ORD-000426,WH-EU-001,Japan,Japan,Maersk Ocean,Rail Express,DELIVERED,2026-08-06T21:27:20.247341,2026-08-14T21:27:20.247341,2026-08-15T09:27:20.247341,"{""shipment_id"": ""SHP-000426"", ""carrier"": ""Maersk Ocean"", ""status"": ""DELIVERED""}"
SHP-000427,ORD-000427,WH-AU-001,Japan,Japan,DB Schenker,Air Freight,DELIVERED,2026-07-27T18:27:20.247341,2026-08-03T18:27:20.247341,2026-08-03T18:27:20.247341,"{""shipment_id"": ""SHP-000427"", ""carrier"": ""DB Schenker"", ""status"": ""DELIVERED""}"
SHP-000428,ORD-000428,WH-SA-001,Taiwan,Taiwan,Cosco Shipping,Air Freight,DELIVERED,2026-07-31T09:27:20.247341,2026-08-03T09:27:20.247341,2026-08-03T21:27:20.247341,"{""shipment_id"": ""SHP-000428"", ""carrier"": ""Cosco Shipping"", ""status"": ""DELIVERED""}"
SHP-000429,ORD-000429,WH-SA-001,USA,USA,DB Schenker,Sea Freight,IN_TRANSIT,2026-08-10T04:27:20.247341,2026-08-17T04:27:20.247341,,"{""shipment_id"": ""SHP-000429"", ""carrier"": ""DB Schenker"", ""status"": ""IN_TRANSIT""}"
SHP-000430,ORD-000430,WH-EU-002,USA,USA,Cosco Shipping,Air Freight,DELIVERED,2026-08-05T04:27:20.247341,2026-08-10T04:27:20.247341,2026-08-10T04:27:20.247341,"{""shipment_id"": ""SHP-000430"", ""carrier"": ""Cosco Shipping"", ""status"": ""DELIVERED""}"
SHP-000431,ORD-000431,WH-AP-002,Taiwan,Taiwan,FedEx Express Air,Air Freight,IN_TRANSIT,2026-08-20T21:27:20.247341,2026-08-24T21:27:20.247341,,"{""shipment_id"": ""SHP-000431"", ""carrier"": ""FedEx Express Air"", ""status"": ""IN_TRANSIT""}"
SHP-000432,ORD-000432,WH-SA-001,UK,UK,UPS Supply Chain,Air Freight,DELIVERED,2026-07-24T10:27:20.247341,2026-08-02T10:27:20.247341,2026-08-02T22:27:20.247341,"{""shipment_id"": ""SHP-000432"", ""carrier"": ""UPS Supply Chain"", ""status"": ""DELIVERED""}"
SHP-000433,ORD-000433,WH-AP-003,UK,UK,Cosco Shipping,Air Freight,DELIVERED,2026-08-02T17:27:20.247341,2026-08-07T17:27:20.247341,2026-08-08T05:27:20.247341,"{""shipment_id"": ""SHP-000433"", ""carrier"": ""Cosco Shipping"", ""status"": ""DELIVERED""}"
SHP-000434,ORD-000434,WH-AP-002,Japan,Japan,Maersk Ocean,Rail Express,IN_TRANSIT,2026-08-19T06:27:20.247341,2026-08-27T06:27:20.247341,,"{""shipment_id"": ""SHP-000434"", ""carrier"": ""Maersk Ocean"", ""status"": ""IN_TRANSIT""}"
SHP-000435,ORD-000435,WH-ME-001,Japan,Japan,Kuehne + Nagel,Sea Freight,DELIVERED,2026-08-20T06:27:20.247341,2026-08-23T06:27:20.247341,2026-08-25T06:27:20.247341,"{""shipment_id"": ""SHP-000435"", ""carrier"": ""Kuehne + Nagel"", ""status"": ""DELIVERED""}"
SHP-000436,ORD-000436,WH-EU-002,USA,USA,DB Schenker,Road Truckload,DELIVERED,2026-07-20T17:27:20.247341,2026-07-28T17:27:20.247341,2026-07-28T17:27:20.247341,"{""shipment_id"": ""SHP-000436"", ""carrier"": ""DB Schenker"", ""status"": ""DELIVERED""}"
SHP-000437,ORD-000437,WH-EU-002,UK,UK,DHL Supply Chain,Rail Express,DELIVERED,2026-08-14T20:27:20.247341,2026-08-24T20:27:20.247341,2026-08-24T20:27:20.247341,"{""shipment_id"": ""SHP-000437"", ""carrier"": ""DHL Supply Chain"", ""status"": ""DELIVERED""}"
SHP-000438,ORD-000438,WH-EU-001,UK,UK,Kuehne + Nagel,Sea Freight,DELIVERED,2026-07-24T04:27:20.247341,2026-07-31T04:27:20.247341,2026-07-31T16:27:20.247341,"{""shipment_id"": ""SHP-000438"", ""carrier"": ""Kuehne + Nagel"", ""status"": ""DELIVERED""}"
SHP-000439,ORD-000439,WH-US-001,USA,USA,DB Schenker,Road Truckload,IN_TRANSIT,2026-07-31T01:27:20.247341,2026-08-04T01:27:20.247341,,"{""shipment_id"": ""SHP-000439"", ""carrier"": ""DB Schenker"", ""status"": ""IN_TRANSIT""}"
SHP-000440,ORD-000440,WH-AP-001,Japan,Japan,FedEx Express Air,Air Freight,DELIVERED,2026-07-21T07:27:20.247341,2026-07-26T07:27:20.247341,2026-07-26T07:27:20.247341,"{""shipment_id"": ""SHP-000440"", ""carrier"": ""FedEx Express Air"", ""status"": ""DELIVERED""}"
SHP-000441,ORD-000441,WH-US-002,USA,USA,DB Schenker,Sea Freight,IN_TRANSIT,2026-07-22T00:27:20.247341,2026-07-31T00:27:20.247341,,"{""shipment_id"": ""SHP-000441"", ""carrier"": ""DB Schenker"", ""status"": ""IN_TRANSIT""}"
SHP-000442,ORD-000442,WH-AP-003,Japan,Japan,DB Schenker,Road Truckload,IN_TRANSIT,2026-09-03T02:27:20.247341,2026-09-06T02:27:20.247341,,"{""shipment_id"": ""SHP-000442"", ""carrier"": ""DB Schenker"", ""status"": ""IN_TRANSIT""}"
SHP-000443,ORD-000443,WH-AP-003,USA,USA,Cosco Shipping,Road Truckload,DELIVERED,2026-08-30T22:27:20.247341,2026-09-04T22:27:20.247341,2026-09-06T22:27:20.247341,"{""shipment_id"": ""SHP-000443"", ""carrier"": ""Cosco Shipping"", ""status"": ""DELIVERED""}"
SHP-000444,ORD-000444,WH-US-001,Switzerland,Switzerland,DHL Supply Chain,Rail Express,DELIVERED,2026-08-17T04:27:20.247341,2026-08-24T04:27:20.247341,2026-08-24T04:27:20.247341,"{""shipment_id"": ""SHP-000444"", ""carrier"": ""DHL Supply Chain"", ""status"": ""DELIVERED""}"
SHP-000445,ORD-000445,WH-SA-001,USA,USA,Kuehne + Nagel,Sea Freight,DELAYED,2026-07-23T09:27:20.247341,2026-07-29T09:27:20.247341,,"{""shipment_id"": ""SHP-000445"", ""carrier"": ""Kuehne + Nagel"", ""status"": ""DELAYED""}"
SHP-000446,ORD-000446,WH-AP-001,Australia,Australia,UPS Supply Chain,Air Freight,DELIVERED,2026-08-22T12:27:20.247341,2026-08-29T12:27:20.247341,2026-08-29T12:27:20.247341,"{""shipment_id"": ""SHP-000446"", ""carrier"": ""UPS Supply Chain"", ""status"": ""DELIVERED""}"
SHP-000447,ORD-000447,WH-AP-001,Australia,Australia,FedEx Express Air,Air Freight,DELIVERED,2026-09-03T00:27:20.247341,2026-09-07T00:27:20.247341,2026-09-08T00:27:20.247341,"{""shipment_id"": ""SHP-000447"", ""carrier"": ""FedEx Express Air"", ""status"": ""DELIVERED""}"
SHP-000448,ORD-000448,WH-SA-001,Germany,Germany,Maersk Ocean,Road Truckload,DELAYED,2026-07-21T06:27:20.247341,2026-07-26T06:27:20.247341,,"{""shipment_id"": ""SHP-000448"", ""carrier"": ""Maersk Ocean"", ""status"": ""DELAYED""}"
SHP-000449,ORD-000449,WH-AU-001,USA,USA,UPS Supply Chain,Rail Express,DELIVERED,2026-08-23T08:27:20.247341,2026-08-30T08:27:20.247341,2026-08-30T08:27:20.247341,"{""shipment_id"": ""SHP-000449"", ""carrier"": ""UPS Supply Chain"", ""status"": ""DELIVERED""}"
SHP-000450,ORD-000450,WH-EU-002,UK,UK,DB Schenker,Road Truckload,CUSTOMS_HOLD,2026-08-08T11:27:20.247341,2026-08-18T11:27:20.247341,,"{""shipment_id"": ""SHP-000450"", ""carrier"": ""DB Schenker"", ""status"": ""CUSTOMS_HOLD""}"
SHP-000451,ORD-000451,WH-ME-001,USA,USA,Kuehne + Nagel,Road Truckload,DELIVERED,2026-08-08T12:27:20.247341,2026-08-18T12:27:20.247341,2026-08-18T12:27:20.247341,"{""shipment_id"": ""SHP-000451"", ""carrier"": ""Kuehne + Nagel"", ""status"": ""DELIVERED""}"
SHP-000452,ORD-000452,WH-AU-001,Japan,Japan,DB Schenker,Rail Express,DELIVERED,2026-08-30T04:27:20.247341,2026-09-09T04:27:20.247341,2026-09-09T04:27:20.247341,"{""shipment_id"": ""SHP-000452"", ""carrier"": ""DB Schenker"", ""status"": ""DELIVERED""}"
SHP-000453,ORD-000453,WH-SA-001,Australia,Australia,Maersk Ocean,Air Freight,DELIVERED,2026-08-26T18:27:20.247341,2026-09-04T18:27:20.247341,2026-09-04T18:27:20.247341,"{""shipment_id"": ""SHP-000453"", ""carrier"": ""Maersk Ocean"", ""status"": ""DELIVERED""}"
SHP-000454,ORD-000454,WH-US-002,Australia,Australia,Maersk Ocean,Air Freight,DELIVERED,2026-08-27T21:27:20.247341,2026-09-03T21:27:20.247341,2026-09-05T21:27:20.247341,"{""shipment_id"": ""SHP-000454"", ""carrier"": ""Maersk Ocean"", ""status"": ""DELIVERED""}"
SHP-000455,ORD-000455,WH-SA-001,Switzerland,Switzerland,DB Schenker,Air Freight,DELIVERED,2026-08-31T06:27:20.247341,2026-09-07T06:27:20.247341,2026-09-07T06:27:20.247341,"{""shipment_id"": ""SHP-000455"", ""carrier"": ""DB Schenker"", ""status"": ""DELIVERED""}"
SHP-000456,ORD-000456,WH-AP-002,Germany,Germany,UPS Supply Chain,Rail Express,CUSTOMS_HOLD,2026-08-13T01:27:20.247341,2026-08-20T01:27:20.247341,,"{""shipment_id"": ""SHP-000456"", ""carrier"": ""UPS Supply Chain"", ""status"": ""CUSTOMS_HOLD""}"
SHP-000457,ORD-000457,WH-AP-001,USA,USA,UPS Supply Chain,Rail Express,DELIVERED,2026-08-26T03:27:20.247341,2026-09-02T03:27:20.247341,2026-09-03T03:27:20.247341,"{""shipment_id"": ""SHP-000457"", ""carrier"": ""UPS Supply Chain"", ""status"": ""DELIVERED""}"
SHP-000458,ORD-000458,WH-US-001,UK,UK,FedEx Express Air,Rail Express,CUSTOMS_HOLD,2026-07-23T14:27:20.247341,2026-07-29T14:27:20.247341,,"{""shipment_id"": ""SHP-000458"", ""carrier"": ""FedEx Express Air"", ""status"": ""CUSTOMS_HOLD""}"
SHP-000459,ORD-000459,WH-US-002,Germany,Germany,FedEx Express Air,Sea Freight,DELIVERED,2026-08-19T18:27:20.247341,2026-08-29T18:27:20.247341,2026-08-31T18:27:20.247341,"{""shipment_id"": ""SHP-000459"", ""carrier"": ""FedEx Express Air"", ""status"": ""DELIVERED""}"
SHP-000460,ORD-000460,WH-AP-001,UK,UK,FedEx Express Air,Sea Freight,DELIVERED,2026-08-24T10:27:20.247341,2026-08-29T10:27:20.247341,2026-08-29T10:27:20.247341,"{""shipment_id"": ""SHP-000460"", ""carrier"": ""FedEx Express Air"", ""status"": ""DELIVERED""}"
SHP-000461,ORD-000461,WH-AP-002,Japan,Japan,Maersk Ocean,Sea Freight,DELIVERED,2026-07-28T06:27:20.247341,2026-08-06T06:27:20.247341,2026-08-06T06:27:20.247341,"{""shipment_id"": ""SHP-000461"", ""carrier"": ""Maersk Ocean"", ""status"": ""DELIVERED""}"
SHP-000462,ORD-000462,WH-AU-001,Japan,Japan,UPS Supply Chain,Rail Express,IN_TRANSIT,2026-07-28T05:27:20.247341,2026-08-07T05:27:20.247341,,"{""shipment_id"": ""SHP-000462"", ""carrier"": ""UPS Supply Chain"", ""status"": ""IN_TRANSIT""}"
SHP-000463,ORD-000463,WH-AP-001,Germany,Germany,DB Schenker,Road Truckload,DELIVERED,2026-08-10T22:27:20.247341,2026-08-15T22:27:20.247341,2026-08-15T22:27:20.247341,"{""shipment_id"": ""SHP-000463"", ""carrier"": ""DB Schenker"", ""status"": ""DELIVERED""}"
SHP-000464,ORD-000464,WH-EU-001,Japan,Japan,Maersk Ocean,Road Truckload,DELIVERED,2026-08-19T13:27:20.247341,2026-08-29T13:27:20.247341,2026-08-29T13:27:20.247341,"{""shipment_id"": ""SHP-000464"", ""carrier"": ""Maersk Ocean"", ""status"": ""DELIVERED""}"
SHP-000465,ORD-000465,WH-AP-002,Japan,Japan,Kuehne + Nagel,Air Freight,DELIVERED,2026-08-05T11:27:20.247341,2026-08-12T11:27:20.247341,2026-08-13T11:27:20.247341,"{""shipment_id"": ""SHP-000465"", ""carrier"": ""Kuehne + Nagel"", ""status"": ""DELIVERED""}"
SHP-000466,ORD-000466,WH-AP-003,USA,USA,Cosco Shipping,Sea Freight,DELIVERED,2026-08-29T05:27:20.247341,2026-09-01T05:27:20.247341,2026-09-02T05:27:20.247341,"{""shipment_id"": ""SHP-000466"", ""carrier"": ""Cosco Shipping"", ""status"": ""DELIVERED""}"
SHP-000467,ORD-000467,WH-EU-001,USA,USA,Maersk Ocean,Rail Express,IN_TRANSIT,2026-08-23T19:27:20.247341,2026-08-29T19:27:20.247341,,"{""shipment_id"": ""SHP-000467"", ""carrier"": ""Maersk Ocean"", ""status"": ""IN_TRANSIT""}"
SHP-000468,ORD-000468,WH-AU-001,Switzerland,Switzerland,UPS Supply Chain,Sea Freight,DELIVERED,2026-08-07T23:27:20.247341,2026-08-12T23:27:20.247341,2026-08-12T23:27:20.247341,"{""shipment_id"": ""SHP-000468"", ""carrier"": ""UPS Supply Chain"", ""status"": ""DELIVERED""}"
SHP-000469,ORD-000469,WH-ME-001,Switzerland,Switzerland,FedEx Express Air,Sea Freight,DELIVERED,2026-08-14T11:27:20.247341,2026-08-18T11:27:20.247341,2026-08-18T23:27:20.247341,"{""shipment_id"": ""SHP-000469"", ""carrier"": ""FedEx Express Air"", ""status"": ""DELIVERED""}"
SHP-000470,ORD-000470,WH-SA-001,Japan,Japan,UPS Supply Chain,Sea Freight,DELIVERED,2026-07-21T04:27:20.247341,2026-07-24T04:27:20.247341,2026-07-24T04:27:20.247341,"{""shipment_id"": ""SHP-000470"", ""carrier"": ""UPS Supply Chain"", ""status"": ""DELIVERED""}"
SHP-000471,ORD-000471,WH-SA-001,Australia,Australia,Cosco Shipping,Sea Freight,DELIVERED,2026-09-04T01:27:20.247341,2026-09-10T01:27:20.247341,2026-09-10T13:27:20.247341,"{""shipment_id"": ""SHP-000471"", ""carrier"": ""Cosco Shipping"", ""status"": ""DELIVERED""}"
SHP-000472,ORD-000472,WH-EU-002,UK,UK,Maersk Ocean,Air Freight,DELIVERED,2026-08-14T02:27:20.247341,2026-08-23T02:27:20.247341,2026-08-24T02:27:20.247341,"{""shipment_id"": ""SHP-000472"", ""carrier"": ""Maersk Ocean"", ""status"": ""DELIVERED""}"
SHP-000473,ORD-000473,WH-US-002,Germany,Germany,DHL Supply Chain,Air Freight,DELIVERED,2026-08-04T23:27:20.247341,2026-08-11T23:27:20.247341,2026-08-12T11:27:20.247341,"{""shipment_id"": ""SHP-000473"", ""carrier"": ""DHL Supply Chain"", ""status"": ""DELIVERED""}"
SHP-000474,ORD-000474,WH-AP-002,USA,USA,Cosco Shipping,Sea Freight,DELIVERED,2026-08-17T21:27:20.247341,2026-08-24T21:27:20.247341,2026-08-24T21:27:20.247341,"{""shipment_id"": ""SHP-000474"", ""carrier"": ""Cosco Shipping"", ""status"": ""DELIVERED""}"
SHP-000475,ORD-000475,WH-EU-001,USA,USA,DB Schenker,Road Truckload,DELIVERED,2026-08-04T03:27:20.247341,2026-08-10T03:27:20.247341,2026-08-11T03:27:20.247341,"{""shipment_id"": ""SHP-000475"", ""carrier"": ""DB Schenker"", ""status"": ""DELIVERED""}"
SHP-000476,ORD-000476,WH-ME-001,Switzerland,Switzerland,UPS Supply Chain,Road Truckload,IN_TRANSIT,2026-08-01T09:27:20.247341,2026-08-04T09:27:20.247341,,"{""shipment_id"": ""SHP-000476"", ""carrier"": ""UPS Supply Chain"", ""status"": ""IN_TRANSIT""}"
SHP-000477,ORD-000477,WH-AP-003,USA,USA,Cosco Shipping,Air Freight,DELIVERED,2026-08-24T23:27:20.247341,2026-09-01T23:27:20.247341,2026-09-01T23:27:20.247341,"{""shipment_id"": ""SHP-000477"", ""carrier"": ""Cosco Shipping"", ""status"": ""DELIVERED""}"
SHP-000478,ORD-000478,WH-EU-002,Australia,Australia,Maersk Ocean,Road Truckload,DELIVERED,2026-08-11T15:27:20.247341,2026-08-19T15:27:20.247341,2026-08-19T15:27:20.247341,"{""shipment_id"": ""SHP-000478"", ""carrier"": ""Maersk Ocean"", ""status"": ""DELIVERED""}"
SHP-000479,ORD-000479,WH-AP-003,Germany,Germany,FedEx Express Air,Rail Express,DELIVERED,2026-08-06T09:27:20.247341,2026-08-15T09:27:20.247341,2026-08-16T09:27:20.247341,"{""shipment_id"": ""SHP-000479"", ""carrier"": ""FedEx Express Air"", ""status"": ""DELIVERED""}"
SHP-000480,ORD-000480,WH-EU-002,USA,USA,Kuehne + Nagel,Road Truckload,DELIVERED,2026-08-19T05:27:20.247341,2026-08-22T05:27:20.247341,2026-08-22T05:27:20.247341,"{""shipment_id"": ""SHP-000480"", ""carrier"": ""Kuehne + Nagel"", ""status"": ""DELIVERED""}"
SHP-000481,ORD-000481,WH-AP-002,Taiwan,Taiwan,Kuehne + Nagel,Rail Express,DELIVERED,2026-08-25T18:27:20.247341,2026-09-04T18:27:20.247341,2026-09-05T06:27:20.247341,"{""shipment_id"": ""SHP-000481"", ""carrier"": ""Kuehne + Nagel"", ""status"": ""DELIVERED""}"
SHP-000482,ORD-000482,WH-SA-001,USA,USA,Kuehne + Nagel,Road Truckload,IN_TRANSIT,2026-08-30T05:27:20.247341,2026-09-08T05:27:20.247341,,"{""shipment_id"": ""SHP-000482"", ""carrier"": ""Kuehne + Nagel"", ""status"": ""IN_TRANSIT""}"
SHP-000483,ORD-000483,WH-SA-001,UK,UK,UPS Supply Chain,Rail Express,IN_TRANSIT,2026-07-26T20:27:20.247341,2026-08-05T20:27:20.247341,,"{""shipment_id"": ""SHP-000483"", ""carrier"": ""UPS Supply Chain"", ""status"": ""IN_TRANSIT""}"
SHP-000484,ORD-000484,WH-AU-001,Australia,Australia,Kuehne + Nagel,Rail Express,CUSTOMS_HOLD,2026-08-06T05:27:20.247341,2026-08-12T05:27:20.247341,,"{""shipment_id"": ""SHP-000484"", ""carrier"": ""Kuehne + Nagel"", ""status"": ""CUSTOMS_HOLD""}"
SHP-000485,ORD-000485,WH-AP-003,UK,UK,Cosco Shipping,Road Truckload,DELIVERED,2026-07-21T05:27:20.247341,2026-07-26T05:27:20.247341,2026-07-28T05:27:20.247341,"{""shipment_id"": ""SHP-000485"", ""carrier"": ""Cosco Shipping"", ""status"": ""DELIVERED""}"
SHP-000486,ORD-000486,WH-AP-001,Switzerland,Switzerland,Maersk Ocean,Sea Freight,DELIVERED,2026-08-05T06:27:20.247341,2026-08-10T06:27:20.247341,2026-08-10T06:27:20.247341,"{""shipment_id"": ""SHP-000486"", ""carrier"": ""Maersk Ocean"", ""status"": ""DELIVERED""}"
SHP-000487,ORD-000487,WH-AP-002,USA,USA,DHL Supply Chain,Sea Freight,IN_TRANSIT,2026-07-23T04:27:20.247341,2026-08-02T04:27:20.247341,,"{""shipment_id"": ""SHP-000487"", ""carrier"": ""DHL Supply Chain"", ""status"": ""IN_TRANSIT""}"
SHP-000488,ORD-000488,WH-AP-003,USA,USA,UPS Supply Chain,Rail Express,IN_TRANSIT,2026-07-28T05:27:20.247341,2026-08-04T05:27:20.247341,,"{""shipment_id"": ""SHP-000488"", ""carrier"": ""UPS Supply Chain"", ""status"": ""IN_TRANSIT""}"
SHP-000489,ORD-000489,WH-SA-001,Japan,Japan,Cosco Shipping,Air Freight,DELIVERED,2026-07-30T02:27:20.247341,2026-08-03T02:27:20.247341,2026-08-03T02:27:20.247341,"{""shipment_id"": ""SHP-000489"", ""carrier"": ""Cosco Shipping"", ""status"": ""DELIVERED""}"
SHP-000490,ORD-000490,WH-AP-002,UK,UK,DHL Supply Chain,Air Freight,DELIVERED,2026-08-23T06:27:20.247341,2026-08-31T06:27:20.247341,2026-09-02T06:27:20.247341,"{""shipment_id"": ""SHP-000490"", ""carrier"": ""DHL Supply Chain"", ""status"": ""DELIVERED""}"
SHP-000491,ORD-000491,WH-US-002,Switzerland,Switzerland,Maersk Ocean,Road Truckload,CUSTOMS_HOLD,2026-08-25T14:27:20.247341,2026-08-29T14:27:20.247341,,"{""shipment_id"": ""SHP-000491"", ""carrier"": ""Maersk Ocean"", ""status"": ""CUSTOMS_HOLD""}"
SHP-000492,ORD-000492,WH-AP-003,Japan,Japan,DB Schenker,Road Truckload,DELIVERED,2026-08-08T01:27:20.247341,2026-08-16T01:27:20.247341,2026-08-16T01:27:20.247341,"{""shipment_id"": ""SHP-000492"", ""carrier"": ""DB Schenker"", ""status"": ""DELIVERED""}"
SHP-000493,ORD-000493,WH-AP-002,Japan,Japan,Cosco Shipping,Road Truckload,DELIVERED,2026-08-10T04:27:20.247341,2026-08-13T04:27:20.247341,2026-08-13T04:27:20.247341,"{""shipment_id"": ""SHP-000493"", ""carrier"": ""Cosco Shipping"", ""status"": ""DELIVERED""}"
SHP-000494,ORD-000494,WH-EU-001,Australia,Australia,UPS Supply Chain,Road Truckload,IN_TRANSIT,2026-07-25T13:27:20.247341,2026-07-29T13:27:20.247341,,"{""shipment_id"": ""SHP-000494"", ""carrier"": ""UPS Supply Chain"", ""status"": ""IN_TRANSIT""}"
SHP-000495,ORD-000495,WH-SA-001,Germany,Germany,Maersk Ocean,Air Freight,DELIVERED,2026-08-04T20:27:20.247341,2026-08-10T20:27:20.247341,2026-08-10T20:27:20.247341,"{""shipment_id"": ""SHP-000495"", ""carrier"": ""Maersk Ocean"", ""status"": ""DELIVERED""}"
SHP-000496,ORD-000496,WH-US-002,USA,USA,DB Schenker,Air Freight,IN_TRANSIT,2026-07-19T07:27:20.247341,2026-07-24T07:27:20.247341,,"{""shipment_id"": ""SHP-000496"", ""carrier"": ""DB Schenker"", ""status"": ""IN_TRANSIT""}"
SHP-000497,ORD-000497,WH-AP-001,Japan,Japan,FedEx Express Air,Sea Freight,DELIVERED,2026-07-29T05:27:20.247341,2026-08-01T05:27:20.247341,2026-08-01T05:27:20.247341,"{""shipment_id"": ""SHP-000497"", ""carrier"": ""FedEx Express Air"", ""status"": ""DELIVERED""}"
SHP-000498,ORD-000498,WH-EU-001,UK,UK,DHL Supply Chain,Sea Freight,DELIVERED,2026-08-20T12:27:20.247341,2026-08-30T12:27:20.247341,2026-08-30T12:27:20.247341,"{""shipment_id"": ""SHP-000498"", ""carrier"": ""DHL Supply Chain"", ""status"": ""DELIVERED""}"
SHP-000499,ORD-000499,WH-EU-001,Japan,Japan,UPS Supply Chain,Rail Express,DELIVERED,2026-08-27T02:27:20.247341,2026-09-04T02:27:20.247341,2026-09-04T02:27:20.247341,"{""shipment_id"": ""SHP-000499"", ""carrier"": ""UPS Supply Chain"", ""status"": ""DELIVERED""}"
SHP-000500,ORD-000500,WH-AP-002,Taiwan,Taiwan,Cosco Shipping,Sea Freight,DELAYED,2026-09-01T09:27:20.247341,2026-09-09T09:27:20.247341,,"{""shipment_id"": ""SHP-000500"", ""carrier"": ""Cosco Shipping"", ""status"": ""DELAYED""}"
