event_id,shipment_id,device_id,latitude,longitude,temperature_c,humidity_pct,battery_level,recorded_at,raw_payload
IOT-0000001,SHP-000498,DEV-538,28.738745,122.343700,3.78,53.24,20,2026-08-31T17:31:20.247341,"{""event_id"": ""IOT-0000001"", ""temp"": 3.777034652024274, ""lat"": 28.73874508389451, ""lon"": 122.34369990316958}"
IOT-0000002,SHP-000039,DEV-446,31.499682,122.842232,2.43,68.53,90,2026-08-31T18:44:20.247341,"{""event_id"": ""IOT-0000002"", ""temp"": 2.4328867889451655, ""lat"": 31.499681677151774, ""lon"": 122.84223182540983}"
IOT-0000003,SHP-000205,DEV-338,52.964599,8.581272,5.40,66.59,34,2026-08-31T08:50:20.247341,"{""event_id"": ""IOT-0000003"", ""temp"": 5.400730044325415, ""lat"": 52.964599132199744, ""lon"": 8.58127230415622}"
IOT-0000004,SHP-000231,DEV-625,31.149175,122.200667,4.17,40.44,97,2026-08-30T18:39:20.247341,"{""event_id"": ""IOT-0000004"", ""temp"": 4.171348928182304, ""lat"": 31.149175363541268, ""lon"": 122.2006672239456}"
IOT-0000005,SHP-000070,DEV-197,25.302735,54.724810,5.04,57.28,93,2026-09-01T13:57:20.247341,"{""event_id"": ""IOT-0000005"", ""temp"": 5.042390819229642, ""lat"": 25.30273468580272, ""lon"": 54.72480977618121}"
IOT-0000006,SHP-000480,DEV-531,-32.351190,153.046402,4.85,54.64,82,2026-08-28T04:09:20.247341,"{""event_id"": ""IOT-0000006"", ""temp"": 4.854540807514062, ""lat"": -32.35119047544325, ""lon"": 153.04640181422494}"
IOT-0000007,SHP-000264,DEV-986,1.461298,104.613839,3.16,44.69,58,2026-08-30T07:22:20.247341,"{""event_id"": ""IOT-0000007"", ""temp"": 3.1638971720751448, ""lat"": 1.4612977034511232, ""lon"": 104.61383905690799}"
IOT-0000008,SHP-000020,DEV-129,1.923484,103.630166,5.60,53.54,84,2026-08-30T02:40:20.247341,"{""event_id"": ""IOT-0000008"", ""temp"": 5.6030853752408145, ""lat"": 1.923483687257387, ""lon"": 103.63016586612623}"
IOT-0000009,SHP-000306,DEV-733,33.372991,141.105192,3.47,53.03,76,2026-08-30T14:53:20.247341,"{""event_id"": ""IOT-0000009"", ""temp"": 3.4661170008409057, ""lat"": 33.372991160220366, ""lon"": 141.10519240884426}"
IOT-0000010,SHP-000357,DEV-100,53.641658,8.349111,5.26,40.25,64,2026-08-29T20:33:20.247341,"{""event_id"": ""IOT-0000010"", ""temp"": 5.261811312486508, ""lat"": 53.641658423473956, ""lon"": 8.349111458931088}"
IOT-0000011,SHP-000225,DEV-465,37.393527,139.296583,5.60,60.24,55,2026-08-31T06:26:20.247341,"{""event_id"": ""IOT-0000011"", ""temp"": 5.603400125853396, ""lat"": 37.39352674912705, ""lon"": 139.29658349852093}"
IOT-0000012,SHP-000267,DEV-567,-34.938312,152.893076,5.44,52.85,66,2026-09-01T13:33:20.247341,"{""event_id"": ""IOT-0000012"", ""temp"": 5.439873914288093, ""lat"": -34.93831237586676, ""lon"": 152.89307587166726}"
IOT-0000013,SHP-000350,DEV-719,32.507208,-118.091926,2.44,45.90,72,2026-08-30T06:31:20.247341,"{""event_id"": ""IOT-0000013"", ""temp"": 2.438043373622562, ""lat"": 32.50720790276919, ""lon"": -118.09192604612916}"
IOT-0000014,SHP-000440,DEV-119,35.499139,-116.081944,4.77,57.86,20,2026-08-29T02:41:20.247341,"{""event_id"": ""IOT-0000014"", ""temp"": 4.774433017611497, ""lat"": 35.499138530407414, ""lon"": -116.081943686259}"
IOT-0000015,SHP-000008,DEV-907,53.659123,9.067050,11.63,45.58,50,2026-08-31T15:42:20.247341,"{""event_id"": ""IOT-0000015"", ""temp"": 11.626352405478869, ""lat"": 53.6591227369078, ""lon"": 9.06705039608211}"
IOT-0000016,SHP-000117,DEV-206,54.059135,5.639680,2.24,58.38,33,2026-08-29T04:30:20.247341,"{""event_id"": ""IOT-0000016"", ""temp"": 2.2371611120545385, ""lat"": 54.05913544932095, ""lon"": 5.639679949588745}"
IOT-0000017,SHP-000297,DEV-696,34.508709,-118.218121,4.20,56.59,76,2026-08-30T20:36:20.247341,"{""event_id"": ""IOT-0000017"", ""temp"": 4.196072748269817, ""lat"": 34.50870874087093, ""lon"": -118.21812087502222}"
IOT-0000018,SHP-000139,DEV-160,34.093007,-120.106629,2.16,60.19,84,2026-08-31T09:37:20.247341,"{""event_id"": ""IOT-0000018"", ""temp"": 2.158826788956286, ""lat"": 34.093007177218205, ""lon"": -120.10662913343833}"
IOT-0000019,SHP-000356,DEV-807,29.931671,123.380568,4.58,73.32,34,2026-08-28T07:46:20.247341,"{""event_id"": ""IOT-0000019"", ""temp"": 4.576198091207153, ""lat"": 29.931671467866245, ""lon"": 123.38056831690305}"
IOT-0000020,SHP-000133,DEV-637,-31.794025,150.935859,5.13,56.50,91,2026-08-29T15:45:20.247341,"{""event_id"": ""IOT-0000020"", ""temp"": 5.134003797086115, ""lat"": -31.794024563007248, ""lon"": 150.93585927105875}"
IOT-0000021,SHP-000364,DEV-195,33.537105,-117.060985,4.58,72.20,67,2026-09-01T05:38:20.247341,"{""event_id"": ""IOT-0000021"", ""temp"": 4.576827841432298, ""lat"": 33.537105109129655, ""lon"": -117.06098454520718}"
IOT-0000022,SHP-000408,DEV-476,32.659342,122.351920,4.23,41.11,81,2026-08-31T11:21:20.247341,"{""event_id"": ""IOT-0000022"", ""temp"": 4.229821635673836, ""lat"": 32.65934154581803, ""lon"": 122.35191959868945}"
IOT-0000023,SHP-000394,DEV-242,50.048436,3.569279,5.07,74.57,100,2026-08-31T16:30:20.247341,"{""event_id"": ""IOT-0000023"", ""temp"": 5.073689259764366, ""lat"": 50.048436123437554, ""lon"": 3.5692794104395276}"
IOT-0000024,SHP-000257,DEV-314,35.352282,-120.634797,10.24,48.30,90,2026-08-29T08:54:20.247341,"{""event_id"": ""IOT-0000024"", ""temp"": 10.235981530780759, ""lat"": 35.35228189440882, ""lon"": -120.63479737049009}"
IOT-0000025,SHP-000321,DEV-890,-32.558731,148.802829,3.29,44.22,44,2026-08-30T08:47:20.247341,"{""event_id"": ""IOT-0000025"", ""temp"": 3.2904163405534157, ""lat"": -32.558731300476005, ""lon"": 148.80282855914515}"
IOT-0000026,SHP-000434,DEV-890,35.421038,140.946123,4.82,73.37,68,2026-09-01T04:22:20.247341,"{""event_id"": ""IOT-0000026"", ""temp"": 4.821322253002863, ""lat"": 35.42103760718553, ""lon"": 140.94612322334555}"
IOT-0000027,SHP-000182,DEV-679,22.784320,54.968061,2.13,69.91,37,2026-08-29T15:15:20.247341,"{""event_id"": ""IOT-0000027"", ""temp"": 2.134853490030346, ""lat"": 22.784319524662084, ""lon"": 54.968060710393985}"
IOT-0000028,SHP-000088,DEV-139,40.676008,-88.561727,3.43,57.62,86,2026-08-30T04:09:20.247341,"{""event_id"": ""IOT-0000028"", ""temp"": 3.427966666522121, ""lat"": 40.67600840892559, ""lon"": -88.5617274544308}"
IOT-0000029,SHP-000008,DEV-375,-23.845632,-45.718300,2.85,66.59,64,2026-08-29T05:45:20.247341,"{""event_id"": ""IOT-0000029"", ""temp"": 2.8542831721602515, ""lat"": -23.84563232393129, ""lon"": -45.718300412471656}"
IOT-0000030,SHP-000159,DEV-675,-21.706632,-47.493932,3.87,40.10,43,2026-08-31T01:05:20.247341,"{""event_id"": ""IOT-0000030"", ""temp"": 3.8672569986168606, ""lat"": -21.706632015663658, ""lon"": -47.49393230398211}"
IOT-0000031,SHP-000258,DEV-375,51.243636,6.444456,5.27,42.19,35,2026-08-30T12:56:20.247341,"{""event_id"": ""IOT-0000031"", ""temp"": 5.273423175037831, ""lat"": 51.24363631255487, ""lon"": 6.444455583246085}"
IOT-0000032,SHP-000053,DEV-789,-33.915152,153.057725,2.00,47.92,16,2026-08-30T08:41:20.247341,"{""event_id"": ""IOT-0000032"", ""temp"": 2.0044398709514337, ""lat"": -33.91515187671625, ""lon"": 153.0577249715712}"
IOT-0000033,SHP-000471,DEV-423,43.777729,-89.353472,3.68,51.61,74,2026-08-28T14:39:20.247341,"{""event_id"": ""IOT-0000033"", ""temp"": 3.6755790556760344, ""lat"": 43.77772876358942, ""lon"": -89.35347213048311}"
IOT-0000034,SHP-000032,DEV-110,35.688615,-119.376903,5.88,40.11,60,2026-08-30T14:15:20.247341,"{""event_id"": ""IOT-0000034"", ""temp"": 5.876575891704924, ""lat"": 35.68861495487723, ""lon"": -119.37690294960811}"
IOT-0000035,SHP-000371,DEV-796,-22.344065,-46.710334,3.28,70.41,83,2026-08-29T05:07:20.247341,"{""event_id"": ""IOT-0000035"", ""temp"": 3.277502852059003, ""lat"": -22.344065126463434, ""lon"": -46.71033367896669}"
IOT-0000036,SHP-000223,DEV-613,39.989193,-87.705832,4.95,60.09,76,2026-08-30T03:25:20.247341,"{""event_id"": ""IOT-0000036"", ""temp"": 4.954658321776728, ""lat"": 39.98919293071237, ""lon"": -87.70583247957856}"
IOT-0000037,SHP-000213,DEV-937,-36.232689,149.585545,2.03,60.61,19,2026-08-29T10:40:20.247341,"{""event_id"": ""IOT-0000037"", ""temp"": 2.030757240063553, ""lat"": -36.23268907787363, ""lon"": 149.5855451980313}"
IOT-0000038,SHP-000384,DEV-750,54.241196,11.467624,3.35,63.67,30,2026-08-29T00:42:20.247341,"{""event_id"": ""IOT-0000038"", ""temp"": 3.348893831213724, ""lat"": 54.24119607512653, ""lon"": 11.467624437783138}"
IOT-0000039,SHP-000338,DEV-178,39.606408,-88.350110,6.03,67.28,43,2026-08-29T05:19:20.247341,"{""event_id"": ""IOT-0000039"", ""temp"": 6.034661063972858, ""lat"": 39.606407705619695, ""lon"": -88.35010953897685}"
IOT-0000040,SHP-000046,DEV-764,41.019965,-88.302029,4.54,64.83,35,2026-08-31T19:09:20.247341,"{""event_id"": ""IOT-0000040"", ""temp"": 4.542371832214387, ""lat"": 41.01996473946919, ""lon"": -88.3020288442694}"
IOT-0000041,SHP-000163,DEV-209,54.000782,11.691053,5.93,52.32,17,2026-08-28T09:13:20.247341,"{""event_id"": ""IOT-0000041"", ""temp"": 5.931217775261089, ""lat"": 54.00078218623698, ""lon"": 11.691053391515648}"
IOT-0000042,SHP-000466,DEV-797,30.731874,122.858812,4.01,44.73,95,2026-08-29T08:19:20.247341,"{""event_id"": ""IOT-0000042"", ""temp"": 4.013535692717902, ""lat"": 30.731874311641093, ""lon"": 122.85881225247059}"
IOT-0000043,SHP-000356,DEV-312,-0.604202,103.623651,11.05,62.97,65,2026-08-30T11:22:20.247341,"{""event_id"": ""IOT-0000043"", ""temp"": 11.052324308431078, ""lat"": -0.6042015509693226, ""lon"": 103.62365107857246}"
IOT-0000044,SHP-000283,DEV-719,51.253076,3.908007,4.58,56.92,59,2026-08-31T19:42:20.247341,"{""event_id"": ""IOT-0000044"", ""temp"": 4.577240780718527, ""lat"": 51.25307635156714, ""lon"": 3.908006844482908}"
IOT-0000045,SHP-000306,DEV-395,36.546161,141.010801,9.01,52.82,96,2026-09-01T10:27:20.247341,"{""event_id"": ""IOT-0000045"", ""temp"": 9.012519022227641, ""lat"": 36.54616119441417, ""lon"": 141.01080076232424}"
IOT-0000046,SHP-000410,DEV-175,30.829804,120.673769,4.00,49.16,41,2026-09-01T03:59:20.247341,"{""event_id"": ""IOT-0000046"", ""temp"": 4.001022452482976, ""lat"": 30.829803916726693, ""lon"": 120.67376936468226}"
IOT-0000047,SHP-000170,DEV-871,27.111531,56.850300,3.34,74.09,52,2026-08-29T01:27:20.247341,"{""event_id"": ""IOT-0000047"", ""temp"": 3.344898240059119, ""lat"": 27.111530796404836, ""lon"": 56.850300214809}"
IOT-0000048,SHP-000254,DEV-487,27.050927,56.560161,4.07,42.00,82,2026-08-30T00:14:20.247341,"{""event_id"": ""IOT-0000048"", ""temp"": 4.0732552981131604, ""lat"": 27.05092717510072, ""lon"": 56.560161066876915}"
IOT-0000049,SHP-000027,DEV-254,-32.228440,152.509461,5.07,56.82,34,2026-09-01T16:46:20.247341,"{""event_id"": ""IOT-0000049"", ""temp"": 5.066460357442994, ""lat"": -32.228439656359996, ""lon"": 152.5094614735903}"
IOT-0000050,SHP-000422,DEV-134,26.235449,54.479679,17.13,46.49,72,2026-09-02T01:40:20.247341,"{""event_id"": ""IOT-0000050"", ""temp"": 17.12565274520147, ""lat"": 26.235448780337574, ""lon"": 54.47967862350888}"
IOT-0000051,SHP-000193,DEV-505,33.055061,123.915789,15.80,41.51,64,2026-08-30T23:26:20.247341,"{""event_id"": ""IOT-0000051"", ""temp"": 15.800729507342691, ""lat"": 33.055061109092144, ""lon"": 123.91578932496853}"
IOT-0000052,SHP-000273,DEV-890,33.260505,139.604090,6.20,68.32,55,2026-09-01T06:00:20.247341,"{""event_id"": ""IOT-0000052"", ""temp"": 6.198337282119787, ""lat"": 33.260504663117075, ""lon"": 139.60409040897068}"
IOT-0000053,SHP-000463,DEV-761,44.077296,-85.719328,4.29,58.06,18,2026-08-28T17:54:20.247341,"{""event_id"": ""IOT-0000053"", ""temp"": 4.286170124426176, ""lat"": 44.077295999439556, ""lon"": -85.71932846973309}"
IOT-0000054,SHP-000475,DEV-768,-32.825107,151.077261,3.61,55.23,79,2026-08-30T23:41:20.247341,"{""event_id"": ""IOT-0000054"", ""temp"": 3.6100994462000022, ""lat"": -32.82510725317134, ""lon"": 151.07726083424814}"
IOT-0000055,SHP-000083,DEV-654,51.904189,5.771875,5.61,51.97,36,2026-08-28T09:20:20.247341,"{""event_id"": ""IOT-0000055"", ""temp"": 5.610114261761017, ""lat"": 51.904188624444636, ""lon"": 5.77187482746303}"
IOT-0000056,SHP-000188,DEV-604,24.334333,55.397794,3.04,46.35,25,2026-08-31T05:20:20.247341,"{""event_id"": ""IOT-0000056"", ""temp"": 3.043717376558747, ""lat"": 24.334333222490564, ""lon"": 55.39779370919842}"
IOT-0000057,SHP-000414,DEV-271,40.561488,-87.330468,5.04,51.49,56,2026-08-31T07:38:20.247341,"{""event_id"": ""IOT-0000057"", ""temp"": 5.04013424790686, ""lat"": 40.56148759078944, ""lon"": -87.33046808479614}"
IOT-0000058,SHP-000037,DEV-691,25.761503,54.346412,6.05,51.23,73,2026-08-30T02:40:20.247341,"{""event_id"": ""IOT-0000058"", ""temp"": 6.049183862494343, ""lat"": 25.761503452532033, ""lon"": 54.34641151079469}"
IOT-0000059,SHP-000218,DEV-405,41.173931,-87.537598,2.82,46.04,98,2026-08-31T09:00:20.247341,"{""event_id"": ""IOT-0000059"", ""temp"": 2.8168788961220628, ""lat"": 41.173931292120486, ""lon"": -87.53759823476625}"
IOT-0000060,SHP-000398,DEV-569,24.516459,54.749235,5.35,53.90,50,2026-08-30T18:16:20.247341,"{""event_id"": ""IOT-0000060"", ""temp"": 5.34699003417417, ""lat"": 24.516458661772102, ""lon"": 54.74923506839949}"
IOT-0000061,SHP-000096,DEV-654,0.200753,105.651370,5.88,40.64,53,2026-08-29T17:57:20.247341,"{""event_id"": ""IOT-0000061"", ""temp"": 5.878593778246898, ""lat"": 0.20075322407333784, ""lon"": 105.65137022046133}"
IOT-0000062,SHP-000282,DEV-918,35.546055,-119.901771,3.83,71.45,40,2026-09-01T08:45:20.247341,"{""event_id"": ""IOT-0000062"", ""temp"": 3.828008099811983, ""lat"": 35.5460549744614, ""lon"": -119.90177138059997}"
IOT-0000063,SHP-000049,DEV-503,-33.709389,151.647987,13.55,49.37,86,2026-08-28T15:25:20.247341,"{""event_id"": ""IOT-0000063"", ""temp"": 13.5517651318807, ""lat"": -33.7093885719758, ""lon"": 151.64798731908394}"
IOT-0000064,SHP-000120,DEV-510,51.482055,5.614850,2.88,68.28,66,2026-09-01T19:39:20.247341,"{""event_id"": ""IOT-0000064"", ""temp"": 2.8818771298372856, ""lat"": 51.48205453451803, ""lon"": 5.6148497604827226}"
IOT-0000065,SHP-000264,DEV-415,51.393797,7.578089,5.42,61.71,51,2026-08-31T02:19:20.247341,"{""event_id"": ""IOT-0000065"", ""temp"": 5.424002748268801, ""lat"": 51.393797480284555, ""lon"": 7.5780887179106875}"
IOT-0000066,SHP-000473,DEV-924,-24.022811,-47.540741,4.39,44.30,21,2026-08-28T15:17:20.247341,"{""event_id"": ""IOT-0000066"", ""temp"": 4.388796338310742, ""lat"": -24.022810603316927, ""lon"": -47.54074125487628}"
IOT-0000067,SHP-000388,DEV-819,-31.903245,151.110363,3.36,49.96,66,2026-08-30T07:05:20.247341,"{""event_id"": ""IOT-0000067"", ""temp"": 3.36317994964668, ""lat"": -31.903244802476358, ""lon"": 151.11036292841902}"
IOT-0000068,SHP-000012,DEV-162,41.632973,-86.959824,14.95,54.23,59,2026-09-01T22:16:20.247341,"{""event_id"": ""IOT-0000068"", ""temp"": 14.94843216278744, ""lat"": 41.632972563199594, ""lon"": -86.95982378019832}"
IOT-0000069,SHP-000044,DEV-137,-23.178903,-47.203975,3.72,69.78,41,2026-08-30T07:13:20.247341,"{""event_id"": ""IOT-0000069"", ""temp"": 3.7166903361581807, ""lat"": -23.17890266165552, ""lon"": -47.203975170335724}"
IOT-0000070,SHP-000001,DEV-197,55.746840,10.889125,4.96,51.73,68,2026-08-29T14:46:20.247341,"{""event_id"": ""IOT-0000070"", ""temp"": 4.962225674019917, ""lat"": 55.74684002637951, ""lon"": 10.889124925019528}"
IOT-0000071,SHP-000338,DEV-351,31.917522,119.750912,5.03,41.55,33,2026-08-28T02:39:20.247341,"{""event_id"": ""IOT-0000071"", ""temp"": 5.027385484933777, ""lat"": 31.917521731117603, ""lon"": 119.75091195815602}"
IOT-0000072,SHP-000022,DEV-754,3.712759,105.600628,5.78,60.45,40,2026-08-28T09:44:20.247341,"{""event_id"": ""IOT-0000072"", ""temp"": 5.776531404455665, ""lat"": 3.7127588268557963, ""lon"": 105.60062842454346}"
IOT-0000073,SHP-000384,DEV-203,-33.923256,149.976511,5.61,49.40,50,2026-08-31T18:46:20.247341,"{""event_id"": ""IOT-0000073"", ""temp"": 5.605643134930165, ""lat"": -33.923256449069, ""lon"": 149.97651062113448}"
IOT-0000074,SHP-000057,DEV-220,2.059158,104.739931,3.25,69.22,66,2026-08-28T08:52:20.247341,"{""event_id"": ""IOT-0000074"", ""temp"": 3.250528007423084, ""lat"": 2.0591584571497856, ""lon"": 104.73993106370108}"
IOT-0000075,SHP-000296,DEV-165,42.367525,-86.313344,5.71,60.14,70,2026-08-30T04:54:20.247341,"{""event_id"": ""IOT-0000075"", ""temp"": 5.712962365947264, ""lat"": 42.3675252261628, ""lon"": -86.3133439417831}"
IOT-0000076,SHP-000396,DEV-816,24.627416,56.417059,2.90,71.86,19,2026-08-29T13:36:20.247341,"{""event_id"": ""IOT-0000076"", ""temp"": 2.904924906390229, ""lat"": 24.62741609129958, ""lon"": 56.41705885930743}"
IOT-0000077,SHP-000253,DEV-816,29.623610,122.606485,13.49,58.85,65,2026-09-01T23:44:20.247341,"{""event_id"": ""IOT-0000077"", ""temp"": 13.486331052678963, ""lat"": 29.62361004942945, ""lon"": 122.60648462846584}"
IOT-0000078,SHP-000430,DEV-224,53.648216,2.607780,6.49,53.31,81,2026-09-01T21:16:20.247341,"{""event_id"": ""IOT-0000078"", ""temp"": 6.488804100699293, ""lat"": 53.64821599586975, ""lon"": 2.6077804837617804}"
IOT-0000079,SHP-000488,DEV-943,25.365717,56.892200,3.57,62.98,97,2026-08-30T08:02:20.247341,"{""event_id"": ""IOT-0000079"", ""temp"": 3.5705435520381292, ""lat"": 25.365717305013465, ""lon"": 56.89220046761936}"
IOT-0000080,SHP-000226,DEV-339,35.031036,138.245531,14.69,47.53,71,2026-09-01T06:00:20.247341,"{""event_id"": ""IOT-0000080"", ""temp"": 14.689225872841504, ""lat"": 35.03103553984366, ""lon"": 138.24553122878228}"
IOT-0000081,SHP-000016,DEV-895,34.333565,139.971252,5.12,45.63,96,2026-08-29T20:41:20.247341,"{""event_id"": ""IOT-0000081"", ""temp"": 5.124690716545686, ""lat"": 34.33356497875403, ""lon"": 139.97125190003936}"
IOT-0000082,SHP-000314,DEV-494,36.467111,140.070747,4.47,45.91,51,2026-09-01T04:57:20.247341,"{""event_id"": ""IOT-0000082"", ""temp"": 4.4675472904435685, ""lat"": 36.46711119835103, ""lon"": 140.07074689398112}"
IOT-0000083,SHP-000345,DEV-936,-34.893230,153.371799,2.92,70.36,21,2026-08-28T14:04:20.247341,"{""event_id"": ""IOT-0000083"", ""temp"": 2.924816217582502, ""lat"": -34.89322962138928, ""lon"": 153.37179867750442}"
IOT-0000084,SHP-000305,DEV-589,49.483165,6.871230,2.05,45.78,36,2026-09-01T11:42:20.247341,"{""event_id"": ""IOT-0000084"", ""temp"": 2.053124581822229, ""lat"": 49.48316490023761, ""lon"": 6.871229934503267}"
IOT-0000085,SHP-000118,DEV-838,34.166652,-118.130323,6.11,70.58,30,2026-08-28T03:11:20.247341,"{""event_id"": ""IOT-0000085"", ""temp"": 6.106225440658722, ""lat"": 34.16665195536899, ""lon"": -118.13032327891054}"
IOT-0000086,SHP-000407,DEV-523,50.326000,3.603954,4.51,70.84,52,2026-08-28T05:21:20.247341,"{""event_id"": ""IOT-0000086"", ""temp"": 4.509795976927251, ""lat"": 50.32600040369723, ""lon"": 3.6039541264937704}"
IOT-0000087,SHP-000259,DEV-872,-26.175492,-46.999064,4.04,64.25,83,2026-08-29T14:50:20.247341,"{""event_id"": ""IOT-0000087"", ""temp"": 4.040065462224691, ""lat"": -26.175491938636156, ""lon"": -46.99906428742522}"
IOT-0000088,SHP-000428,DEV-656,27.676247,55.881308,2.79,57.30,84,2026-08-30T21:12:20.247341,"{""event_id"": ""IOT-0000088"", ""temp"": 2.7858142081286, ""lat"": 27.67624674655137, ""lon"": 55.88130807914732}"
IOT-0000089,SHP-000119,DEV-261,43.605416,-89.812364,2.32,52.07,97,2026-08-30T06:37:20.247341,"{""event_id"": ""IOT-0000089"", ""temp"": 2.318975208537542, ""lat"": 43.605416295407295, ""lon"": -89.81236441370768}"
IOT-0000090,SHP-000142,DEV-469,-0.288065,103.162278,5.16,44.67,55,2026-09-01T10:25:20.247341,"{""event_id"": ""IOT-0000090"", ""temp"": 5.159490815658009, ""lat"": -0.2880649974909075, ""lon"": 103.16227796950699}"
IOT-0000091,SHP-000234,DEV-850,2.073000,104.263560,4.31,62.33,91,2026-08-28T13:55:20.247341,"{""event_id"": ""IOT-0000091"", ""temp"": 4.305267322862208, ""lat"": 2.0730001049936613, ""lon"": 104.26356012634827}"
IOT-0000092,SHP-000343,DEV-682,36.864973,141.957013,12.64,70.72,59,2026-09-01T14:27:20.247341,"{""event_id"": ""IOT-0000092"", ""temp"": 12.644152031303678, ""lat"": 36.864973386700434, ""lon"": 141.95701256629835}"
IOT-0000093,SHP-000057,DEV-114,-24.937093,-48.763169,5.33,56.11,87,2026-09-01T23:16:20.247341,"{""event_id"": ""IOT-0000093"", ""temp"": 5.327448102422185, ""lat"": -24.937093060055442, ""lon"": -48.76316928808193}"
IOT-0000094,SHP-000431,DEV-264,32.933168,119.514888,2.49,48.92,39,2026-08-28T23:21:20.247341,"{""event_id"": ""IOT-0000094"", ""temp"": 2.494062624746247, ""lat"": 32.93316776668897, ""lon"": 119.51488823159437}"
IOT-0000095,SHP-000259,DEV-171,-33.377626,149.768081,6.19,69.92,67,2026-08-28T21:38:20.247341,"{""event_id"": ""IOT-0000095"", ""temp"": 6.193996252284018, ""lat"": -33.37762635723773, ""lon"": 149.76808129014162}"
IOT-0000096,SHP-000100,DEV-466,54.979803,10.336992,3.04,71.45,70,2026-09-02T03:17:20.247341,"{""event_id"": ""IOT-0000096"", ""temp"": 3.04087333703735, ""lat"": 54.97980342159854, ""lon"": 10.336991618598036}"
IOT-0000097,SHP-000361,DEV-963,35.660127,140.454246,2.47,74.76,87,2026-08-30T13:12:20.247341,"{""event_id"": ""IOT-0000097"", ""temp"": 2.467074816211215, ""lat"": 35.6601271048637, ""lon"": 140.45424639327598}"
IOT-0000098,SHP-000111,DEV-633,33.612200,137.664040,4.05,54.83,85,2026-08-30T22:52:20.247341,"{""event_id"": ""IOT-0000098"", ""temp"": 4.05031536967865, ""lat"": 33.61220044247993, ""lon"": 137.66403954970417}"
IOT-0000099,SHP-000500,DEV-780,55.994961,11.754108,2.52,47.64,82,2026-08-28T15:14:20.247341,"{""event_id"": ""IOT-0000099"", ""temp"": 2.524814384660008, ""lat"": 55.99496132110262, ""lon"": 11.754108139716527}"
IOT-0000100,SHP-000228,DEV-311,-22.633086,-44.336686,3.93,59.61,67,2026-08-28T22:49:20.247341,"{""event_id"": ""IOT-0000100"", ""temp"": 3.9347279842682554, ""lat"": -22.633086096403662, ""lon"": -44.336686262776475}"
IOT-0000101,SHP-000384,DEV-192,39.388443,-86.152169,4.68,57.11,17,2026-08-30T03:58:20.247341,"{""event_id"": ""IOT-0000101"", ""temp"": 4.67984127798942, ""lat"": 39.38844301803751, ""lon"": -86.15216902821926}"
IOT-0000102,SHP-000498,DEV-862,41.760420,-88.733790,5.72,43.01,80,2026-08-30T12:15:20.247341,"{""event_id"": ""IOT-0000102"", ""temp"": 5.724006269982196, ""lat"": 41.76041955449775, ""lon"": -88.7337897222885}"
IOT-0000103,SHP-000113,DEV-616,-35.546596,150.148399,2.02,64.03,35,2026-09-01T02:36:20.247341,"{""event_id"": ""IOT-0000103"", ""temp"": 2.020008027533764, ""lat"": -35.54659576959739, ""lon"": 150.14839893987946}"
IOT-0000104,SHP-000347,DEV-105,40.477899,-86.102466,5.20,66.69,82,2026-09-01T12:59:20.247341,"{""event_id"": ""IOT-0000104"", ""temp"": 5.201386436683986, ""lat"": 40.47789931185539, ""lon"": -86.10246616613576}"
IOT-0000105,SHP-000073,DEV-399,25.889375,55.521671,2.09,74.10,34,2026-09-01T13:55:20.247341,"{""event_id"": ""IOT-0000105"", ""temp"": 2.0920316217467034, ""lat"": 25.889375349677323, ""lon"": 55.521670784979065}"
IOT-0000106,SHP-000281,DEV-421,24.548546,54.140179,3.65,54.87,90,2026-08-30T17:29:20.247341,"{""event_id"": ""IOT-0000106"", ""temp"": 3.6478827916496273, ""lat"": 24.54854630657812, ""lon"": 54.14017875763713}"
IOT-0000107,SHP-000133,DEV-199,32.980461,120.282049,3.27,74.42,89,2026-08-28T19:27:20.247341,"{""event_id"": ""IOT-0000107"", ""temp"": 3.274274842632134, ""lat"": 32.98046085355715, ""lon"": 120.28204949889404}"
IOT-0000108,SHP-000314,DEV-575,55.571958,10.179935,2.87,64.11,65,2026-08-28T07:26:20.247341,"{""event_id"": ""IOT-0000108"", ""temp"": 2.869263896420768, ""lat"": 55.5719583851472, ""lon"": 10.179934720844852}"
IOT-0000109,SHP-000345,DEV-727,-24.742622,-47.017499,9.34,54.26,94,2026-08-30T18:39:20.247341,"{""event_id"": ""IOT-0000109"", ""temp"": 9.338536925771146, ""lat"": -24.742622229306036, ""lon"": -47.01749875755713}"
IOT-0000110,SHP-000080,DEV-357,25.306145,54.269637,4.74,52.06,52,2026-08-28T03:30:20.247341,"{""event_id"": ""IOT-0000110"", ""temp"": 4.741198277621816, ""lat"": 25.306145447938633, ""lon"": 54.269636958826176}"
IOT-0000111,SHP-000335,DEV-204,44.205732,-86.263251,3.32,74.23,84,2026-09-01T06:35:20.247341,"{""event_id"": ""IOT-0000111"", ""temp"": 3.3245496438715545, ""lat"": 44.205732164999276, ""lon"": -86.26325055132577}"
IOT-0000112,SHP-000069,DEV-310,35.160421,-116.091121,4.69,56.35,68,2026-08-31T21:05:20.247341,"{""event_id"": ""IOT-0000112"", ""temp"": 4.693111151994634, ""lat"": 35.16042119197286, ""lon"": -116.09112119976848}"
IOT-0000113,SHP-000281,DEV-537,1.170001,103.924601,13.68,48.03,43,2026-08-31T06:50:20.247341,"{""event_id"": ""IOT-0000113"", ""temp"": 13.683038873841465, ""lat"": 1.170000560589867, ""lon"": 103.92460125864426}"
IOT-0000114,SHP-000291,DEV-191,2.253396,102.167717,3.32,43.10,61,2026-09-01T23:00:20.247341,"{""event_id"": ""IOT-0000114"", ""temp"": 3.3229128011867104, ""lat"": 2.253396428577152, ""lon"": 102.16771656032762}"
IOT-0000115,SHP-000241,DEV-802,34.849366,-117.655852,4.87,55.88,97,2026-08-29T17:23:20.247341,"{""event_id"": ""IOT-0000115"", ""temp"": 4.86889852864519, ""lat"": 34.84936617198672, ""lon"": -117.6558517948423}"
IOT-0000116,SHP-000279,DEV-788,35.066595,-120.674934,5.48,47.59,44,2026-08-31T20:02:20.247341,"{""event_id"": ""IOT-0000116"", ""temp"": 5.477345690384372, ""lat"": 35.06659528182564, ""lon"": -120.67493368194891}"
IOT-0000117,SHP-000384,DEV-736,29.458551,122.945084,4.82,45.79,95,2026-08-29T14:33:20.247341,"{""event_id"": ""IOT-0000117"", ""temp"": 4.823337710601914, ""lat"": 29.45855107070965, ""lon"": 122.94508353862109}"
IOT-0000118,SHP-000203,DEV-767,3.180239,104.896188,4.23,41.04,97,2026-09-01T19:25:20.247341,"{""event_id"": ""IOT-0000118"", ""temp"": 4.228010596993687, ""lat"": 3.1802394422310885, ""lon"": 104.89618825076323}"
IOT-0000119,SHP-000338,DEV-888,33.610273,120.713286,5.85,41.83,68,2026-08-28T21:49:20.247341,"{""event_id"": ""IOT-0000119"", ""temp"": 5.848453830464645, ""lat"": 33.61027264032736, ""lon"": 120.7132864498828}"
IOT-0000120,SHP-000336,DEV-859,51.460882,9.778955,3.83,71.53,43,2026-08-29T04:50:20.247341,"{""event_id"": ""IOT-0000120"", ""temp"": 3.834798201106209, ""lat"": 51.46088214198252, ""lon"": 9.77895474558576}"
IOT-0000121,SHP-000152,DEV-444,-35.722367,150.944892,2.91,45.26,86,2026-08-30T02:38:20.247341,"{""event_id"": ""IOT-0000121"", ""temp"": 2.9108509746918116, ""lat"": -35.72236741763919, ""lon"": 150.94489196520055}"
IOT-0000122,SHP-000453,DEV-167,32.009733,-119.003880,4.68,56.13,16,2026-09-01T10:45:20.247341,"{""event_id"": ""IOT-0000122"", ""temp"": 4.6786562467321104, ""lat"": 32.00973268428272, ""lon"": -119.00388033102011}"
IOT-0000123,SHP-000376,DEV-544,29.517651,121.023702,5.10,71.77,20,2026-09-01T03:30:20.247341,"{""event_id"": ""IOT-0000123"", ""temp"": 5.095707771174029, ""lat"": 29.51765095627355, ""lon"": 121.02370229156564}"
IOT-0000124,SHP-000324,DEV-504,-32.609558,152.898929,3.91,43.66,55,2026-08-31T20:52:20.247341,"{""event_id"": ""IOT-0000124"", ""temp"": 3.9090864634847526, ""lat"": -32.60955839110728, ""lon"": 152.8989289082077}"
IOT-0000125,SHP-000047,DEV-618,38.031619,140.057694,2.33,72.51,46,2026-08-28T22:05:20.247341,"{""event_id"": ""IOT-0000125"", ""temp"": 2.328843598621534, ""lat"": 38.031619310445016, ""lon"": 140.0576941819534}"
IOT-0000126,SHP-000496,DEV-802,49.566574,2.703241,3.74,68.71,29,2026-09-01T04:06:20.247341,"{""event_id"": ""IOT-0000126"", ""temp"": 3.7435939589868834, ""lat"": 49.566573980274, ""lon"": 2.703241168920704}"
IOT-0000127,SHP-000386,DEV-901,50.606974,6.641443,3.87,58.84,50,2026-08-31T23:25:20.247341,"{""event_id"": ""IOT-0000127"", ""temp"": 3.868371217257929, ""lat"": 50.60697363044053, ""lon"": 6.641443278191285}"
IOT-0000128,SHP-000172,DEV-481,-22.126754,-47.856393,2.81,51.47,41,2026-09-01T12:52:20.247341,"{""event_id"": ""IOT-0000128"", ""temp"": 2.8061430320149627, ""lat"": -22.12675399498142, ""lon"": -47.85639256290801}"
IOT-0000129,SHP-000203,DEV-339,33.038435,-116.296421,5.05,57.73,87,2026-08-28T12:27:20.247341,"{""event_id"": ""IOT-0000129"", ""temp"": 5.045112720968003, ""lat"": 33.0384349449424, ""lon"": -116.29642055021463}"
IOT-0000130,SHP-000274,DEV-710,32.418678,119.686367,3.38,47.99,35,2026-08-29T21:11:20.247341,"{""event_id"": ""IOT-0000130"", ""temp"": 3.384391879790439, ""lat"": 32.41867829051637, ""lon"": 119.6863672324935}"
IOT-0000131,SHP-000184,DEV-560,-22.756329,-46.426331,6.05,57.70,63,2026-08-30T00:35:20.247341,"{""event_id"": ""IOT-0000131"", ""temp"": 6.0480432132903985, ""lat"": -22.756328709928212, ""lon"": -46.42633087574846}"
IOT-0000132,SHP-000324,DEV-596,-22.789835,-47.530944,3.38,40.80,16,2026-08-30T23:51:20.247341,"{""event_id"": ""IOT-0000132"", ""temp"": 3.375463924473091, ""lat"": -22.78983469770905, ""lon"": -47.53094411266714}"
IOT-0000133,SHP-000443,DEV-100,35.837242,138.018709,5.86,55.60,93,2026-09-01T16:16:20.247341,"{""event_id"": ""IOT-0000133"", ""temp"": 5.85690985068695, ""lat"": 35.83724199150349, ""lon"": 138.01870916224146}"
IOT-0000134,SHP-000473,DEV-644,1.416128,102.438556,4.12,48.60,76,2026-08-28T07:10:20.247341,"{""event_id"": ""IOT-0000134"", ""temp"": 4.121875448755799, ""lat"": 1.4161279595332275, ""lon"": 102.43855612038863}"
IOT-0000135,SHP-000284,DEV-195,-31.929935,149.975515,2.04,57.35,61,2026-08-31T13:35:20.247341,"{""event_id"": ""IOT-0000135"", ""temp"": 2.0418420827675847, ""lat"": -31.92993470027986, ""lon"": 149.97551498991191}"
IOT-0000136,SHP-000312,DEV-970,35.113898,139.362878,3.10,54.58,95,2026-08-29T19:28:20.247341,"{""event_id"": ""IOT-0000136"", ""temp"": 3.096912341029721, ""lat"": 35.11389819404725, ""lon"": 139.36287755665032}"
IOT-0000137,SHP-000318,DEV-107,-32.966391,149.277257,4.98,66.46,40,2026-08-31T20:20:20.247341,"{""event_id"": ""IOT-0000137"", ""temp"": 4.978847958129704, ""lat"": -32.966391155257945, ""lon"": 149.27725731979032}"
IOT-0000138,SHP-000412,DEV-473,33.632930,121.545363,4.30,40.05,66,2026-08-31T18:51:20.247341,"{""event_id"": ""IOT-0000138"", ""temp"": 4.301383535006973, ""lat"": 33.63292963061602, ""lon"": 121.5453632861573}"
IOT-0000139,SHP-000435,DEV-485,34.631634,140.788481,5.69,68.37,33,2026-09-01T21:56:20.247341,"{""event_id"": ""IOT-0000139"", ""temp"": 5.685834854805209, ""lat"": 34.63163364549617, ""lon"": 140.78848123413252}"
IOT-0000140,SHP-000234,DEV-783,32.722244,122.125236,5.88,46.91,22,2026-08-28T07:05:20.247341,"{""event_id"": ""IOT-0000140"", ""temp"": 5.880831112772982, ""lat"": 32.72224445190985, ""lon"": 122.12523610556228}"
IOT-0000141,SHP-000210,DEV-216,30.026523,122.074897,2.37,47.15,99,2026-08-31T13:49:20.247341,"{""event_id"": ""IOT-0000141"", ""temp"": 2.3690765932568487, ""lat"": 30.026523495880774, ""lon"": 122.07489725604411}"
IOT-0000142,SHP-000140,DEV-361,-0.568501,105.284751,5.21,74.82,20,2026-08-31T10:32:20.247341,"{""event_id"": ""IOT-0000142"", ""temp"": 5.2068078745064295, ""lat"": -0.5685009414677276, ""lon"": 105.28475107718015}"
IOT-0000143,SHP-000473,DEV-473,35.699380,140.571556,12.91,57.83,17,2026-08-31T12:16:20.247341,"{""event_id"": ""IOT-0000143"", ""temp"": 12.909303201619267, ""lat"": 35.69937952571089, ""lon"": 140.57155601475822}"
IOT-0000144,SHP-000435,DEV-653,55.002638,9.193989,3.09,57.37,94,2026-08-31T20:15:20.247341,"{""event_id"": ""IOT-0000144"", ""temp"": 3.0932960427702856, ""lat"": 55.00263764620237, ""lon"": 9.193988846121204}"
IOT-0000145,SHP-000002,DEV-293,25.009882,56.410971,4.59,44.12,36,2026-08-28T05:48:20.247341,"{""event_id"": ""IOT-0000145"", ""temp"": 4.591202911505409, ""lat"": 25.009881704301606, ""lon"": 56.410971368894266}"
IOT-0000146,SHP-000403,DEV-349,36.119749,-118.913113,2.35,74.64,57,2026-08-29T15:13:20.247341,"{""event_id"": ""IOT-0000146"", ""temp"": 2.3539954354084522, ""lat"": 36.11974894777841, ""lon"": -118.91311285906909}"
IOT-0000147,SHP-000164,DEV-277,29.069954,122.393212,3.90,61.42,64,2026-08-29T07:41:20.247341,"{""event_id"": ""IOT-0000147"", ""temp"": 3.8950462227022817, ""lat"": 29.06995449395336, ""lon"": 122.39321242409318}"
IOT-0000148,SHP-000374,DEV-597,23.403351,56.750405,6.04,66.67,57,2026-09-01T20:14:20.247341,"{""event_id"": ""IOT-0000148"", ""temp"": 6.042895932792766, ""lat"": 23.403351258272934, ""lon"": 56.75040471890177}"
IOT-0000149,SHP-000251,DEV-572,25.830604,54.575648,4.74,57.48,16,2026-09-01T07:35:20.247341,"{""event_id"": ""IOT-0000149"", ""temp"": 4.737514590839989, ""lat"": 25.83060401694442, ""lon"": 54.57564786554659}"
IOT-0000150,SHP-000092,DEV-594,-21.974238,-44.958336,3.51,51.30,30,2026-09-01T04:38:20.247341,"{""event_id"": ""IOT-0000150"", ""temp"": 3.514642417852869, ""lat"": -21.974238427348492, ""lon"": -44.95833637023396}"
IOT-0000151,SHP-000259,DEV-601,-34.788582,152.382059,2.36,40.05,74,2026-08-29T17:14:20.247341,"{""event_id"": ""IOT-0000151"", ""temp"": 2.3642659154500465, ""lat"": -34.78858236904674, ""lon"": 152.38205875803476}"
IOT-0000152,SHP-000064,DEV-915,26.212247,52.855922,4.12,40.59,88,2026-09-01T18:37:20.247341,"{""event_id"": ""IOT-0000152"", ""temp"": 4.117825752412163, ""lat"": 26.2122469983008, ""lon"": 52.85592197524247}"
IOT-0000153,SHP-000016,DEV-951,55.983759,12.470570,2.46,48.51,24,2026-08-29T17:18:20.247341,"{""event_id"": ""IOT-0000153"", ""temp"": 2.4559677450385307, ""lat"": 55.98375875529261, ""lon"": 12.47057002329172}"
IOT-0000154,SHP-000243,DEV-425,25.005457,57.686375,12.59,45.23,96,2026-08-31T18:25:20.247341,"{""event_id"": ""IOT-0000154"", ""temp"": 12.592146208379784, ""lat"": 25.005457229748977, ""lon"": 57.686375262613424}"
IOT-0000155,SHP-000373,DEV-861,41.562766,-88.843315,2.63,44.01,32,2026-08-28T11:41:20.247341,"{""event_id"": ""IOT-0000155"", ""temp"": 2.633056442610048, ""lat"": 41.56276628923126, ""lon"": -88.84331451160135}"
IOT-0000156,SHP-000154,DEV-139,36.725425,141.737307,3.34,63.74,57,2026-09-01T13:48:20.247341,"{""event_id"": ""IOT-0000156"", ""temp"": 3.340861382391626, ""lat"": 36.72542534001343, ""lon"": 141.7373068086041}"
IOT-0000157,SHP-000336,DEV-649,35.288461,138.643567,5.94,54.15,97,2026-08-30T08:30:20.247341,"{""event_id"": ""IOT-0000157"", ""temp"": 5.944824410288782, ""lat"": 35.28846084342133, ""lon"": 138.64356730021044}"
IOT-0000158,SHP-000107,DEV-258,54.059319,2.905323,5.83,56.06,19,2026-08-29T09:58:20.247341,"{""event_id"": ""IOT-0000158"", ""temp"": 5.831787837526525, ""lat"": 54.05931899478749, ""lon"": 2.9053233430712617}"
IOT-0000159,SHP-000157,DEV-514,-23.299773,-44.460818,4.19,46.69,94,2026-08-28T02:49:20.247341,"{""event_id"": ""IOT-0000159"", ""temp"": 4.194759281450589, ""lat"": -23.29977311256325, ""lon"": -44.46081774019068}"
IOT-0000160,SHP-000367,DEV-689,52.523693,4.487480,3.86,68.57,76,2026-08-31T12:58:20.247341,"{""event_id"": ""IOT-0000160"", ""temp"": 3.8617230988558644, ""lat"": 52.52369252956794, ""lon"": 4.487480008553525}"
IOT-0000161,SHP-000025,DEV-282,43.605537,-89.671777,3.83,42.22,94,2026-08-30T05:12:20.247341,"{""event_id"": ""IOT-0000161"", ""temp"": 3.829383461704788, ""lat"": 43.60553694796073, ""lon"": -89.67177655743134}"
IOT-0000162,SHP-000318,DEV-511,53.444900,11.359545,3.04,67.73,87,2026-08-29T19:19:20.247341,"{""event_id"": ""IOT-0000162"", ""temp"": 3.043094041858401, ""lat"": 53.44490022253291, ""lon"": 11.35954451741503}"
IOT-0000163,SHP-000085,DEV-459,40.167291,-87.321327,2.60,51.51,82,2026-09-01T17:46:20.247341,"{""event_id"": ""IOT-0000163"", ""temp"": 2.59890782211234, ""lat"": 40.16729102052987, ""lon"": -87.32132663354602}"
IOT-0000164,SHP-000317,DEV-329,32.939029,-118.462636,5.31,57.09,94,2026-08-28T20:06:20.247341,"{""event_id"": ""IOT-0000164"", ""temp"": 5.309798329588395, ""lat"": 32.939028791460586, ""lon"": -118.46263557247022}"
IOT-0000165,SHP-000197,DEV-374,49.502904,3.488911,5.09,53.39,40,2026-08-31T06:53:20.247341,"{""event_id"": ""IOT-0000165"", ""temp"": 5.091372588423857, ""lat"": 49.502903771512045, ""lon"": 3.4889114136753414}"
IOT-0000166,SHP-000011,DEV-870,-0.691696,102.173797,13.33,59.74,57,2026-08-30T04:09:20.247341,"{""event_id"": ""IOT-0000166"", ""temp"": 13.333123431366872, ""lat"": -0.6916963423325972, ""lon"": 102.17379728594233}"
IOT-0000167,SHP-000393,DEV-416,-22.569923,-45.380520,3.50,47.15,90,2026-08-30T00:19:20.247341,"{""event_id"": ""IOT-0000167"", ""temp"": 3.5021791697433198, ""lat"": -22.569922525796834, ""lon"": -45.38052025145099}"
IOT-0000168,SHP-000330,DEV-312,32.343817,119.320940,6.24,58.74,36,2026-08-30T11:35:20.247341,"{""event_id"": ""IOT-0000168"", ""temp"": 6.241421388961261, ""lat"": 32.343816872233184, ""lon"": 119.32093973412937}"
IOT-0000169,SHP-000249,DEV-831,36.843733,139.983992,15.04,55.50,36,2026-08-29T02:59:20.247341,"{""event_id"": ""IOT-0000169"", ""temp"": 15.041597295820036, ""lat"": 36.84373274347426, ""lon"": 139.98399186341214}"
IOT-0000170,SHP-000219,DEV-826,34.793897,-120.119800,16.98,41.83,34,2026-08-30T14:22:20.247341,"{""event_id"": ""IOT-0000170"", ""temp"": 16.977480383228304, ""lat"": 34.79389730368181, ""lon"": -120.11979996062075}"
IOT-0000171,SHP-000413,DEV-831,31.906015,-119.448210,17.53,48.38,42,2026-08-28T13:41:20.247341,"{""event_id"": ""IOT-0000171"", ""temp"": 17.530814274255405, ""lat"": 31.906014794853192, ""lon"": -119.44821008916603}"
IOT-0000172,SHP-000462,DEV-694,24.926660,54.044702,2.40,66.25,61,2026-08-30T06:15:20.247341,"{""event_id"": ""IOT-0000172"", ""temp"": 2.403460632088099, ""lat"": 24.926659575689083, ""lon"": 54.044702109461944}"
IOT-0000173,SHP-000293,DEV-502,35.495632,141.725000,16.62,66.80,22,2026-09-01T05:56:20.247341,"{""event_id"": ""IOT-0000173"", ""temp"": 16.617766910472923, ""lat"": 35.495631824054364, ""lon"": 141.72500028901987}"
IOT-0000174,SHP-000046,DEV-387,30.017372,123.510506,5.14,71.52,86,2026-09-01T10:17:20.247341,"{""event_id"": ""IOT-0000174"", ""temp"": 5.138912458935501, ""lat"": 30.01737197945004, ""lon"": 123.51050609000036}"
IOT-0000175,SHP-000443,DEV-966,35.225773,139.593010,17.88,62.29,54,2026-08-30T04:00:20.247341,"{""event_id"": ""IOT-0000175"", ""temp"": 17.876532357311845, ""lat"": 35.22577348198169, ""lon"": 139.59300970813828}"
IOT-0000176,SHP-000393,DEV-364,51.239030,12.393119,2.21,48.72,28,2026-09-01T23:05:20.247341,"{""event_id"": ""IOT-0000176"", ""temp"": 2.2053861338301437, ""lat"": 51.23903023287261, ""lon"": 12.393119380676211}"
IOT-0000177,SHP-000376,DEV-792,-35.621903,153.414077,6.42,56.76,17,2026-08-31T08:57:20.247341,"{""event_id"": ""IOT-0000177"", ""temp"": 6.418772945810805, ""lat"": -35.62190307900658, ""lon"": 153.4140773488507}"
IOT-0000178,SHP-000232,DEV-876,41.007720,-89.132364,2.32,53.56,16,2026-08-30T19:58:20.247341,"{""event_id"": ""IOT-0000178"", ""temp"": 2.3242054004595767, ""lat"": 41.00771974458446, ""lon"": -89.13236356820097}"
IOT-0000179,SHP-000207,DEV-504,53.302284,3.497864,5.98,67.27,86,2026-08-31T09:29:20.247341,"{""event_id"": ""IOT-0000179"", ""temp"": 5.976110832812951, ""lat"": 53.30228421742325, ""lon"": 3.4978637497979745}"
IOT-0000180,SHP-000289,DEV-509,-21.753065,-45.259552,2.10,67.43,29,2026-08-29T15:00:20.247341,"{""event_id"": ""IOT-0000180"", ""temp"": 2.1038592571341526, ""lat"": -21.753064553625638, ""lon"": -45.25955218132045}"
IOT-0000181,SHP-000236,DEV-698,35.675997,137.199548,4.22,71.51,59,2026-08-30T09:18:20.247341,"{""event_id"": ""IOT-0000181"", ""temp"": 4.223358163107655, ""lat"": 35.67599700955754, ""lon"": 137.1995480053877}"
IOT-0000182,SHP-000023,DEV-779,-24.178595,-44.452788,2.01,70.59,83,2026-08-28T13:38:20.247341,"{""event_id"": ""IOT-0000182"", ""temp"": 2.0137413335620375, ""lat"": -24.178594937483574, ""lon"": -44.45278759136944}"
IOT-0000183,SHP-000161,DEV-355,31.721819,119.955854,2.12,63.49,33,2026-08-31T01:31:20.247341,"{""event_id"": ""IOT-0000183"", ""temp"": 2.1184004351396477, ""lat"": 31.721819449602027, ""lon"": 119.95585351810125}"
IOT-0000184,SHP-000299,DEV-786,40.586307,-89.670401,3.17,43.28,72,2026-09-01T22:49:20.247341,"{""event_id"": ""IOT-0000184"", ""temp"": 3.167004193484915, ""lat"": 40.58630734432945, ""lon"": -89.67040125180952}"
IOT-0000185,SHP-000007,DEV-558,31.659382,120.682686,6.16,57.00,55,2026-08-30T09:04:20.247341,"{""event_id"": ""IOT-0000185"", ""temp"": 6.162772477918824, ""lat"": 31.65938222419257, ""lon"": 120.68268568022152}"
IOT-0000186,SHP-000468,DEV-224,-35.893082,152.999072,4.83,54.15,28,2026-09-01T11:20:20.247341,"{""event_id"": ""IOT-0000186"", ""temp"": 4.8267303609155565, ""lat"": -35.89308201267564, ""lon"": 152.99907207945566}"
IOT-0000187,SHP-000295,DEV-688,41.118402,-87.140091,4.63,71.15,20,2026-09-01T19:53:20.247341,"{""event_id"": ""IOT-0000187"", ""temp"": 4.625928283168031, ""lat"": 41.11840174072191, ""lon"": -87.14009148625448}"
IOT-0000188,SHP-000435,DEV-455,39.399724,-90.055476,5.25,62.16,63,2026-08-29T06:31:20.247341,"{""event_id"": ""IOT-0000188"", ""temp"": 5.254638210202744, ""lat"": 39.39972412624565, ""lon"": -90.05547578397531}"
IOT-0000189,SHP-000352,DEV-774,29.806320,121.754640,3.10,69.45,30,2026-08-28T20:34:20.247341,"{""event_id"": ""IOT-0000189"", ""temp"": 3.099387980624614, ""lat"": 29.80631996861121, ""lon"": 121.754639942679}"
IOT-0000190,SHP-000345,DEV-495,23.874793,55.578217,2.48,64.52,44,2026-08-30T01:27:20.247341,"{""event_id"": ""IOT-0000190"", ""temp"": 2.478267451777331, ""lat"": 23.874792683381017, ""lon"": 55.578216705657894}"
IOT-0000191,SHP-000046,DEV-823,26.371474,53.773533,4.03,44.06,39,2026-08-31T19:11:20.247341,"{""event_id"": ""IOT-0000191"", ""temp"": 4.02991499351449, ""lat"": 26.371473915009233, ""lon"": 53.7735328960654}"
IOT-0000192,SHP-000305,DEV-416,51.337830,4.138124,5.34,74.52,40,2026-08-31T03:54:20.247341,"{""event_id"": ""IOT-0000192"", ""temp"": 5.337724794207404, ""lat"": 51.33783002628084, ""lon"": 4.138123767151967}"
IOT-0000193,SHP-000347,DEV-663,27.382371,56.795650,4.17,57.19,89,2026-08-31T21:21:20.247341,"{""event_id"": ""IOT-0000193"", ""temp"": 4.172894814810672, ""lat"": 27.38237139205433, ""lon"": 56.795650021729564}"
IOT-0000194,SHP-000140,DEV-965,24.169308,55.494972,3.11,43.95,15,2026-08-31T21:37:20.247341,"{""event_id"": ""IOT-0000194"", ""temp"": 3.1060710930455357, ""lat"": 24.16930812197737, ""lon"": 55.494971739871296}"
IOT-0000195,SHP-000468,DEV-513,0.872879,103.522587,2.94,63.45,40,2026-08-29T01:10:20.247341,"{""event_id"": ""IOT-0000195"", ""temp"": 2.9447554131985942, ""lat"": 0.8728785388142914, ""lon"": 103.52258657736724}"
IOT-0000196,SHP-000434,DEV-416,33.374832,121.577072,4.68,66.90,41,2026-08-28T21:25:20.247341,"{""event_id"": ""IOT-0000196"", ""temp"": 4.684911314366948, ""lat"": 33.374831826805824, ""lon"": 121.57707241495461}"
IOT-0000197,SHP-000434,DEV-357,31.900898,121.208678,4.26,52.75,20,2026-08-29T18:16:20.247341,"{""event_id"": ""IOT-0000197"", ""temp"": 4.259564963692258, ""lat"": 31.900898445424797, ""lon"": 121.2086775636344}"
IOT-0000198,SHP-000219,DEV-356,39.987559,-87.137195,5.43,47.04,43,2026-08-28T05:49:20.247341,"{""event_id"": ""IOT-0000198"", ""temp"": 5.430849686901203, ""lat"": 39.987558547460594, ""lon"": -87.13719453601277}"
IOT-0000199,SHP-000470,DEV-752,-0.286391,105.337019,6.20,51.73,90,2026-09-01T13:13:20.247341,"{""event_id"": ""IOT-0000199"", ""temp"": 6.204008738956919, ""lat"": -0.28639078160545495, ""lon"": 105.33701875567786}"
IOT-0000200,SHP-000359,DEV-267,-25.160206,-47.395239,5.27,66.86,78,2026-09-01T16:03:20.247341,"{""event_id"": ""IOT-0000200"", ""temp"": 5.267032888104206, ""lat"": -25.160205583459263, ""lon"": -47.39523925093109}"
IOT-0000201,SHP-000441,DEV-383,-34.685822,151.492736,5.29,55.35,74,2026-08-30T03:08:20.247341,"{""event_id"": ""IOT-0000201"", ""temp"": 5.292856985645145, ""lat"": -34.685822477338014, ""lon"": 151.49273639833189}"
IOT-0000202,SHP-000483,DEV-628,43.457960,-89.411016,17.86,48.81,73,2026-09-01T05:09:20.247341,"{""event_id"": ""IOT-0000202"", ""temp"": 17.86492682722647, ""lat"": 43.457959925484374, ""lon"": -89.41101576087382}"
IOT-0000203,SHP-000198,DEV-307,-32.678057,149.600952,4.11,54.75,18,2026-09-01T03:59:20.247341,"{""event_id"": ""IOT-0000203"", ""temp"": 4.108210795676248, ""lat"": -32.67805704118531, ""lon"": 149.60095193885934}"
IOT-0000204,SHP-000380,DEV-680,35.755251,-119.377165,5.61,72.78,64,2026-09-01T22:30:20.247341,"{""event_id"": ""IOT-0000204"", ""temp"": 5.609852769325207, ""lat"": 35.75525078530892, ""lon"": -119.37716515959794}"
IOT-0000205,SHP-000474,DEV-632,41.497543,-86.732176,2.14,40.47,92,2026-08-31T07:17:20.247341,"{""event_id"": ""IOT-0000205"", ""temp"": 2.1372605989027478, ""lat"": 41.49754338385428, ""lon"": -86.73217565789645}"
IOT-0000206,SHP-000332,DEV-216,0.534548,105.556368,2.17,42.62,17,2026-08-31T15:33:20.247341,"{""event_id"": ""IOT-0000206"", ""temp"": 2.1711517176744413, ""lat"": 0.5345484913468075, ""lon"": 105.55636840273988}"
IOT-0000207,SHP-000205,DEV-836,-32.386435,149.902686,8.95,64.69,67,2026-09-01T18:45:20.247341,"{""event_id"": ""IOT-0000207"", ""temp"": 8.952638010075379, ""lat"": -32.386434580937745, ""lon"": 149.9026858059085}"
IOT-0000208,SHP-000080,DEV-105,50.932209,4.148953,2.40,63.29,98,2026-08-28T16:54:20.247341,"{""event_id"": ""IOT-0000208"", ""temp"": 2.4036674153119164, ""lat"": 50.93220923005788, ""lon"": 4.148952700639123}"
IOT-0000209,SHP-000315,DEV-113,0.898382,103.975414,5.96,46.60,91,2026-08-29T09:27:20.247341,"{""event_id"": ""IOT-0000209"", ""temp"": 5.962218843509185, ""lat"": 0.8983820720885705, ""lon"": 103.97541410860744}"
IOT-0000210,SHP-000347,DEV-451,41.078774,-87.956111,6.02,62.77,38,2026-09-01T14:21:20.247341,"{""event_id"": ""IOT-0000210"", ""temp"": 6.019193457318778, ""lat"": 41.07877449469956, ""lon"": -87.95611084044269}"
IOT-0000211,SHP-000308,DEV-729,53.544497,10.544940,2.41,55.12,86,2026-08-29T05:16:20.247341,"{""event_id"": ""IOT-0000211"", ""temp"": 2.411299991608508, ""lat"": 53.5444968935622, ""lon"": 10.544940461253606}"
IOT-0000212,SHP-000254,DEV-590,28.955422,122.802677,6.49,45.70,73,2026-08-30T21:01:20.247341,"{""event_id"": ""IOT-0000212"", ""temp"": 6.4898595214166725, ""lat"": 28.955421560471294, ""lon"": 122.80267711743775}"
IOT-0000213,SHP-000086,DEV-732,23.827345,55.460573,3.95,64.98,15,2026-09-01T13:21:20.247341,"{""event_id"": ""IOT-0000213"", ""temp"": 3.946888403025426, ""lat"": 23.82734509740128, ""lon"": 55.46057297281633}"
IOT-0000214,SHP-000222,DEV-482,53.597709,9.154419,5.15,67.99,72,2026-08-30T18:30:20.247341,"{""event_id"": ""IOT-0000214"", ""temp"": 5.1530618817386, ""lat"": 53.597708548773014, ""lon"": 9.154419314635703}"
IOT-0000215,SHP-000378,DEV-359,42.812683,-85.863988,5.35,65.80,36,2026-08-29T21:40:20.247341,"{""event_id"": ""IOT-0000215"", ""temp"": 5.346760878847451, ""lat"": 42.81268274040287, ""lon"": -85.86398817258413}"
IOT-0000216,SHP-000203,DEV-276,23.280536,53.566953,3.84,58.51,89,2026-08-28T17:06:20.247341,"{""event_id"": ""IOT-0000216"", ""temp"": 3.8365130419091997, ""lat"": 23.280535729555485, ""lon"": 53.56695339360276}"
IOT-0000217,SHP-000184,DEV-299,43.170132,-85.691932,2.29,72.00,70,2026-08-30T06:25:20.247341,"{""event_id"": ""IOT-0000217"", ""temp"": 2.2878755092471725, ""lat"": 43.170132103467544, ""lon"": -85.69193171219341}"
IOT-0000218,SHP-000079,DEV-604,1.702346,105.803471,4.21,56.78,77,2026-08-28T10:39:20.247341,"{""event_id"": ""IOT-0000218"", ""temp"": 4.208238206605277, ""lat"": 1.7023457467293142, ""lon"": 105.8034709588832}"
IOT-0000219,SHP-000406,DEV-702,0.155010,105.757907,2.83,42.12,34,2026-08-29T05:19:20.247341,"{""event_id"": ""IOT-0000219"", ""temp"": 2.8260631083023076, ""lat"": 0.15501027942400736, ""lon"": 105.75790656600417}"
IOT-0000220,SHP-000267,DEV-188,42.708474,-88.740118,6.32,48.56,69,2026-08-30T23:46:20.247341,"{""event_id"": ""IOT-0000220"", ""temp"": 6.319169614900293, ""lat"": 42.70847397779458, ""lon"": -88.74011822595372}"
IOT-0000221,SHP-000405,DEV-477,-22.147867,-48.761340,2.19,44.81,38,2026-08-31T20:22:20.247341,"{""event_id"": ""IOT-0000221"", ""temp"": 2.189844716976424, ""lat"": -22.1478674721234, ""lon"": -48.761339845957366}"
IOT-0000222,SHP-000340,DEV-706,50.796462,6.219120,3.07,61.16,17,2026-08-28T03:49:20.247341,"{""event_id"": ""IOT-0000222"", ""temp"": 3.068671504699778, ""lat"": 50.796461740542924, ""lon"": 6.219119706571219}"
IOT-0000223,SHP-000087,DEV-738,43.904667,-86.526141,5.59,47.83,38,2026-09-01T23:37:20.247341,"{""event_id"": ""IOT-0000223"", ""temp"": 5.5869519220974295, ""lat"": 43.90466737264551, ""lon"": -86.52614106834147}"
IOT-0000224,SHP-000087,DEV-157,40.023810,-86.047407,4.40,43.25,42,2026-09-01T07:56:20.247341,"{""event_id"": ""IOT-0000224"", ""temp"": 4.399760894143794, ""lat"": 40.023809873506906, ""lon"": -86.04740670078274}"
IOT-0000225,SHP-000169,DEV-449,33.980453,138.657453,2.62,71.23,24,2026-08-31T03:14:20.247341,"{""event_id"": ""IOT-0000225"", ""temp"": 2.6204539865841903, ""lat"": 33.98045322985305, ""lon"": 138.65745336990082}"
IOT-0000226,SHP-000171,DEV-414,25.464771,55.805546,2.71,58.07,21,2026-09-01T03:57:20.247341,"{""event_id"": ""IOT-0000226"", ""temp"": 2.7110947162874663, ""lat"": 25.464771267830738, ""lon"": 55.805546104651576}"
IOT-0000227,SHP-000286,DEV-924,27.299909,55.161109,3.61,43.62,98,2026-08-30T08:31:20.247341,"{""event_id"": ""IOT-0000227"", ""temp"": 3.6055973588107655, ""lat"": 27.299908558338934, ""lon"": 55.16110910913469}"
IOT-0000228,SHP-000146,DEV-699,49.844065,2.078819,3.76,53.55,100,2026-09-01T20:09:20.247341,"{""event_id"": ""IOT-0000228"", ""temp"": 3.7565151163047688, ""lat"": 49.84406533860381, ""lon"": 2.0788185828267434}"
IOT-0000229,SHP-000094,DEV-374,32.046378,-119.959912,2.77,49.69,34,2026-08-29T23:53:20.247341,"{""event_id"": ""IOT-0000229"", ""temp"": 2.774693918311702, ""lat"": 32.04637805184737, ""lon"": -119.95991156508794}"
IOT-0000230,SHP-000411,DEV-296,36.042333,-118.364967,6.14,41.81,86,2026-08-29T22:24:20.247341,"{""event_id"": ""IOT-0000230"", ""temp"": 6.137108589844181, ""lat"": 36.04233250697169, ""lon"": -118.36496663739227}"
IOT-0000231,SHP-000168,DEV-664,27.105208,55.897696,4.55,57.42,98,2026-08-31T05:02:20.247341,"{""event_id"": ""IOT-0000231"", ""temp"": 4.550160141724938, ""lat"": 27.105207514078216, ""lon"": 55.897695586262316}"
IOT-0000232,SHP-000452,DEV-300,55.622764,10.751947,5.87,64.95,35,2026-08-30T13:44:20.247341,"{""event_id"": ""IOT-0000232"", ""temp"": 5.872163290310287, ""lat"": 55.62276362659559, ""lon"": 10.751946766845478}"
IOT-0000233,SHP-000337,DEV-711,53.181773,2.164829,2.47,50.72,74,2026-08-31T07:30:20.247341,"{""event_id"": ""IOT-0000233"", ""temp"": 2.4684069758843656, ""lat"": 53.18177283888474, ""lon"": 2.164829239827223}"
IOT-0000234,SHP-000198,DEV-575,26.478603,55.957000,4.95,73.28,34,2026-08-29T13:37:20.247341,"{""event_id"": ""IOT-0000234"", ""temp"": 4.954253570842172, ""lat"": 26.478602701089613, ""lon"": 55.9569998292432}"
IOT-0000235,SHP-000235,DEV-961,33.672696,122.288111,2.57,57.90,85,2026-08-30T14:35:20.247341,"{""event_id"": ""IOT-0000235"", ""temp"": 2.565089645410631, ""lat"": 33.672695686858795, ""lon"": 122.28811060220731}"
IOT-0000236,SHP-000260,DEV-759,41.328713,-88.247879,12.06,62.65,95,2026-08-28T17:21:20.247341,"{""event_id"": ""IOT-0000236"", ""temp"": 12.05965954521569, ""lat"": 41.32871324223516, ""lon"": -88.24787920053002}"
IOT-0000237,SHP-000364,DEV-253,24.906276,54.834827,2.85,43.32,61,2026-08-30T16:51:20.247341,"{""event_id"": ""IOT-0000237"", ""temp"": 2.850639312058749, ""lat"": 24.90627551030939, ""lon"": 54.8348265990644}"
IOT-0000238,SHP-000310,DEV-275,23.196191,53.562187,2.51,49.93,34,2026-08-30T23:43:20.247341,"{""event_id"": ""IOT-0000238"", ""temp"": 2.5098602817981055, ""lat"": 23.196191406395386, ""lon"": 53.56218714508737}"
IOT-0000239,SHP-000128,DEV-113,2.086582,101.427393,17.75,57.66,83,2026-08-28T13:48:20.247341,"{""event_id"": ""IOT-0000239"", ""temp"": 17.75388107255565, ""lat"": 2.086581619493759, ""lon"": 101.4273930502001}"
IOT-0000240,SHP-000483,DEV-549,32.735529,-117.202290,2.84,58.79,51,2026-08-28T08:27:20.247341,"{""event_id"": ""IOT-0000240"", ""temp"": 2.8407076039485273, ""lat"": 32.7355292617169, ""lon"": -117.20229004497854}"
IOT-0000241,SHP-000162,DEV-729,41.732356,-89.120541,2.34,65.10,24,2026-08-29T19:27:20.247341,"{""event_id"": ""IOT-0000241"", ""temp"": 2.341310676255658, ""lat"": 41.73235574793378, ""lon"": -89.12054084859305}"
IOT-0000242,SHP-000335,DEV-788,32.931503,-117.353780,3.15,56.49,42,2026-09-01T03:31:20.247341,"{""event_id"": ""IOT-0000242"", ""temp"": 3.150201383901791, ""lat"": 32.931502669577135, ""lon"": -117.35377973016018}"
IOT-0000243,SHP-000115,DEV-351,3.210108,102.212841,6.37,67.00,23,2026-08-28T08:36:20.247341,"{""event_id"": ""IOT-0000243"", ""temp"": 6.374320989591328, ""lat"": 3.210107636722042, ""lon"": 102.21284079288979}"
IOT-0000244,SHP-000026,DEV-493,51.812113,4.457336,14.01,40.51,17,2026-08-29T18:32:20.247341,"{""event_id"": ""IOT-0000244"", ""temp"": 14.006251108880154, ""lat"": 51.812113176167735, ""lon"": 4.45733642768602}"
IOT-0000245,SHP-000171,DEV-327,-33.672909,149.940359,4.30,66.65,66,2026-08-31T14:21:20.247341,"{""event_id"": ""IOT-0000245"", ""temp"": 4.298212466572812, ""lat"": -33.67290902318385, ""lon"": 149.9403593448118}"
IOT-0000246,SHP-000149,DEV-997,36.373650,138.706884,5.31,66.64,32,2026-08-29T03:35:20.247341,"{""event_id"": ""IOT-0000246"", ""temp"": 5.312503596796104, ""lat"": 36.373649640113925, ""lon"": 138.70688397493942}"
IOT-0000247,SHP-000382,DEV-937,25.477475,56.831081,4.16,42.55,41,2026-08-31T21:15:20.247341,"{""event_id"": ""IOT-0000247"", ""temp"": 4.156228050686104, ""lat"": 25.47747517154164, ""lon"": 56.8310808368693}"
IOT-0000248,SHP-000122,DEV-607,53.268990,9.592176,2.92,74.43,64,2026-08-28T07:34:20.247341,"{""event_id"": ""IOT-0000248"", ""temp"": 2.9235532664063024, ""lat"": 53.268990276290246, ""lon"": 9.59217638839969}"
IOT-0000249,SHP-000341,DEV-916,36.163519,140.819263,4.92,54.96,71,2026-09-01T10:43:20.247341,"{""event_id"": ""IOT-0000249"", ""temp"": 4.922971147231559, ""lat"": 36.16351938209634, ""lon"": 140.81926308558073}"
IOT-0000250,SHP-000488,DEV-317,32.987574,119.843252,5.30,46.31,84,2026-09-01T07:08:20.247341,"{""event_id"": ""IOT-0000250"", ""temp"": 5.303410639723149, ""lat"": 32.9875740022099, ""lon"": 119.8432515669804}"
IOT-0000251,SHP-000161,DEV-484,40.514137,-89.444546,3.68,71.46,58,2026-08-31T12:32:20.247341,"{""event_id"": ""IOT-0000251"", ""temp"": 3.681363607375334, ""lat"": 40.51413712594188, ""lon"": -89.44454550457604}"
IOT-0000252,SHP-000181,DEV-459,35.834628,137.652396,5.49,47.67,36,2026-08-30T08:03:20.247341,"{""event_id"": ""IOT-0000252"", ""temp"": 5.4880933252315, ""lat"": 35.834627535000024, ""lon"": 137.65239571747426}"
IOT-0000253,SHP-000105,DEV-195,40.690150,-89.781640,13.61,72.88,39,2026-08-28T13:26:20.247341,"{""event_id"": ""IOT-0000253"", ""temp"": 13.61335849837235, ""lat"": 40.690149570929194, ""lon"": -89.78163965372772}"
IOT-0000254,SHP-000451,DEV-835,54.812639,11.497850,9.03,68.42,57,2026-08-30T05:43:20.247341,"{""event_id"": ""IOT-0000254"", ""temp"": 9.033994589790332, ""lat"": 54.812638926911866, ""lon"": 11.497850080867849}"
IOT-0000255,SHP-000186,DEV-717,35.522156,-119.584626,4.35,62.18,40,2026-08-29T01:24:20.247341,"{""event_id"": ""IOT-0000255"", ""temp"": 4.348444403162171, ""lat"": 35.522155944056266, ""lon"": -119.58462564840008}"
IOT-0000256,SHP-000087,DEV-981,29.622891,119.374424,3.13,60.80,79,2026-08-30T23:21:20.247341,"{""event_id"": ""IOT-0000256"", ""temp"": 3.12665905290502, ""lat"": 29.622890648451964, ""lon"": 119.37442440204124}"
IOT-0000257,SHP-000194,DEV-930,52.778667,3.487500,4.35,70.94,80,2026-08-30T13:56:20.247341,"{""event_id"": ""IOT-0000257"", ""temp"": 4.345962022051431, ""lat"": 52.77866687863341, ""lon"": 3.487499941109637}"
IOT-0000258,SHP-000197,DEV-212,41.001168,-90.076950,2.07,71.65,53,2026-08-28T06:00:20.247341,"{""event_id"": ""IOT-0000258"", ""temp"": 2.073827364117105, ""lat"": 41.001168172261025, ""lon"": -90.07694998413533}"
IOT-0000259,SHP-000160,DEV-213,3.518698,103.166995,2.02,41.88,54,2026-08-31T10:04:20.247341,"{""event_id"": ""IOT-0000259"", ""temp"": 2.020566354977219, ""lat"": 3.5186975586459877, ""lon"": 103.16699544872743}"
IOT-0000260,SHP-000130,DEV-936,53.018434,10.502834,2.57,50.12,71,2026-08-28T09:32:20.247341,"{""event_id"": ""IOT-0000260"", ""temp"": 2.570914788606884, ""lat"": 53.01843375822849, ""lon"": 10.502833540194922}"
IOT-0000261,SHP-000276,DEV-261,-34.863400,152.333822,5.92,47.33,97,2026-08-29T21:31:20.247341,"{""event_id"": ""IOT-0000261"", ""temp"": 5.916494043049175, ""lat"": -34.863399998049346, ""lon"": 152.33382222236148}"
IOT-0000262,SHP-000305,DEV-414,34.631881,137.749585,3.05,70.47,20,2026-08-28T15:07:20.247341,"{""event_id"": ""IOT-0000262"", ""temp"": 3.0530080830537294, ""lat"": 34.63188125016359, ""lon"": 137.7495854276733}"
IOT-0000263,SHP-000490,DEV-632,54.375771,10.328587,6.35,67.40,89,2026-08-31T16:03:20.247341,"{""event_id"": ""IOT-0000263"", ""temp"": 6.352507755250257, ""lat"": 54.37577122611657, ""lon"": 10.328586890827758}"
IOT-0000264,SHP-000440,DEV-267,53.317982,6.375260,5.33,60.07,96,2026-08-28T14:04:20.247341,"{""event_id"": ""IOT-0000264"", ""temp"": 5.325791229458588, ""lat"": 53.317981742125625, ""lon"": 6.375260333367794}"
IOT-0000265,SHP-000127,DEV-954,-0.297303,102.198464,6.17,60.63,59,2026-08-31T23:30:20.247341,"{""event_id"": ""IOT-0000265"", ""temp"": 6.173418617801451, ""lat"": -0.29730325522171075, ""lon"": 102.1984640950276}"
IOT-0000266,SHP-000381,DEV-801,-34.945151,150.670988,5.25,42.94,33,2026-08-31T06:40:20.247341,"{""event_id"": ""IOT-0000266"", ""temp"": 5.25442236858202, ""lat"": -34.945151461310466, ""lon"": 150.67098814998388}"
IOT-0000267,SHP-000404,DEV-303,54.853879,11.790454,5.29,72.25,21,2026-09-01T15:47:20.247341,"{""event_id"": ""IOT-0000267"", ""temp"": 5.289717404578779, ""lat"": 54.85387945742384, ""lon"": 11.79045393763149}"
IOT-0000268,SHP-000401,DEV-542,-32.157658,149.917183,5.45,51.78,90,2026-09-01T12:20:20.247341,"{""event_id"": ""IOT-0000268"", ""temp"": 5.445451327858847, ""lat"": -32.15765843179605, ""lon"": 149.91718265434207}"
IOT-0000269,SHP-000015,DEV-289,37.017472,141.376489,5.61,70.63,67,2026-09-01T07:02:20.247341,"{""event_id"": ""IOT-0000269"", ""temp"": 5.608837523575248, ""lat"": 37.017471609004936, ""lon"": 141.3764888215144}"
IOT-0000270,SHP-000015,DEV-340,50.185901,5.281441,2.41,59.98,16,2026-09-02T00:47:20.247341,"{""event_id"": ""IOT-0000270"", ""temp"": 2.4079484418052006, ""lat"": 50.18590132347303, ""lon"": 5.281441154333999}"
IOT-0000271,SHP-000060,DEV-211,-25.816144,-45.228273,3.48,59.43,94,2026-08-31T00:48:20.247341,"{""event_id"": ""IOT-0000271"", ""temp"": 3.4798492417548594, ""lat"": -25.816143930568256, ""lon"": -45.22827311512534}"
IOT-0000272,SHP-000182,DEV-272,53.690999,10.686619,5.97,45.45,64,2026-08-28T15:09:20.247341,"{""event_id"": ""IOT-0000272"", ""temp"": 5.9699733273858575, ""lat"": 53.69099909550129, ""lon"": 10.686619378749718}"
IOT-0000273,SHP-000085,DEV-730,-33.012798,153.566646,2.31,72.75,68,2026-08-31T21:17:20.247341,"{""event_id"": ""IOT-0000273"", ""temp"": 2.3061787790731296, ""lat"": -33.01279821946432, ""lon"": 153.5666463119212}"
IOT-0000274,SHP-000152,DEV-866,54.057369,4.557483,4.64,45.43,39,2026-09-01T14:28:20.247341,"{""event_id"": ""IOT-0000274"", ""temp"": 4.643028955618434, ""lat"": 54.057368765596664, ""lon"": 4.557483252109961}"
IOT-0000275,SHP-000312,DEV-818,31.843754,-117.927356,8.95,58.62,92,2026-08-29T12:05:20.247341,"{""event_id"": ""IOT-0000275"", ""temp"": 8.953899403350706, ""lat"": 31.843753594363267, ""lon"": -117.92735594697427}"
IOT-0000276,SHP-000389,DEV-374,-22.134411,-45.499845,4.94,72.38,54,2026-08-28T03:06:20.247341,"{""event_id"": ""IOT-0000276"", ""temp"": 4.943211205480928, ""lat"": -22.13441101837259, ""lon"": -45.49984495419743}"
IOT-0000277,SHP-000273,DEV-929,53.887337,10.730766,3.16,64.20,48,2026-09-01T13:12:20.247341,"{""event_id"": ""IOT-0000277"", ""temp"": 3.163283708021632, ""lat"": 53.88733666918962, ""lon"": 10.73076602091609}"
IOT-0000278,SHP-000230,DEV-545,-0.390026,106.305056,2.16,43.86,71,2026-09-01T04:22:20.247341,"{""event_id"": ""IOT-0000278"", ""temp"": 2.16244490070472, ""lat"": -0.3900260933845894, ""lon"": 106.30505556292213}"
IOT-0000279,SHP-000045,DEV-627,53.527863,12.175967,4.47,42.10,46,2026-09-01T01:20:20.247341,"{""event_id"": ""IOT-0000279"", ""temp"": 4.473579235399431, ""lat"": 53.52786250661527, ""lon"": 12.175967287927213}"
IOT-0000280,SHP-000156,DEV-895,-23.145702,-44.394113,2.84,60.29,43,2026-08-30T08:32:20.247341,"{""event_id"": ""IOT-0000280"", ""temp"": 2.8400777940367834, ""lat"": -23.145702207186364, ""lon"": -44.39411339433291}"
IOT-0000281,SHP-000053,DEV-714,40.234377,-87.742972,2.76,43.58,84,2026-08-28T17:10:20.247341,"{""event_id"": ""IOT-0000281"", ""temp"": 2.7621471223149765, ""lat"": 40.23437659442886, ""lon"": -87.74297197014823}"
IOT-0000282,SHP-000495,DEV-897,55.753694,11.318236,3.94,56.17,65,2026-08-30T04:03:20.247341,"{""event_id"": ""IOT-0000282"", ""temp"": 3.935469508216548, ""lat"": 55.75369419608783, ""lon"": 11.31823574706006}"
IOT-0000283,SHP-000398,DEV-112,-21.916560,-46.814367,6.15,46.04,54,2026-08-30T13:25:20.247341,"{""event_id"": ""IOT-0000283"", ""temp"": 6.151382826298588, ""lat"": -21.916559698556686, ""lon"": -46.814366683294764}"
IOT-0000284,SHP-000429,DEV-596,-0.932754,102.409159,4.47,72.78,38,2026-08-30T00:28:20.247341,"{""event_id"": ""IOT-0000284"", ""temp"": 4.471640565666442, ""lat"": -0.9327536020806253, ""lon"": 102.40915925160816}"
IOT-0000285,SHP-000190,DEV-945,1.087834,102.615745,5.42,52.19,17,2026-08-29T14:24:20.247341,"{""event_id"": ""IOT-0000285"", ""temp"": 5.423526796465184, ""lat"": 1.0878335017092944, ""lon"": 102.61574457636156}"
IOT-0000286,SHP-000319,DEV-814,51.153117,8.215586,4.80,66.33,80,2026-08-31T18:03:20.247341,"{""event_id"": ""IOT-0000286"", ""temp"": 4.803742067938661, ""lat"": 51.153116996569985, ""lon"": 8.215585520100214}"
IOT-0000287,SHP-000398,DEV-887,40.753930,-89.923756,6.40,68.34,62,2026-09-01T02:45:20.247341,"{""event_id"": ""IOT-0000287"", ""temp"": 6.403992093410723, ""lat"": 40.753929666776074, ""lon"": -89.92375555913776}"
IOT-0000288,SHP-000481,DEV-541,36.766158,137.769292,3.64,59.68,92,2026-08-31T00:34:20.247341,"{""event_id"": ""IOT-0000288"", ""temp"": 3.6368967485259365, ""lat"": 36.76615833624995, ""lon"": 137.76929172368938}"
IOT-0000289,SHP-000238,DEV-808,30.861570,123.724486,5.93,44.16,97,2026-08-28T11:57:20.247341,"{""event_id"": ""IOT-0000289"", ""temp"": 5.92900149300846, ""lat"": 30.861569908506365, ""lon"": 123.72448584696657}"
IOT-0000290,SHP-000204,DEV-595,51.184056,8.826864,4.23,44.64,50,2026-08-29T11:23:20.247341,"{""event_id"": ""IOT-0000290"", ""temp"": 4.228103951625068, ""lat"": 51.18405634825433, ""lon"": 8.826863643889993}"
IOT-0000291,SHP-000424,DEV-671,32.018082,-119.647520,5.84,67.96,19,2026-08-28T11:28:20.247341,"{""event_id"": ""IOT-0000291"", ""temp"": 5.839473654476212, ""lat"": 32.01808224725932, ""lon"": -119.64751999671255}"
IOT-0000292,SHP-000393,DEV-886,33.941680,-116.996894,2.73,50.17,32,2026-08-30T12:22:20.247341,"{""event_id"": ""IOT-0000292"", ""temp"": 2.7280759389446487, ""lat"": 33.94167955349331, ""lon"": -116.99689426487284}"
IOT-0000293,SHP-000088,DEV-685,-34.357402,151.637834,2.19,44.86,90,2026-08-28T05:30:20.247341,"{""event_id"": ""IOT-0000293"", ""temp"": 2.1923178901474443, ""lat"": -34.35740218782721, ""lon"": 151.63783443559072}"
IOT-0000294,SHP-000310,DEV-749,32.120317,119.141379,2.31,48.47,36,2026-08-29T14:43:20.247341,"{""event_id"": ""IOT-0000294"", ""temp"": 2.3117297903608716, ""lat"": 32.120317393569024, ""lon"": 119.14137913154407}"
IOT-0000295,SHP-000162,DEV-247,-0.539247,104.944550,4.33,48.61,39,2026-08-29T02:38:20.247341,"{""event_id"": ""IOT-0000295"", ""temp"": 4.331040656564818, ""lat"": -0.5392469185961872, ""lon"": 104.94455000972869}"
IOT-0000296,SHP-000057,DEV-290,52.558219,6.815759,2.34,49.23,37,2026-08-29T23:12:20.247341,"{""event_id"": ""IOT-0000296"", ""temp"": 2.342609649383412, ""lat"": 52.558219445326785, ""lon"": 6.815758926268523}"
IOT-0000297,SHP-000011,DEV-624,50.623733,2.869502,3.02,60.00,42,2026-08-31T10:54:20.247341,"{""event_id"": ""IOT-0000297"", ""temp"": 3.023212560413648, ""lat"": 50.62373342688634, ""lon"": 2.8695019421570507}"
IOT-0000298,SHP-000065,DEV-282,42.399077,-85.302942,5.21,60.73,32,2026-09-01T19:03:20.247341,"{""event_id"": ""IOT-0000298"", ""temp"": 5.214805383910496, ""lat"": 42.39907738518153, ""lon"": -85.3029415173479}"
IOT-0000299,SHP-000453,DEV-916,-24.578246,-44.913132,2.93,60.42,92,2026-08-30T11:07:20.247341,"{""event_id"": ""IOT-0000299"", ""temp"": 2.9302477702555656, ""lat"": -24.578246012180486, ""lon"": -44.91313160226975}"
IOT-0000300,SHP-000049,DEV-814,1.667231,103.490393,5.00,55.88,99,2026-08-28T03:50:20.247341,"{""event_id"": ""IOT-0000300"", ""temp"": 5.002615401658124, ""lat"": 1.6672309165338293, ""lon"": 103.49039337694592}"
IOT-0000301,SHP-000329,DEV-747,54.832391,9.687852,3.46,52.68,31,2026-08-28T02:58:20.247341,"{""event_id"": ""IOT-0000301"", ""temp"": 3.4572449245750514, ""lat"": 54.832391082117375, ""lon"": 9.687851839831808}"
IOT-0000302,SHP-000476,DEV-839,53.620778,9.598755,2.97,71.50,29,2026-09-01T08:42:20.247341,"{""event_id"": ""IOT-0000302"", ""temp"": 2.972398394660412, ""lat"": 53.62077825308581, ""lon"": 9.598754959072968}"
IOT-0000303,SHP-000437,DEV-322,-22.662608,-45.579581,4.57,64.26,58,2026-08-30T22:35:20.247341,"{""event_id"": ""IOT-0000303"", ""temp"": 4.566918212612185, ""lat"": -22.66260845115732, ""lon"": -45.57958148854366}"
IOT-0000304,SHP-000205,DEV-402,51.483056,8.902613,2.75,73.79,86,2026-08-28T04:16:20.247341,"{""event_id"": ""IOT-0000304"", ""temp"": 2.749773753051801, ""lat"": 51.48305646996271, ""lon"": 8.902612917939635}"
IOT-0000305,SHP-000452,DEV-351,-31.799280,149.329562,4.77,51.45,86,2026-08-30T09:14:20.247341,"{""event_id"": ""IOT-0000305"", ""temp"": 4.769749340918311, ""lat"": -31.799280230394064, ""lon"": 149.32956151022708}"
IOT-0000306,SHP-000186,DEV-208,55.225641,10.831577,4.20,41.63,94,2026-08-29T07:29:20.247341,"{""event_id"": ""IOT-0000306"", ""temp"": 4.1974820064383564, ""lat"": 55.22564067480404, ""lon"": 10.831576563384774}"
IOT-0000307,SHP-000464,DEV-599,35.279488,139.412973,3.99,48.72,91,2026-08-28T21:09:20.247341,"{""event_id"": ""IOT-0000307"", ""temp"": 3.9878828599612826, ""lat"": 35.27948764639834, ""lon"": 139.4129728556256}"
IOT-0000308,SHP-000376,DEV-414,51.387953,7.635787,4.96,59.78,95,2026-08-29T05:00:20.247341,"{""event_id"": ""IOT-0000308"", ""temp"": 4.964442694069474, ""lat"": 51.38795253562246, ""lon"": 7.635786531562443}"
IOT-0000309,SHP-000095,DEV-262,34.705997,137.189704,3.02,43.55,49,2026-08-28T06:46:20.247341,"{""event_id"": ""IOT-0000309"", ""temp"": 3.019919930060187, ""lat"": 34.70599740138921, ""lon"": 137.18970392609685}"
IOT-0000310,SHP-000370,DEV-808,-25.206632,-48.035632,2.97,68.18,32,2026-08-31T06:47:20.247341,"{""event_id"": ""IOT-0000310"", ""temp"": 2.966395567747366, ""lat"": -25.20663161354619, ""lon"": -48.03563199868944}"
IOT-0000311,SHP-000217,DEV-595,3.203155,105.927506,2.47,65.89,82,2026-09-01T09:01:20.247341,"{""event_id"": ""IOT-0000311"", ""temp"": 2.4689486558007134, ""lat"": 3.2031548016477345, ""lon"": 105.92750630702966}"
IOT-0000312,SHP-000397,DEV-797,53.495291,4.362140,2.21,48.37,42,2026-09-01T05:33:20.247341,"{""event_id"": ""IOT-0000312"", ""temp"": 2.2081760137193487, ""lat"": 53.495290947989865, ""lon"": 4.362139726657388}"
IOT-0000313,SHP-000499,DEV-926,49.454586,3.612583,5.91,71.15,23,2026-09-01T12:33:20.247341,"{""event_id"": ""IOT-0000313"", ""temp"": 5.9108115738612055, ""lat"": 49.45458574475922, ""lon"": 3.6125832109880687}"
IOT-0000314,SHP-000424,DEV-157,54.407075,3.861674,5.74,53.40,81,2026-08-31T02:13:20.247341,"{""event_id"": ""IOT-0000314"", ""temp"": 5.738319494057957, ""lat"": 54.40707492227864, ""lon"": 3.861674400494067}"
IOT-0000315,SHP-000100,DEV-223,0.786633,103.770131,5.03,60.53,70,2026-08-29T02:43:20.247341,"{""event_id"": ""IOT-0000315"", ""temp"": 5.025071307902854, ""lat"": 0.7866333507857266, ""lon"": 103.77013110060228}"
IOT-0000316,SHP-000262,DEV-945,33.354416,139.122638,2.22,69.25,16,2026-09-01T10:31:20.247341,"{""event_id"": ""IOT-0000316"", ""temp"": 2.2196660815429943, ""lat"": 33.354415726953064, ""lon"": 139.12263768789884}"
IOT-0000317,SHP-000266,DEV-274,26.287701,54.312090,3.02,62.61,38,2026-08-29T12:54:20.247341,"{""event_id"": ""IOT-0000317"", ""temp"": 3.023129713434234, ""lat"": 26.28770098875521, ""lon"": 54.312089669947575}"
IOT-0000318,SHP-000482,DEV-432,-25.250395,-45.684960,3.33,66.34,75,2026-09-02T00:44:20.247341,"{""event_id"": ""IOT-0000318"", ""temp"": 3.3316615707541315, ""lat"": -25.25039535340019, ""lon"": -45.684959898773236}"
IOT-0000319,SHP-000218,DEV-123,50.141839,6.888337,5.76,53.03,37,2026-08-29T10:30:20.247341,"{""event_id"": ""IOT-0000319"", ""temp"": 5.756878646829627, ""lat"": 50.14183851322839, ""lon"": 6.888336637805628}"
IOT-0000320,SHP-000324,DEV-946,33.407451,-120.191568,2.12,63.57,76,2026-08-30T21:46:20.247341,"{""event_id"": ""IOT-0000320"", ""temp"": 2.116279266943104, ""lat"": 33.407451040957135, ""lon"": -120.19156758829843}"
IOT-0000321,SHP-000324,DEV-210,30.426800,121.157414,6.01,61.12,79,2026-09-01T16:14:20.247341,"{""event_id"": ""IOT-0000321"", ""temp"": 6.007516944093198, ""lat"": 30.426799634399067, ""lon"": 121.15741449974301}"
IOT-0000322,SHP-000345,DEV-268,-26.401406,-47.621878,2.16,48.84,37,2026-08-30T20:39:20.247341,"{""event_id"": ""IOT-0000322"", ""temp"": 2.162318309895942, ""lat"": -26.401405535498156, ""lon"": -47.621877807764264}"
IOT-0000323,SHP-000296,DEV-902,51.405780,8.333314,6.25,48.24,87,2026-08-31T19:06:20.247341,"{""event_id"": ""IOT-0000323"", ""temp"": 6.249521074671219, ""lat"": 51.4057799937498, ""lon"": 8.333313569772379}"
IOT-0000324,SHP-000453,DEV-971,39.969649,-88.405113,4.34,53.44,51,2026-08-28T06:52:20.247341,"{""event_id"": ""IOT-0000324"", ""temp"": 4.344976063110975, ""lat"": 39.96964858904961, ""lon"": -88.40511282468502}"
IOT-0000325,SHP-000125,DEV-617,-36.145747,149.292697,6.08,70.55,81,2026-08-28T15:10:20.247341,"{""event_id"": ""IOT-0000325"", ""temp"": 6.081181077423872, ""lat"": -36.14574674918629, ""lon"": 149.2926974336519}"
IOT-0000326,SHP-000066,DEV-289,51.968944,8.690440,5.35,58.09,91,2026-08-31T00:21:20.247341,"{""event_id"": ""IOT-0000326"", ""temp"": 5.346871955717063, ""lat"": 51.96894390527784, ""lon"": 8.690439866540087}"
IOT-0000327,SHP-000226,DEV-727,28.976966,121.281757,2.32,59.60,76,2026-09-01T23:24:20.247341,"{""event_id"": ""IOT-0000327"", ""temp"": 2.3220267344643233, ""lat"": 28.976965818245397, ""lon"": 121.28175738803597}"
IOT-0000328,SHP-000193,DEV-420,34.817755,137.633597,4.37,58.66,23,2026-08-29T23:21:20.247341,"{""event_id"": ""IOT-0000328"", ""temp"": 4.371445621351128, ""lat"": 34.81775495150741, ""lon"": 137.6335971275002}"
IOT-0000329,SHP-000481,DEV-408,-34.357576,153.641952,5.59,61.01,93,2026-08-31T12:28:20.247341,"{""event_id"": ""IOT-0000329"", ""temp"": 5.585473908330011, ""lat"": -34.35757621335227, ""lon"": 153.6419521415937}"
IOT-0000330,SHP-000357,DEV-853,51.208214,9.442213,2.17,71.81,54,2026-08-30T04:17:20.247341,"{""event_id"": ""IOT-0000330"", ""temp"": 2.1657786731997244, ""lat"": 51.20821443004162, ""lon"": 9.44221284251857}"
IOT-0000331,SHP-000211,DEV-607,-23.512921,-44.677759,5.00,71.62,56,2026-08-31T13:48:20.247341,"{""event_id"": ""IOT-0000331"", ""temp"": 4.995629109083509, ""lat"": -23.51292079167352, ""lon"": -44.67775901966677}"
IOT-0000332,SHP-000017,DEV-582,49.618775,4.910571,6.48,60.07,55,2026-08-31T10:25:20.247341,"{""event_id"": ""IOT-0000332"", ""temp"": 6.482429898844249, ""lat"": 49.618774559062295, ""lon"": 4.910571134980639}"
IOT-0000333,SHP-000092,DEV-626,-34.255180,153.041225,3.07,65.88,95,2026-09-01T06:26:20.247341,"{""event_id"": ""IOT-0000333"", ""temp"": 3.065522382572086, ""lat"": -34.25517985441353, ""lon"": 153.0412249559201}"
IOT-0000334,SHP-000267,DEV-826,39.619171,-87.342749,6.08,72.63,59,2026-09-01T10:28:20.247341,"{""event_id"": ""IOT-0000334"", ""temp"": 6.075623773031248, ""lat"": 39.619170699580515, ""lon"": -87.34274885661192}"
IOT-0000335,SHP-000419,DEV-780,1.461726,104.727019,5.44,43.53,79,2026-09-01T14:08:20.247341,"{""event_id"": ""IOT-0000335"", ""temp"": 5.4385563956265495, ""lat"": 1.4617262777525353, ""lon"": 104.72701905858986}"
IOT-0000336,SHP-000172,DEV-440,-23.665481,-46.231882,3.83,47.47,65,2026-09-02T02:54:20.247341,"{""event_id"": ""IOT-0000336"", ""temp"": 3.83224436408341, ""lat"": -23.665481012483276, ""lon"": -46.23188242265588}"
IOT-0000337,SHP-000352,DEV-656,-0.219650,101.634021,4.80,62.56,51,2026-08-28T12:45:20.247341,"{""event_id"": ""IOT-0000337"", ""temp"": 4.79935009721857, ""lat"": -0.21964992942511197, ""lon"": 101.63402143584182}"
IOT-0000338,SHP-000395,DEV-316,55.364569,8.731169,6.15,74.86,50,2026-08-28T21:01:20.247341,"{""event_id"": ""IOT-0000338"", ""temp"": 6.145596283122997, ""lat"": 55.36456877643829, ""lon"": 8.731169049436568}"
IOT-0000339,SHP-000063,DEV-216,36.033365,-118.094638,6.50,62.64,100,2026-08-28T02:30:20.247341,"{""event_id"": ""IOT-0000339"", ""temp"": 6.497099746965377, ""lat"": 36.033364891272434, ""lon"": -118.09463842328748}"
IOT-0000340,SHP-000186,DEV-941,29.263527,121.316575,3.14,47.33,100,2026-08-28T09:20:20.247341,"{""event_id"": ""IOT-0000340"", ""temp"": 3.1405614345741326, ""lat"": 29.26352660751012, ""lon"": 121.31657469883314}"
IOT-0000341,SHP-000099,DEV-257,1.126238,101.706784,3.12,42.57,97,2026-09-02T02:29:20.247341,"{""event_id"": ""IOT-0000341"", ""temp"": 3.122529968726764, ""lat"": 1.1262378593007254, ""lon"": 101.70678448448486}"
IOT-0000342,SHP-000073,DEV-488,41.806770,-85.729385,6.03,63.32,94,2026-08-31T13:39:20.247341,"{""event_id"": ""IOT-0000342"", ""temp"": 6.034749227246363, ""lat"": 41.80677003294103, ""lon"": -85.72938496690041}"
IOT-0000343,SHP-000162,DEV-655,34.517351,141.752668,5.36,57.62,54,2026-08-28T18:35:20.247341,"{""event_id"": ""IOT-0000343"", ""temp"": 5.3551206592039176, ""lat"": 34.51735064802315, ""lon"": 141.75266830868264}"
IOT-0000344,SHP-000354,DEV-546,30.890712,120.319128,2.07,66.60,65,2026-09-01T03:13:20.247341,"{""event_id"": ""IOT-0000344"", ""temp"": 2.0738576107652866, ""lat"": 30.890711882948892, ""lon"": 120.3191282949337}"
IOT-0000345,SHP-000076,DEV-505,51.747167,8.288831,4.87,68.93,18,2026-08-30T23:26:20.247341,"{""event_id"": ""IOT-0000345"", ""temp"": 4.869936388731651, ""lat"": 51.747167498376854, ""lon"": 8.288831137376683}"
IOT-0000346,SHP-000164,DEV-920,-24.134388,-44.062279,3.50,73.23,99,2026-08-29T22:33:20.247341,"{""event_id"": ""IOT-0000346"", ""temp"": 3.496208075302878, ""lat"": -24.13438756298573, ""lon"": -44.062279015100486}"
IOT-0000347,SHP-000328,DEV-640,-22.101567,-48.363773,4.08,72.27,15,2026-08-30T08:00:20.247341,"{""event_id"": ""IOT-0000347"", ""temp"": 4.079754042981133, ""lat"": -22.10156698596239, ""lon"": -48.36377255759509}"
IOT-0000348,SHP-000454,DEV-480,25.962488,55.791479,2.86,64.63,85,2026-08-28T22:33:20.247341,"{""event_id"": ""IOT-0000348"", ""temp"": 2.8618134656688916, ""lat"": 25.962488284139624, ""lon"": 55.79147939588893}"
IOT-0000349,SHP-000073,DEV-975,0.662199,102.998498,10.54,52.86,89,2026-08-29T08:24:20.247341,"{""event_id"": ""IOT-0000349"", ""temp"": 10.544690746451922, ""lat"": 0.6621992689879115, ""lon"": 102.99849759174332}"
IOT-0000350,SHP-000203,DEV-455,-22.149560,-45.729980,2.58,52.07,25,2026-08-30T12:03:20.247341,"{""event_id"": ""IOT-0000350"", ""temp"": 2.5792876744865447, ""lat"": -22.14956018675777, ""lon"": -45.72998040188879}"
IOT-0000351,SHP-000237,DEV-534,1.559552,104.361967,5.18,51.57,28,2026-08-28T11:04:20.247341,"{""event_id"": ""IOT-0000351"", ""temp"": 5.181633617606295, ""lat"": 1.559552438120983, ""lon"": 104.36196684403923}"
IOT-0000352,SHP-000107,DEV-111,-25.317156,-46.747429,15.35,50.76,42,2026-08-30T09:52:20.247341,"{""event_id"": ""IOT-0000352"", ""temp"": 15.347114369134822, ""lat"": -25.31715621938058, ""lon"": -46.747428763883974}"
IOT-0000353,SHP-000278,DEV-639,49.663884,6.199286,3.96,53.36,58,2026-09-01T18:33:20.247341,"{""event_id"": ""IOT-0000353"", ""temp"": 3.961005274780654, ""lat"": 49.66388408172206, ""lon"": 6.199286212972756}"
IOT-0000354,SHP-000237,DEV-500,51.213406,8.952533,2.50,65.24,91,2026-08-31T08:16:20.247341,"{""event_id"": ""IOT-0000354"", ""temp"": 2.4985305682606387, ""lat"": 51.21340621034264, ""lon"": 8.952532520408319}"
IOT-0000355,SHP-000280,DEV-514,35.798192,-116.644613,5.85,53.97,94,2026-08-29T21:27:20.247341,"{""event_id"": ""IOT-0000355"", ""temp"": 5.848780680710657, ""lat"": 35.79819204291299, ""lon"": -116.64461343460687}"
IOT-0000356,SHP-000436,DEV-926,38.134068,137.707154,4.25,67.93,66,2026-08-29T09:35:20.247341,"{""event_id"": ""IOT-0000356"", ""temp"": 4.252499401883826, ""lat"": 38.134068229361496, ""lon"": 137.70715362978652}"
IOT-0000357,SHP-000423,DEV-157,51.738288,6.050556,5.54,74.96,98,2026-09-01T05:30:20.247341,"{""event_id"": ""IOT-0000357"", ""temp"": 5.53921107079449, ""lat"": 51.73828770545648, ""lon"": 6.050556141824289}"
IOT-0000358,SHP-000419,DEV-124,52.579680,4.912542,3.35,49.42,36,2026-08-31T14:52:20.247341,"{""event_id"": ""IOT-0000358"", ""temp"": 3.3544728591141233, ""lat"": 52.579680338096175, ""lon"": 4.912542189622912}"
IOT-0000359,SHP-000002,DEV-847,34.685814,138.711602,3.62,51.71,22,2026-09-02T00:03:20.247341,"{""event_id"": ""IOT-0000359"", ""temp"": 3.6230198815763925, ""lat"": 34.685814024402184, ""lon"": 138.71160173323418}"
IOT-0000360,SHP-000494,DEV-225,33.775549,139.688368,2.71,40.04,16,2026-08-31T18:53:20.247341,"{""event_id"": ""IOT-0000360"", ""temp"": 2.7116737062291483, ""lat"": 33.775548503741206, ""lon"": 139.68836802580478}"
IOT-0000361,SHP-000058,DEV-469,40.220799,-86.294257,4.24,70.02,41,2026-08-31T02:05:20.247341,"{""event_id"": ""IOT-0000361"", ""temp"": 4.243131990137737, ""lat"": 40.22079866334075, ""lon"": -86.29425666342027}"
IOT-0000362,SHP-000382,DEV-267,54.191762,11.661141,3.53,59.74,16,2026-08-30T13:24:20.247341,"{""event_id"": ""IOT-0000362"", ""temp"": 3.525565607034299, ""lat"": 54.191761821722835, ""lon"": 11.661140526475087}"
IOT-0000363,SHP-000201,DEV-741,23.478210,56.837558,6.01,73.30,63,2026-08-30T18:14:20.247341,"{""event_id"": ""IOT-0000363"", ""temp"": 6.011672562569308, ""lat"": 23.478210438315553, ""lon"": 56.8375577508344}"
IOT-0000364,SHP-000438,DEV-285,2.909549,103.116995,2.74,68.31,86,2026-09-01T16:31:20.247341,"{""event_id"": ""IOT-0000364"", ""temp"": 2.739455797872927, ""lat"": 2.9095491060323564, ""lon"": 103.1169945948864}"
IOT-0000365,SHP-000009,DEV-169,2.628142,101.361616,5.64,64.13,96,2026-08-28T09:01:20.247341,"{""event_id"": ""IOT-0000365"", ""temp"": 5.640802261878807, ""lat"": 2.628141750255317, ""lon"": 101.36161568350639}"
IOT-0000366,SHP-000229,DEV-700,26.657432,54.947085,16.26,56.67,15,2026-08-31T10:03:20.247341,"{""event_id"": ""IOT-0000366"", ""temp"": 16.258118908507914, ""lat"": 26.65743173779846, ""lon"": 54.947084959088045}"
IOT-0000367,SHP-000177,DEV-902,52.479441,11.449100,5.14,65.57,18,2026-08-29T19:44:20.247341,"{""event_id"": ""IOT-0000367"", ""temp"": 5.144195936519748, ""lat"": 52.479440867874025, ""lon"": 11.44909991919593}"
IOT-0000368,SHP-000431,DEV-413,40.542280,-87.490243,3.34,64.27,57,2026-08-29T20:39:20.247341,"{""event_id"": ""IOT-0000368"", ""temp"": 3.3370198806205993, ""lat"": 40.54228028077565, ""lon"": -87.49024280786244}"
IOT-0000369,SHP-000367,DEV-834,24.296157,57.753892,2.98,50.96,82,2026-08-29T11:37:20.247341,"{""event_id"": ""IOT-0000369"", ""temp"": 2.9825626616233287, ""lat"": 24.296156710621442, ""lon"": 57.753892247018385}"
IOT-0000370,SHP-000227,DEV-261,-32.112798,150.176578,5.68,74.48,40,2026-09-01T19:17:20.247341,"{""event_id"": ""IOT-0000370"", ""temp"": 5.676137101481277, ""lat"": -32.11279843141673, ""lon"": 150.17657815997555}"
IOT-0000371,SHP-000163,DEV-682,31.110490,122.253470,6.04,58.33,59,2026-08-30T06:23:20.247341,"{""event_id"": ""IOT-0000371"", ""temp"": 6.039859473620664, ""lat"": 31.11048977816083, ""lon"": 122.25346983994186}"
IOT-0000372,SHP-000274,DEV-259,24.303640,57.370037,5.69,65.67,72,2026-08-29T19:53:20.247341,"{""event_id"": ""IOT-0000372"", ""temp"": 5.6948769319300645, ""lat"": 24.30364026981714, ""lon"": 57.370036525591914}"
IOT-0000373,SHP-000108,DEV-627,34.605108,-118.871579,4.66,58.28,72,2026-08-31T21:03:20.247341,"{""event_id"": ""IOT-0000373"", ""temp"": 4.664059406833946, ""lat"": 34.60510836129574, ""lon"": -118.87157885779203}"
IOT-0000374,SHP-000186,DEV-723,33.663360,139.079274,2.87,44.93,28,2026-09-01T19:47:20.247341,"{""event_id"": ""IOT-0000374"", ""temp"": 2.870350577511031, ""lat"": 33.66336022869687, ""lon"": 139.07927411525884}"
IOT-0000375,SHP-000156,DEV-741,51.469500,3.316104,2.42,54.19,18,2026-08-29T17:19:20.247341,"{""event_id"": ""IOT-0000375"", ""temp"": 2.4202702096472537, ""lat"": 51.46950031825049, ""lon"": 3.3161044037446903}"
IOT-0000376,SHP-000060,DEV-636,33.236736,138.657014,3.91,56.48,22,2026-08-31T12:34:20.247341,"{""event_id"": ""IOT-0000376"", ""temp"": 3.906404805084897, ""lat"": 33.23673603912634, ""lon"": 138.65701449737205}"
IOT-0000377,SHP-000090,DEV-645,26.234340,55.936273,2.77,46.14,35,2026-08-29T19:37:20.247341,"{""event_id"": ""IOT-0000377"", ""temp"": 2.7727203479081446, ""lat"": 26.234340222226017, ""lon"": 55.93627290502666}"
IOT-0000378,SHP-000430,DEV-701,23.525594,53.708917,2.59,64.74,88,2026-08-30T22:50:20.247341,"{""event_id"": ""IOT-0000378"", ""temp"": 2.585093304191992, ""lat"": 23.525594133706864, ""lon"": 53.70891731255301}"
IOT-0000379,SHP-000391,DEV-400,34.781575,-116.887233,2.57,41.24,100,2026-08-28T23:40:20.247341,"{""event_id"": ""IOT-0000379"", ""temp"": 2.565084684497018, ""lat"": 34.78157538566988, ""lon"": -116.88723346047114}"
IOT-0000380,SHP-000032,DEV-931,32.973996,-119.632129,5.87,52.51,29,2026-08-28T09:53:20.247341,"{""event_id"": ""IOT-0000380"", ""temp"": 5.870095381451023, ""lat"": 32.97399552691421, ""lon"": -119.6321291488246}"
IOT-0000381,SHP-000263,DEV-605,53.034726,9.811240,5.68,57.46,58,2026-08-30T06:51:20.247341,"{""event_id"": ""IOT-0000381"", ""temp"": 5.677529717416791, ""lat"": 53.03472569370472, ""lon"": 9.811240289521834}"
IOT-0000382,SHP-000170,DEV-357,35.783148,-115.991648,17.30,67.47,50,2026-08-28T17:05:20.247341,"{""event_id"": ""IOT-0000382"", ""temp"": 17.299691537818532, ""lat"": 35.783147905105686, ""lon"": -115.99164767381268}"
IOT-0000383,SHP-000038,DEV-442,-0.313790,105.781855,3.10,48.03,100,2026-08-31T08:04:20.247341,"{""event_id"": ""IOT-0000383"", ""temp"": 3.1048104759458983, ""lat"": -0.3137895641331254, ""lon"": 105.78185524393274}"
IOT-0000384,SHP-000356,DEV-440,-25.218104,-48.694641,2.66,55.25,36,2026-08-31T23:36:20.247341,"{""event_id"": ""IOT-0000384"", ""temp"": 2.657947873295811, ""lat"": -25.21810387653938, ""lon"": -48.69464064263849}"
IOT-0000385,SHP-000358,DEV-950,-33.694484,149.685059,3.26,44.87,97,2026-08-31T14:58:20.247341,"{""event_id"": ""IOT-0000385"", ""temp"": 3.2622193292651995, ""lat"": -33.694484285803625, ""lon"": 149.68505904718052}"
IOT-0000386,SHP-000127,DEV-363,35.645545,-117.518229,5.02,70.22,24,2026-08-31T18:34:20.247341,"{""event_id"": ""IOT-0000386"", ""temp"": 5.02142034012754, ""lat"": 35.645544696739385, ""lon"": -117.5182294275546}"
IOT-0000387,SHP-000029,DEV-794,-32.111332,153.193896,6.23,59.98,75,2026-08-29T18:30:20.247341,"{""event_id"": ""IOT-0000387"", ""temp"": 6.229453604151795, ""lat"": -32.1113319240506, ""lon"": 153.19389625077662}"
IOT-0000388,SHP-000397,DEV-170,33.651033,141.365544,5.41,59.46,81,2026-08-31T18:28:20.247341,"{""event_id"": ""IOT-0000388"", ""temp"": 5.406535940379131, ""lat"": 33.651033138450025, ""lon"": 141.36554433263433}"
IOT-0000389,SHP-000237,DEV-171,-0.012841,105.850156,4.17,73.28,42,2026-08-29T22:32:20.247341,"{""event_id"": ""IOT-0000389"", ""temp"": 4.169072327813494, ""lat"": -0.012840667462659994, ""lon"": 105.85015640719016}"
IOT-0000390,SHP-000043,DEV-397,50.719717,6.503147,5.76,54.85,62,2026-08-28T04:18:20.247341,"{""event_id"": ""IOT-0000390"", ""temp"": 5.761969693574661, ""lat"": 50.7197167966645, ""lon"": 6.503146669664719}"
IOT-0000391,SHP-000333,DEV-394,40.696895,-88.412774,4.25,54.87,36,2026-08-30T20:14:20.247341,"{""event_id"": ""IOT-0000391"", ""temp"": 4.253316973118364, ""lat"": 40.69689537558146, ""lon"": -88.4127743140219}"
IOT-0000392,SHP-000370,DEV-485,40.672527,-89.562220,6.37,73.56,23,2026-08-29T07:45:20.247341,"{""event_id"": ""IOT-0000392"", ""temp"": 6.369960233085813, ""lat"": 40.67252654029052, ""lon"": -89.56221977461692}"
IOT-0000393,SHP-000095,DEV-872,42.766560,-88.516540,3.90,46.04,50,2026-08-30T04:55:20.247341,"{""event_id"": ""IOT-0000393"", ""temp"": 3.897454605333767, ""lat"": 42.76656037901159, ""lon"": -88.51653968241493}"
IOT-0000394,SHP-000177,DEV-660,30.079841,121.798752,6.08,63.09,43,2026-08-29T01:05:20.247341,"{""event_id"": ""IOT-0000394"", ""temp"": 6.079290294562439, ""lat"": 30.079840692070178, ""lon"": 121.79875188918122}"
IOT-0000395,SHP-000266,DEV-849,54.783499,11.038779,6.04,70.04,65,2026-08-31T22:28:20.247341,"{""event_id"": ""IOT-0000395"", ""temp"": 6.040477212470388, ""lat"": 54.78349933659208, ""lon"": 11.038778701804429}"
IOT-0000396,SHP-000309,DEV-495,25.946180,53.820360,12.95,57.43,47,2026-08-30T14:42:20.247341,"{""event_id"": ""IOT-0000396"", ""temp"": 12.945649117820533, ""lat"": 25.94617956612062, ""lon"": 53.82035951520815}"
IOT-0000397,SHP-000339,DEV-232,53.541509,4.169528,2.64,42.87,33,2026-08-31T23:05:20.247341,"{""event_id"": ""IOT-0000397"", ""temp"": 2.6366718576849273, ""lat"": 53.54150878287559, ""lon"": 4.16952782989272}"
IOT-0000398,SHP-000094,DEV-663,42.137947,-87.741372,3.64,73.59,51,2026-09-01T04:51:20.247341,"{""event_id"": ""IOT-0000398"", ""temp"": 3.637225013243327, ""lat"": 42.13794695325036, ""lon"": -87.7413720210579}"
IOT-0000399,SHP-000276,DEV-860,-0.789096,105.328823,5.04,74.48,36,2026-08-28T19:43:20.247341,"{""event_id"": ""IOT-0000399"", ""temp"": 5.042745568360921, ""lat"": -0.7890960593339083, ""lon"": 105.32882257888089}"
IOT-0000400,SHP-000317,DEV-178,-23.451691,-43.864555,2.99,57.61,91,2026-08-28T05:56:20.247341,"{""event_id"": ""IOT-0000400"", ""temp"": 2.9943721997333994, ""lat"": -23.45169076338572, ""lon"": -43.86455537211344}"
IOT-0000401,SHP-000495,DEV-964,-32.128779,149.941575,5.51,69.69,18,2026-08-28T15:27:20.247341,"{""event_id"": ""IOT-0000401"", ""temp"": 5.507080590483811, ""lat"": -32.12877913913312, ""lon"": 149.94157542793215}"
IOT-0000402,SHP-000360,DEV-503,33.259341,-119.271201,5.54,47.08,50,2026-09-01T10:54:20.247341,"{""event_id"": ""IOT-0000402"", ""temp"": 5.537680942678702, ""lat"": 33.25934133774204, ""lon"": -119.27120108908281}"
IOT-0000403,SHP-000036,DEV-604,40.605947,-86.684782,2.26,73.41,27,2026-08-29T13:29:20.247341,"{""event_id"": ""IOT-0000403"", ""temp"": 2.262764634695791, ""lat"": 40.60594682590876, ""lon"": -86.68478233338011}"
IOT-0000404,SHP-000010,DEV-694,34.632585,-118.020406,3.81,55.84,94,2026-08-31T06:36:20.247341,"{""event_id"": ""IOT-0000404"", ""temp"": 3.811771741842027, ""lat"": 34.63258533447683, ""lon"": -118.02040595115666}"
IOT-0000405,SHP-000232,DEV-198,51.320546,7.950355,4.62,43.55,57,2026-08-31T19:49:20.247341,"{""event_id"": ""IOT-0000405"", ""temp"": 4.615396989211117, ""lat"": 51.32054585563579, ""lon"": 7.950355197906415}"
IOT-0000406,SHP-000336,DEV-305,55.671598,10.415297,2.08,53.93,32,2026-09-01T22:29:20.247341,"{""event_id"": ""IOT-0000406"", ""temp"": 2.0806406140290084, ""lat"": 55.67159828348757, ""lon"": 10.415296887688996}"
IOT-0000407,SHP-000147,DEV-883,32.652942,122.777942,5.31,72.18,15,2026-08-29T14:24:20.247341,"{""event_id"": ""IOT-0000407"", ""temp"": 5.311962622477562, ""lat"": 32.65294191575291, ""lon"": 122.77794178490666}"
IOT-0000408,SHP-000070,DEV-283,49.717385,3.035829,6.18,60.79,45,2026-08-30T02:03:20.247341,"{""event_id"": ""IOT-0000408"", ""temp"": 6.1812504301142495, ""lat"": 49.71738478286808, ""lon"": 3.0358293931422224}"
IOT-0000409,SHP-000302,DEV-673,26.144269,53.568001,17.95,47.65,69,2026-09-01T01:16:20.247341,"{""event_id"": ""IOT-0000409"", ""temp"": 17.94987120884923, ""lat"": 26.144269103819333, ""lon"": 53.56800121425353}"
IOT-0000410,SHP-000060,DEV-183,-21.709163,-48.780131,3.82,45.52,93,2026-09-01T08:55:20.247341,"{""event_id"": ""IOT-0000410"", ""temp"": 3.8216353272332846, ""lat"": -21.709163100442503, ""lon"": -48.780130574699555}"
IOT-0000411,SHP-000459,DEV-130,36.243875,-116.972319,2.30,62.08,89,2026-08-31T08:44:20.247341,"{""event_id"": ""IOT-0000411"", ""temp"": 2.3017682509022306, ""lat"": 36.24387510044562, ""lon"": -116.9723190327463}"
IOT-0000412,SHP-000486,DEV-240,1.017682,105.821060,13.89,45.18,84,2026-08-31T04:14:20.247341,"{""event_id"": ""IOT-0000412"", ""temp"": 13.889476446217106, ""lat"": 1.017681764263942, ""lon"": 105.82105997776331}"
IOT-0000413,SHP-000315,DEV-107,23.115825,57.261720,4.44,43.79,36,2026-08-29T19:20:20.247341,"{""event_id"": ""IOT-0000413"", ""temp"": 4.437372012081047, ""lat"": 23.11582483892513, ""lon"": 57.261720429459835}"
IOT-0000414,SHP-000286,DEV-987,35.066009,-120.709688,6.18,45.89,98,2026-08-31T22:02:20.247341,"{""event_id"": ""IOT-0000414"", ""temp"": 6.175617804614955, ""lat"": 35.066008651842736, ""lon"": -120.70968844576251}"
IOT-0000415,SHP-000237,DEV-608,51.833259,3.941144,5.02,70.66,26,2026-08-29T00:53:20.247341,"{""event_id"": ""IOT-0000415"", ""temp"": 5.02474432031907, ""lat"": 51.83325903235474, ""lon"": 3.941144491949851}"
IOT-0000416,SHP-000268,DEV-454,54.367298,4.011929,3.94,64.16,92,2026-09-01T04:12:20.247341,"{""event_id"": ""IOT-0000416"", ""temp"": 3.9361130574799184, ""lat"": 54.367297972606686, ""lon"": 4.01192884757984}"
IOT-0000417,SHP-000078,DEV-408,35.301077,-119.946305,10.02,41.87,60,2026-08-31T02:49:20.247341,"{""event_id"": ""IOT-0000417"", ""temp"": 10.015392814340345, ""lat"": 35.301076978797695, ""lon"": -119.9463049046174}"
IOT-0000418,SHP-000473,DEV-129,41.538305,-87.929998,3.03,50.66,22,2026-08-30T19:58:20.247341,"{""event_id"": ""IOT-0000418"", ""temp"": 3.029072117881322, ""lat"": 41.53830480952513, ""lon"": -87.92999790488417}"
IOT-0000419,SHP-000382,DEV-488,32.781828,122.417066,5.02,50.75,32,2026-08-28T06:43:20.247341,"{""event_id"": ""IOT-0000419"", ""temp"": 5.021259234846465, ""lat"": 32.781827962641884, ""lon"": 122.41706635830332}"
IOT-0000420,SHP-000039,DEV-579,32.153582,-116.315483,3.61,55.37,76,2026-08-28T20:04:20.247341,"{""event_id"": ""IOT-0000420"", ""temp"": 3.6116504573035426, ""lat"": 32.15358199426328, ""lon"": -116.3154829117495}"
IOT-0000421,SHP-000245,DEV-495,39.544242,-88.680913,8.62,60.58,49,2026-08-28T15:40:20.247341,"{""event_id"": ""IOT-0000421"", ""temp"": 8.622801423026614, ""lat"": 39.54424222204575, ""lon"": -88.68091255850084}"
IOT-0000422,SHP-000006,DEV-559,1.973374,102.483598,2.45,67.65,81,2026-08-28T18:03:20.247341,"{""event_id"": ""IOT-0000422"", ""temp"": 2.4516411590913134, ""lat"": 1.9733741430193152, ""lon"": 102.48359766235703}"
IOT-0000423,SHP-000127,DEV-998,40.139585,-89.587453,4.10,53.02,35,2026-08-31T11:22:20.247341,"{""event_id"": ""IOT-0000423"", ""temp"": 4.095882026427207, ""lat"": 40.13958502119268, ""lon"": -89.58745282823637}"
IOT-0000424,SHP-000327,DEV-589,42.036251,-87.284488,5.12,54.65,78,2026-08-30T18:34:20.247341,"{""event_id"": ""IOT-0000424"", ""temp"": 5.116809361733658, ""lat"": 42.036251393810616, ""lon"": -87.28448779302575}"
IOT-0000425,SHP-000255,DEV-195,24.569330,53.551194,4.69,52.25,66,2026-08-28T12:53:20.247341,"{""event_id"": ""IOT-0000425"", ""temp"": 4.693747662227178, ""lat"": 24.569329646027043, ""lon"": 53.55119449541424}"
IOT-0000426,SHP-000451,DEV-117,-35.262642,152.836681,6.18,49.49,60,2026-08-31T22:43:20.247341,"{""event_id"": ""IOT-0000426"", ""temp"": 6.183627739909089, ""lat"": -35.26264240868997, ""lon"": 152.83668074486948}"
IOT-0000427,SHP-000490,DEV-354,55.078657,11.068607,6.16,73.49,36,2026-08-28T19:27:20.247341,"{""event_id"": ""IOT-0000427"", ""temp"": 6.159094872860223, ""lat"": 55.07865731335518, ""lon"": 11.068606953083792}"
IOT-0000428,SHP-000100,DEV-765,-34.792738,151.999373,3.22,60.79,15,2026-08-28T07:46:20.247341,"{""event_id"": ""IOT-0000428"", ""temp"": 3.216418128062295, ""lat"": -34.79273756282921, ""lon"": 151.9993726601498}"
IOT-0000429,SHP-000108,DEV-854,33.519451,142.064787,2.10,69.61,15,2026-08-29T07:38:20.247341,"{""event_id"": ""IOT-0000429"", ""temp"": 2.095990655337341, ""lat"": 33.51945110132119, ""lon"": 142.06478722719868}"
IOT-0000430,SHP-000027,DEV-946,-25.949053,-44.590816,4.91,45.92,50,2026-09-02T02:29:20.247341,"{""event_id"": ""IOT-0000430"", ""temp"": 4.908517242475832, ""lat"": -25.949052603173634, ""lon"": -44.59081611933037}"
IOT-0000431,SHP-000031,DEV-255,34.898081,141.321027,4.01,63.78,44,2026-09-01T20:53:20.247341,"{""event_id"": ""IOT-0000431"", ""temp"": 4.010460230564217, ""lat"": 34.898080912533985, ""lon"": 141.3210272209755}"
IOT-0000432,SHP-000197,DEV-257,36.971020,141.538520,6.21,59.59,100,2026-09-01T11:41:20.247341,"{""event_id"": ""IOT-0000432"", ""temp"": 6.209470986193168, ""lat"": 36.97102026896789, ""lon"": 141.53852017857915}"
IOT-0000433,SHP-000282,DEV-833,55.910753,12.146152,4.10,41.75,73,2026-08-29T08:29:20.247341,"{""event_id"": ""IOT-0000433"", ""temp"": 4.101401299281166, ""lat"": 55.91075317566156, ""lon"": 12.146152161916786}"
IOT-0000434,SHP-000310,DEV-676,-24.814878,-47.984209,3.50,60.25,91,2026-09-01T22:12:20.247341,"{""event_id"": ""IOT-0000434"", ""temp"": 3.4981365511915645, ""lat"": -24.814877993017806, ""lon"": -47.98420893783109}"
IOT-0000435,SHP-000370,DEV-993,32.933150,-119.723741,4.21,51.38,23,2026-08-29T03:40:20.247341,"{""event_id"": ""IOT-0000435"", ""temp"": 4.2056977297046085, ""lat"": 32.933150367571756, ""lon"": -119.72374134171511}"
IOT-0000436,SHP-000269,DEV-563,30.346568,119.105886,4.50,64.13,39,2026-08-28T23:29:20.247341,"{""event_id"": ""IOT-0000436"", ""temp"": 4.498215548412142, ""lat"": 30.346568327250008, ""lon"": 119.10588645888585}"
IOT-0000437,SHP-000383,DEV-221,2.745901,104.141740,6.10,57.11,20,2026-08-30T11:58:20.247341,"{""event_id"": ""IOT-0000437"", ""temp"": 6.095990411444129, ""lat"": 2.745901167976798, ""lon"": 104.14174013608215}"
IOT-0000438,SHP-000027,DEV-261,-21.632132,-45.719896,10.13,58.93,48,2026-08-31T16:40:20.247341,"{""event_id"": ""IOT-0000438"", ""temp"": 10.12515908343905, ""lat"": -21.63213166256797, ""lon"": -45.71989642264951}"
IOT-0000439,SHP-000032,DEV-222,23.269486,54.043078,5.65,44.99,59,2026-08-29T22:45:20.247341,"{""event_id"": ""IOT-0000439"", ""temp"": 5.6500114901919725, ""lat"": 23.26948644682878, ""lon"": 54.04307768873119}"
IOT-0000440,SHP-000028,DEV-824,-34.617332,150.226113,5.91,73.39,15,2026-09-01T01:36:20.247341,"{""event_id"": ""IOT-0000440"", ""temp"": 5.9064418440367605, ""lat"": -34.617332214696326, ""lon"": 150.22611259678325}"
IOT-0000441,SHP-000015,DEV-216,0.553785,101.710511,2.43,62.01,17,2026-08-30T13:20:20.247341,"{""event_id"": ""IOT-0000441"", ""temp"": 2.4288171115785957, ""lat"": 0.5537852015295908, ""lon"": 101.71051074546625}"
IOT-0000442,SHP-000383,DEV-498,1.536526,103.809917,2.36,69.10,26,2026-08-28T08:34:20.247341,"{""event_id"": ""IOT-0000442"", ""temp"": 2.3641982129449723, ""lat"": 1.5365259009459815, ""lon"": 103.80991702176561}"
IOT-0000443,SHP-000032,DEV-520,-23.166764,-47.847334,3.52,51.59,24,2026-08-29T20:26:20.247341,"{""event_id"": ""IOT-0000443"", ""temp"": 3.5196719427824115, ""lat"": -23.16676448830822, ""lon"": -47.8473343244994}"
IOT-0000444,SHP-000008,DEV-796,52.736266,3.152588,4.42,59.10,29,2026-09-01T19:01:20.247341,"{""event_id"": ""IOT-0000444"", ""temp"": 4.423369857462106, ""lat"": 52.736265903450416, ""lon"": 3.1525881751898686}"
IOT-0000445,SHP-000169,DEV-785,35.495787,140.778805,2.80,60.17,25,2026-08-29T18:42:20.247341,"{""event_id"": ""IOT-0000445"", ""temp"": 2.8040890582927487, ""lat"": 35.4957866460914, ""lon"": 140.77880513067782}"
IOT-0000446,SHP-000412,DEV-564,27.493076,57.549364,17.94,41.31,51,2026-08-29T07:11:20.247341,"{""event_id"": ""IOT-0000446"", ""temp"": 17.94024116810962, ""lat"": 27.493075868671745, ""lon"": 57.54936446740906}"
IOT-0000447,SHP-000439,DEV-429,33.986495,-117.207888,5.94,59.25,18,2026-09-01T04:52:20.247341,"{""event_id"": ""IOT-0000447"", ""temp"": 5.943894204177589, ""lat"": 33.98649486694447, ""lon"": -117.2078875770583}"
IOT-0000448,SHP-000008,DEV-782,44.170317,-86.374364,5.22,51.57,57,2026-08-29T02:39:20.247341,"{""event_id"": ""IOT-0000448"", ""temp"": 5.217079927381156, ""lat"": 44.170316565568406, ""lon"": -86.37436441844562}"
IOT-0000449,SHP-000498,DEV-434,-22.721079,-45.723571,6.12,41.04,75,2026-08-30T01:26:20.247341,"{""event_id"": ""IOT-0000449"", ""temp"": 6.115617800963118, ""lat"": -22.7210790064102, ""lon"": -45.72357115453662}"
IOT-0000450,SHP-000295,DEV-952,33.792128,141.325246,3.89,56.10,41,2026-09-02T01:11:20.247341,"{""event_id"": ""IOT-0000450"", ""temp"": 3.887359530388396, ""lat"": 33.79212798195253, ""lon"": 141.32524616682602}"
IOT-0000451,SHP-000180,DEV-739,32.397879,-116.890146,2.71,50.02,91,2026-08-29T02:54:20.247341,"{""event_id"": ""IOT-0000451"", ""temp"": 2.7108015054181847, ""lat"": 32.39787949105374, ""lon"": -116.8901459022748}"
IOT-0000452,SHP-000455,DEV-973,37.835684,140.014236,2.94,51.53,74,2026-08-30T05:01:20.247341,"{""event_id"": ""IOT-0000452"", ""temp"": 2.9418417375986756, ""lat"": 37.835684116365584, ""lon"": 140.0142355686058}"
IOT-0000453,SHP-000369,DEV-216,22.905097,55.239291,5.20,57.05,50,2026-08-29T21:21:20.247341,"{""event_id"": ""IOT-0000453"", ""temp"": 5.203655863267116, ""lat"": 22.905097361727258, ""lon"": 55.239291221151596}"
IOT-0000454,SHP-000350,DEV-405,26.791999,54.833030,6.27,52.73,89,2026-08-31T14:17:20.247341,"{""event_id"": ""IOT-0000454"", ""temp"": 6.268801212827526, ""lat"": 26.79199941473345, ""lon"": 54.83303034299909}"
IOT-0000455,SHP-000179,DEV-838,28.984728,123.810905,2.02,59.33,81,2026-08-30T01:47:20.247341,"{""event_id"": ""IOT-0000455"", ""temp"": 2.0210310536882594, ""lat"": 28.984728136985403, ""lon"": 123.81090452425312}"
IOT-0000456,SHP-000068,DEV-156,2.660615,103.802798,4.32,65.41,81,2026-08-31T18:04:20.247341,"{""event_id"": ""IOT-0000456"", ""temp"": 4.319373660044815, ""lat"": 2.660615411121582, ""lon"": 103.8027981936915}"
IOT-0000457,SHP-000322,DEV-939,33.674057,120.075018,5.68,50.64,84,2026-08-29T21:47:20.247341,"{""event_id"": ""IOT-0000457"", ""temp"": 5.675867706715476, ""lat"": 33.67405690201008, ""lon"": 120.0750180931154}"
IOT-0000458,SHP-000314,DEV-640,-26.297347,-45.033957,4.60,59.02,70,2026-08-28T14:10:20.247341,"{""event_id"": ""IOT-0000458"", ""temp"": 4.599426760962514, ""lat"": -26.297347496389182, ""lon"": -45.033957466446076}"
IOT-0000459,SHP-000148,DEV-761,41.860908,-85.494886,2.04,64.72,76,2026-08-28T18:42:20.247341,"{""event_id"": ""IOT-0000459"", ""temp"": 2.0351973749196257, ""lat"": 41.86090789301533, ""lon"": -85.4948856166348}"
IOT-0000460,SHP-000428,DEV-148,53.259221,7.598068,2.43,63.95,76,2026-08-28T18:55:20.247341,"{""event_id"": ""IOT-0000460"", ""temp"": 2.429750170193568, ""lat"": 53.25922133426256, ""lon"": 7.598068237675836}"
IOT-0000461,SHP-000309,DEV-267,-23.930852,-46.979608,3.50,73.56,33,2026-08-29T23:02:20.247341,"{""event_id"": ""IOT-0000461"", ""temp"": 3.4976816054920836, ""lat"": -23.93085209853851, ""lon"": -46.97960830949277}"
IOT-0000462,SHP-000417,DEV-459,52.878629,2.226054,5.90,70.46,82,2026-09-01T05:42:20.247341,"{""event_id"": ""IOT-0000462"", ""temp"": 5.901015084318616, ""lat"": 52.878628523828674, ""lon"": 2.2260537058006156}"
IOT-0000463,SHP-000318,DEV-821,51.482832,3.324616,3.20,57.96,40,2026-08-29T20:33:20.247341,"{""event_id"": ""IOT-0000463"", ""temp"": 3.202188902700826, ""lat"": 51.48283199315304, ""lon"": 3.3246155569822298}"
IOT-0000464,SHP-000131,DEV-549,43.186004,-88.647156,6.35,47.91,73,2026-08-31T11:28:20.247341,"{""event_id"": ""IOT-0000464"", ""temp"": 6.35343661367988, ""lat"": 43.18600364608531, ""lon"": -88.64715592580185}"
IOT-0000465,SHP-000127,DEV-594,23.035448,54.583809,4.50,62.25,37,2026-08-28T13:53:20.247341,"{""event_id"": ""IOT-0000465"", ""temp"": 4.501037971099312, ""lat"": 23.03544804491347, ""lon"": 54.58380907931428}"
IOT-0000466,SHP-000493,DEV-378,-1.022491,102.391983,2.00,44.06,65,2026-09-01T20:22:20.247341,"{""event_id"": ""IOT-0000466"", ""temp"": 2.002518094635792, ""lat"": -1.0224907443460536, ""lon"": 102.39198341082873}"
IOT-0000467,SHP-000358,DEV-341,50.526488,6.316579,11.04,59.21,95,2026-08-30T13:00:20.247341,"{""event_id"": ""IOT-0000467"", ""temp"": 11.03690486050957, ""lat"": 50.52648767110725, ""lon"": 6.316578671783039}"
IOT-0000468,SHP-000096,DEV-618,29.460399,120.615995,3.74,69.51,24,2026-09-01T08:10:20.247341,"{""event_id"": ""IOT-0000468"", ""temp"": 3.7398034048380673, ""lat"": 29.46039857995303, ""lon"": 120.61599463975233}"
IOT-0000469,SHP-000104,DEV-443,32.773275,-119.091034,3.96,49.77,73,2026-08-28T04:22:20.247341,"{""event_id"": ""IOT-0000469"", ""temp"": 3.960958943809305, ""lat"": 32.773275104140325, ""lon"": -119.09103390052006}"
IOT-0000470,SHP-000393,DEV-480,-22.016581,-47.354047,3.27,40.55,46,2026-08-30T23:32:20.247341,"{""event_id"": ""IOT-0000470"", ""temp"": 3.2699827743735663, ""lat"": -22.01658051417037, ""lon"": -47.35404711382745}"
IOT-0000471,SHP-000062,DEV-898,34.548999,140.243509,2.87,48.28,79,2026-08-31T10:39:20.247341,"{""event_id"": ""IOT-0000471"", ""temp"": 2.871253369258186, ""lat"": 34.54899933863582, ""lon"": 140.24350860621692}"
IOT-0000472,SHP-000130,DEV-622,34.898163,142.034826,3.42,54.24,57,2026-08-31T17:28:20.247341,"{""event_id"": ""IOT-0000472"", ""temp"": 3.420723792998201, ""lat"": 34.89816346008321, ""lon"": 142.03482609665068}"
IOT-0000473,SHP-000356,DEV-995,52.616164,9.135026,4.78,47.95,25,2026-09-01T00:34:20.247341,"{""event_id"": ""IOT-0000473"", ""temp"": 4.778355382783372, ""lat"": 52.616163626408394, ""lon"": 9.135026178355824}"
IOT-0000474,SHP-000445,DEV-840,50.954033,6.924327,3.15,41.26,73,2026-08-31T20:43:20.247341,"{""event_id"": ""IOT-0000474"", ""temp"": 3.152282210152911, ""lat"": 50.9540331259227, ""lon"": 6.924326632135034}"
IOT-0000475,SHP-000371,DEV-479,39.971476,-89.759536,2.11,54.13,16,2026-08-28T20:37:20.247341,"{""event_id"": ""IOT-0000475"", ""temp"": 2.106845771704461, ""lat"": 39.97147634838095, ""lon"": -89.75953648415053}"
IOT-0000476,SHP-000459,DEV-454,51.332083,9.330875,5.75,44.32,40,2026-08-31T20:45:20.247341,"{""event_id"": ""IOT-0000476"", ""temp"": 5.751979232873948, ""lat"": 51.33208282446692, ""lon"": 9.33087547156715}"
IOT-0000477,SHP-000066,DEV-738,54.374643,9.223445,3.14,50.11,98,2026-08-29T23:15:20.247341,"{""event_id"": ""IOT-0000477"", ""temp"": 3.1365453084188197, ""lat"": 54.37464302932487, ""lon"": 9.223444570685823}"
IOT-0000478,SHP-000315,DEV-868,52.385203,3.860314,6.04,48.38,32,2026-09-01T06:49:20.247341,"{""event_id"": ""IOT-0000478"", ""temp"": 6.041128713883345, ""lat"": 52.385202836731786, ""lon"": 3.860314054427682}"
IOT-0000479,SHP-000186,DEV-305,35.486966,142.099622,3.30,54.09,78,2026-09-01T06:31:20.247341,"{""event_id"": ""IOT-0000479"", ""temp"": 3.3042827666996417, ""lat"": 35.486966433646934, ""lon"": 142.09962196066394}"
IOT-0000480,SHP-000148,DEV-648,40.652219,-85.749747,5.91,42.18,87,2026-08-29T18:20:20.247341,"{""event_id"": ""IOT-0000480"", ""temp"": 5.908043118251335, ""lat"": 40.652219421077945, ""lon"": -85.74974727886459}"
IOT-0000481,SHP-000395,DEV-564,31.139954,122.772498,2.37,74.33,95,2026-08-28T06:13:20.247341,"{""event_id"": ""IOT-0000481"", ""temp"": 2.3734714506361425, ""lat"": 31.13995441810246, ""lon"": 122.77249768143656}"
IOT-0000482,SHP-000051,DEV-859,35.892079,137.917406,2.94,69.25,53,2026-08-29T12:26:20.247341,"{""event_id"": ""IOT-0000482"", ""temp"": 2.9429977416669146, ""lat"": 35.89207894422437, ""lon"": 137.91740618686399}"
IOT-0000483,SHP-000070,DEV-969,32.301405,-117.355556,2.65,48.74,64,2026-09-01T01:33:20.247341,"{""event_id"": ""IOT-0000483"", ""temp"": 2.6489334806423925, ""lat"": 32.301405202793035, ""lon"": -117.35555575140846}"
IOT-0000484,SHP-000388,DEV-410,33.593741,-117.897098,4.16,55.37,41,2026-09-01T18:14:20.247341,"{""event_id"": ""IOT-0000484"", ""temp"": 4.164745435695525, ""lat"": 33.59374052952355, ""lon"": -117.89709815440895}"
IOT-0000485,SHP-000261,DEV-265,34.781560,-116.096180,8.98,50.34,55,2026-08-31T18:10:20.247341,"{""event_id"": ""IOT-0000485"", ""temp"": 8.982292640651014, ""lat"": 34.78155952875201, ""lon"": -116.09618033126279}"
IOT-0000486,SHP-000322,DEV-724,50.078124,3.641371,6.16,64.82,15,2026-09-01T01:56:20.247341,"{""event_id"": ""IOT-0000486"", ""temp"": 6.157741797491858, ""lat"": 50.0781239390218, ""lon"": 3.6413714933064663}"
IOT-0000487,SHP-000009,DEV-286,36.056925,141.170576,2.49,69.89,18,2026-08-28T10:36:20.247341,"{""event_id"": ""IOT-0000487"", ""temp"": 2.4932671278320653, ""lat"": 36.05692487871227, ""lon"": 141.17057601480573}"
IOT-0000488,SHP-000011,DEV-262,0.551226,101.346851,4.14,54.28,25,2026-08-30T05:02:20.247341,"{""event_id"": ""IOT-0000488"", ""temp"": 4.1392540940895435, ""lat"": 0.5512260462661007, ""lon"": 101.34685075165376}"
IOT-0000489,SHP-000114,DEV-602,-35.020581,151.639311,6.04,71.38,77,2026-08-29T23:20:20.247341,"{""event_id"": ""IOT-0000489"", ""temp"": 6.04470064003776, ""lat"": -35.02058085059711, ""lon"": 151.63931144196997}"
IOT-0000490,SHP-000428,DEV-587,49.627377,5.066229,5.34,68.98,69,2026-08-28T10:43:20.247341,"{""event_id"": ""IOT-0000490"", ""temp"": 5.33848048654656, ""lat"": 49.627376727610056, ""lon"": 5.066229071913697}"
IOT-0000491,SHP-000337,DEV-183,30.859146,120.965078,2.70,62.62,20,2026-08-30T06:30:20.247341,"{""event_id"": ""IOT-0000491"", ""temp"": 2.7025605933006718, ""lat"": 30.859146282644176, ""lon"": 120.96507762054281}"
IOT-0000492,SHP-000403,DEV-963,-0.768295,105.779529,6.03,47.96,15,2026-08-31T16:57:20.247341,"{""event_id"": ""IOT-0000492"", ""temp"": 6.0260461976590625, ""lat"": -0.7682953539609043, ""lon"": 105.77952930298062}"
IOT-0000493,SHP-000424,DEV-686,55.635397,7.937085,6.37,48.08,18,2026-08-31T19:56:20.247341,"{""event_id"": ""IOT-0000493"", ""temp"": 6.366284140752717, ""lat"": 55.63539653955472, ""lon"": 7.937084535889804}"
IOT-0000494,SHP-000410,DEV-133,43.893117,-87.033013,4.39,66.86,87,2026-08-30T15:30:20.247341,"{""event_id"": ""IOT-0000494"", ""temp"": 4.385241116308716, ""lat"": 43.89311717975957, ""lon"": -87.03301275287244}"
IOT-0000495,SHP-000022,DEV-300,32.642587,123.861311,17.06,70.75,50,2026-09-01T10:55:20.247341,"{""event_id"": ""IOT-0000495"", ""temp"": 17.062287913678738, ""lat"": 32.64258697216145, ""lon"": 123.86131053266607}"
IOT-0000496,SHP-000048,DEV-710,-0.808140,102.347604,4.82,67.77,32,2026-09-01T16:46:20.247341,"{""event_id"": ""IOT-0000496"", ""temp"": 4.8232441390371985, ""lat"": -0.808139843807516, ""lon"": 102.34760352547384}"
IOT-0000497,SHP-000109,DEV-329,33.552815,-116.552611,3.82,65.41,43,2026-08-31T14:01:20.247341,"{""event_id"": ""IOT-0000497"", ""temp"": 3.8159973922634234, ""lat"": 33.552814805332034, ""lon"": -116.55261124591254}"
IOT-0000498,SHP-000487,DEV-636,3.101654,105.980990,4.22,53.82,18,2026-08-31T18:03:20.247341,"{""event_id"": ""IOT-0000498"", ""temp"": 4.2177323761900976, ""lat"": 3.1016539949371973, ""lon"": 105.98098977073218}"
IOT-0000499,SHP-000117,DEV-422,54.408593,3.610945,2.50,57.63,79,2026-08-29T02:23:20.247341,"{""event_id"": ""IOT-0000499"", ""temp"": 2.495101881694287, ""lat"": 54.40859274266612, ""lon"": 3.6109447522118105}"
IOT-0000500,SHP-000222,DEV-261,26.792242,57.158387,6.37,44.52,31,2026-08-29T03:32:20.247341,"{""event_id"": ""IOT-0000500"", ""temp"": 6.372556294161724, ""lat"": 26.792242466880637, ""lon"": 57.158386970388804}"
IOT-0000501,SHP-000300,DEV-174,0.517057,102.699323,3.34,44.51,58,2026-08-29T14:39:20.247341,"{""event_id"": ""IOT-0000501"", ""temp"": 3.3432565775510596, ""lat"": 0.5170565933357358, ""lon"": 102.69932302061304}"
IOT-0000502,SHP-000467,DEV-418,-23.578665,-46.793508,6.36,49.59,31,2026-08-31T00:25:20.247341,"{""event_id"": ""IOT-0000502"", ""temp"": 6.362766400129457, ""lat"": -23.578664973832236, ""lon"": -46.79350785414698}"
IOT-0000503,SHP-000339,DEV-704,32.738813,-115.845891,2.39,52.82,35,2026-08-28T19:13:20.247341,"{""event_id"": ""IOT-0000503"", ""temp"": 2.3909786636622505, ""lat"": 32.73881253497806, ""lon"": -115.8458911950622}"
IOT-0000504,SHP-000391,DEV-728,29.661629,122.247800,3.63,42.88,29,2026-08-31T16:40:20.247341,"{""event_id"": ""IOT-0000504"", ""temp"": 3.628637479909888, ""lat"": 29.661629053106473, ""lon"": 122.24779985586306}"
IOT-0000505,SHP-000361,DEV-898,-26.192050,-45.499423,4.86,71.37,77,2026-08-31T23:40:20.247341,"{""event_id"": ""IOT-0000505"", ""temp"": 4.8570494751234214, ""lat"": -26.192050027691455, ""lon"": -45.49942337197215}"
IOT-0000506,SHP-000108,DEV-513,36.888365,140.592700,3.32,65.17,84,2026-08-28T18:41:20.247341,"{""event_id"": ""IOT-0000506"", ""temp"": 3.315529672063633, ""lat"": 36.888364673511475, ""lon"": 140.5927000646433}"
IOT-0000507,SHP-000261,DEV-888,22.760109,54.610296,5.41,60.08,92,2026-08-29T05:55:20.247341,"{""event_id"": ""IOT-0000507"", ""temp"": 5.4082497795942786, ""lat"": 22.760108963156206, ""lon"": 54.61029592130364}"
IOT-0000508,SHP-000228,DEV-571,37.225715,141.267171,5.55,73.55,48,2026-09-01T18:20:20.247341,"{""event_id"": ""IOT-0000508"", ""temp"": 5.550381280103442, ""lat"": 37.225715393159156, ""lon"": 141.2671707809914}"
IOT-0000509,SHP-000047,DEV-434,-32.400688,151.516467,15.18,50.34,23,2026-08-28T23:34:20.247341,"{""event_id"": ""IOT-0000509"", ""temp"": 15.183826211928455, ""lat"": -32.40068775143938, ""lon"": 151.51646718076626}"
IOT-0000510,SHP-000354,DEV-847,55.338430,8.034708,5.48,74.92,84,2026-08-28T14:12:20.247341,"{""event_id"": ""IOT-0000510"", ""temp"": 5.480494176936118, ""lat"": 55.33843041280049, ""lon"": 8.034707759722373}"
IOT-0000511,SHP-000075,DEV-128,-0.413940,102.339412,5.43,43.60,16,2026-08-30T17:05:20.247341,"{""event_id"": ""IOT-0000511"", ""temp"": 5.431483016888997, ""lat"": -0.41393958972586997, ""lon"": 102.33941230890356}"
IOT-0000512,SHP-000118,DEV-194,55.263600,8.773620,4.31,51.42,26,2026-09-01T01:33:20.247341,"{""event_id"": ""IOT-0000512"", ""temp"": 4.306291343321055, ""lat"": 55.263600193226885, ""lon"": 8.77361976184063}"
IOT-0000513,SHP-000227,DEV-446,40.898300,-86.778307,2.75,66.36,96,2026-08-31T04:16:20.247341,"{""event_id"": ""IOT-0000513"", ""temp"": 2.7489402459332934, ""lat"": 40.898299898257946, ""lon"": -86.77830693484476}"
IOT-0000514,SHP-000091,DEV-585,-35.402943,149.794446,6.14,44.65,100,2026-08-29T13:52:20.247341,"{""event_id"": ""IOT-0000514"", ""temp"": 6.140348356398473, ""lat"": -35.40294307918888, ""lon"": 149.79444596297813}"
IOT-0000515,SHP-000230,DEV-794,33.533298,119.776593,5.56,58.73,32,2026-09-01T16:46:20.247341,"{""event_id"": ""IOT-0000515"", ""temp"": 5.563592050711554, ""lat"": 33.53329824264529, ""lon"": 119.7765932452268}"
IOT-0000516,SHP-000487,DEV-191,51.771715,3.656499,10.62,40.44,26,2026-08-29T19:26:20.247341,"{""event_id"": ""IOT-0000516"", ""temp"": 10.624372062243062, ""lat"": 51.771715408349166, ""lon"": 3.656499223906244}"
IOT-0000517,SHP-000448,DEV-459,55.863406,8.215196,15.33,53.42,95,2026-08-29T12:24:20.247341,"{""event_id"": ""IOT-0000517"", ""temp"": 15.328936794782036, ""lat"": 55.86340578752263, ""lon"": 8.215196328299776}"
IOT-0000518,SHP-000438,DEV-337,-22.085766,-47.351169,5.80,45.25,76,2026-08-28T10:09:20.247341,"{""event_id"": ""IOT-0000518"", ""temp"": 5.80275208005375, ""lat"": -22.08576583992984, ""lon"": -47.35116887582019}"
IOT-0000519,SHP-000089,DEV-100,35.344556,137.429654,12.47,56.38,52,2026-08-29T11:09:20.247341,"{""event_id"": ""IOT-0000519"", ""temp"": 12.467903484603614, ""lat"": 35.3445563691546, ""lon"": 137.42965403665698}"
IOT-0000520,SHP-000316,DEV-542,40.558765,-85.157759,6.45,71.53,59,2026-09-01T06:28:20.247341,"{""event_id"": ""IOT-0000520"", ""temp"": 6.450373746151258, ""lat"": 40.558764800183866, ""lon"": -85.15775936534963}"
IOT-0000521,SHP-000479,DEV-943,25.280568,53.265158,4.03,61.59,91,2026-08-29T05:31:20.247341,"{""event_id"": ""IOT-0000521"", ""temp"": 4.032770924568938, ""lat"": 25.280567725923664, ""lon"": 53.26515826306538}"
IOT-0000522,SHP-000006,DEV-967,32.422703,120.014684,11.38,58.24,78,2026-08-29T03:12:20.247341,"{""event_id"": ""IOT-0000522"", ""temp"": 11.376204665295177, ""lat"": 32.422703359694516, ""lon"": 120.01468367491297}"
IOT-0000523,SHP-000070,DEV-676,54.274071,9.125424,5.50,67.59,25,2026-08-29T11:54:20.247341,"{""event_id"": ""IOT-0000523"", ""temp"": 5.504621805125169, ""lat"": 54.27407137616915, ""lon"": 9.125423971307756}"
IOT-0000524,SHP-000489,DEV-300,54.820950,8.323917,4.40,67.27,42,2026-09-02T03:04:20.247341,"{""event_id"": ""IOT-0000524"", ""temp"": 4.397317282178762, ""lat"": 54.82095007861, ""lon"": 8.323917313275091}"
IOT-0000525,SHP-000037,DEV-460,-22.827845,-46.165211,11.37,55.35,57,2026-08-29T12:50:20.247341,"{""event_id"": ""IOT-0000525"", ""temp"": 11.36789899401156, ""lat"": -22.827845320106626, ""lon"": -46.16521062344101}"
IOT-0000526,SHP-000394,DEV-439,-25.804002,-46.165957,6.31,49.85,74,2026-08-31T12:12:20.247341,"{""event_id"": ""IOT-0000526"", ""temp"": 6.305802310414715, ""lat"": -25.804001945640433, ""lon"": -46.16595715082089}"
IOT-0000527,SHP-000220,DEV-171,24.169089,54.387492,6.42,58.50,71,2026-08-29T13:53:20.247341,"{""event_id"": ""IOT-0000527"", ""temp"": 6.422306067241262, ""lat"": 24.16908910993292, ""lon"": 54.38749216938621}"
IOT-0000528,SHP-000415,DEV-678,27.397624,54.900816,2.35,46.80,59,2026-08-29T07:47:20.247341,"{""event_id"": ""IOT-0000528"", ""temp"": 2.353989230837847, ""lat"": 27.397624050312967, ""lon"": 54.90081602092357}"
IOT-0000529,SHP-000063,DEV-589,52.426444,12.336406,5.08,69.93,20,2026-08-29T07:42:20.247341,"{""event_id"": ""IOT-0000529"", ""temp"": 5.084706641083982, ""lat"": 52.426444148956534, ""lon"": 12.336406047639834}"
IOT-0000530,SHP-000007,DEV-705,52.372539,7.767837,5.93,41.95,100,2026-08-31T17:08:20.247341,"{""event_id"": ""IOT-0000530"", ""temp"": 5.925105218963955, ""lat"": 52.372538604715885, ""lon"": 7.767836825092872}"
IOT-0000531,SHP-000303,DEV-175,30.107532,120.953856,4.32,46.67,55,2026-09-01T01:22:20.247341,"{""event_id"": ""IOT-0000531"", ""temp"": 4.317918197298882, ""lat"": 30.10753248292782, ""lon"": 120.95385576604819}"
IOT-0000532,SHP-000063,DEV-693,51.683723,12.427778,15.93,67.07,86,2026-09-01T16:57:20.247341,"{""event_id"": ""IOT-0000532"", ""temp"": 15.934243186750287, ""lat"": 51.68372270902878, ""lon"": 12.427778459273695}"
IOT-0000533,SHP-000323,DEV-769,52.334184,8.578386,5.52,48.71,34,2026-08-28T07:33:20.247341,"{""event_id"": ""IOT-0000533"", ""temp"": 5.520991618857257, ""lat"": 52.33418365804933, ""lon"": 8.5783860700658}"
IOT-0000534,SHP-000008,DEV-717,-32.874427,151.137051,5.61,74.26,95,2026-08-31T05:50:20.247341,"{""event_id"": ""IOT-0000534"", ""temp"": 5.606942861325578, ""lat"": -32.874426982233814, ""lon"": 151.1370511987599}"
IOT-0000535,SHP-000227,DEV-316,-36.290460,148.925654,3.46,66.47,35,2026-08-31T08:02:20.247341,"{""event_id"": ""IOT-0000535"", ""temp"": 3.458945104405622, ""lat"": -36.290459860555664, ""lon"": 148.9256535608684}"
IOT-0000536,SHP-000111,DEV-203,32.992492,-118.656013,6.31,55.93,29,2026-08-28T21:43:20.247341,"{""event_id"": ""IOT-0000536"", ""temp"": 6.311510387738521, ""lat"": 32.992492476419315, ""lon"": -118.65601320790614}"
IOT-0000537,SHP-000234,DEV-818,23.656064,52.884177,5.55,42.98,98,2026-09-01T17:42:20.247341,"{""event_id"": ""IOT-0000537"", ""temp"": 5.55074803244238, ""lat"": 23.656063611771884, ""lon"": 52.88417652873918}"
IOT-0000538,SHP-000011,DEV-636,49.573222,2.564077,3.75,53.21,78,2026-08-28T15:23:20.247341,"{""event_id"": ""IOT-0000538"", ""temp"": 3.7511178994190084, ""lat"": 49.573221930922, ""lon"": 2.5640770772358086}"
IOT-0000539,SHP-000430,DEV-713,33.160563,120.663272,5.60,47.60,77,2026-08-29T11:47:20.247341,"{""event_id"": ""IOT-0000539"", ""temp"": 5.604225623146443, ""lat"": 33.16056271059401, ""lon"": 120.66327180404996}"
IOT-0000540,SHP-000445,DEV-575,24.740250,57.724521,2.79,49.51,34,2026-08-28T11:23:20.247341,"{""event_id"": ""IOT-0000540"", ""temp"": 2.7868128683509505, ""lat"": 24.740249830747068, ""lon"": 57.72452115708282}"
IOT-0000541,SHP-000125,DEV-905,-32.299601,151.154073,6.22,49.35,15,2026-08-28T08:36:20.247341,"{""event_id"": ""IOT-0000541"", ""temp"": 6.222004168744724, ""lat"": -32.2996012625428, ""lon"": 151.15407297655238}"
IOT-0000542,SHP-000192,DEV-291,35.511515,-115.872065,4.65,66.63,62,2026-08-28T07:31:20.247341,"{""event_id"": ""IOT-0000542"", ""temp"": 4.654554903714718, ""lat"": 35.51151503291426, ""lon"": -115.87206473668948}"
IOT-0000543,SHP-000191,DEV-720,53.288488,3.682521,5.84,52.43,27,2026-09-01T01:57:20.247341,"{""event_id"": ""IOT-0000543"", ""temp"": 5.838969094771216, ""lat"": 53.28848817895549, ""lon"": 3.682521121431554}"
IOT-0000544,SHP-000461,DEV-993,32.207192,121.403030,3.80,62.49,85,2026-08-28T07:24:20.247341,"{""event_id"": ""IOT-0000544"", ""temp"": 3.800454332913692, ""lat"": 32.207192163051104, ""lon"": 121.40303001677451}"
IOT-0000545,SHP-000181,DEV-992,23.828946,56.424306,14.52,65.29,71,2026-08-29T04:11:20.247341,"{""event_id"": ""IOT-0000545"", ""temp"": 14.519729149117346, ""lat"": 23.828945731905424, ""lon"": 56.42430648191522}"
IOT-0000546,SHP-000158,DEV-878,35.568971,139.443770,5.95,64.70,37,2026-08-28T13:06:20.247341,"{""event_id"": ""IOT-0000546"", ""temp"": 5.947725090717996, ""lat"": 35.568971030167575, ""lon"": 139.44377046844173}"
IOT-0000547,SHP-000300,DEV-329,29.457344,119.496012,3.98,59.75,23,2026-08-28T11:00:20.247341,"{""event_id"": ""IOT-0000547"", ""temp"": 3.978042298783416, ""lat"": 29.4573436788299, ""lon"": 119.49601222027093}"
IOT-0000548,SHP-000393,DEV-935,42.355266,-87.605817,2.17,40.94,17,2026-08-28T13:58:20.247341,"{""event_id"": ""IOT-0000548"", ""temp"": 2.165543814987555, ""lat"": 42.35526554545183, ""lon"": -87.60581652319297}"
IOT-0000549,SHP-000243,DEV-275,34.701831,-116.841781,2.26,63.31,57,2026-08-29T09:53:20.247341,"{""event_id"": ""IOT-0000549"", ""temp"": 2.258792339994481, ""lat"": 34.70183102996285, ""lon"": -116.84178103538592}"
IOT-0000550,SHP-000338,DEV-228,51.881733,5.375787,9.40,40.02,74,2026-08-30T01:51:20.247341,"{""event_id"": ""IOT-0000550"", ""temp"": 9.39850822891718, ""lat"": 51.881732994935284, ""lon"": 5.3757868808949025}"
IOT-0000551,SHP-000224,DEV-786,34.507496,138.210180,2.48,71.23,45,2026-09-01T08:26:20.247341,"{""event_id"": ""IOT-0000551"", ""temp"": 2.4770015616203507, ""lat"": 34.50749649677776, ""lon"": 138.2101801255774}"
IOT-0000552,SHP-000031,DEV-691,22.708870,56.926217,4.64,46.42,75,2026-08-31T06:36:20.247341,"{""event_id"": ""IOT-0000552"", ""temp"": 4.642463269109015, ""lat"": 22.708869505510446, ""lon"": 56.926217242574}"
IOT-0000553,SHP-000149,DEV-372,53.079486,9.396634,5.29,72.93,50,2026-09-01T23:54:20.247341,"{""event_id"": ""IOT-0000553"", ""temp"": 5.294741757268138, ""lat"": 53.079485871792336, ""lon"": 9.396633584557627}"
IOT-0000554,SHP-000173,DEV-888,-23.351672,-45.034479,16.72,64.84,50,2026-09-01T02:03:20.247341,"{""event_id"": ""IOT-0000554"", ""temp"": 16.716089854695305, ""lat"": -23.35167199785335, ""lon"": -45.034479162081745}"
IOT-0000555,SHP-000239,DEV-918,-35.824833,151.251908,5.60,65.28,91,2026-09-02T01:59:20.247341,"{""event_id"": ""IOT-0000555"", ""temp"": 5.604310483632149, ""lat"": -35.82483303389779, ""lon"": 151.25190766737487}"
IOT-0000556,SHP-000045,DEV-494,32.999618,-116.159803,5.95,65.04,54,2026-08-29T07:11:20.247341,"{""event_id"": ""IOT-0000556"", ""temp"": 5.94830083467556, ""lat"": 32.999617780622884, ""lon"": -116.1598033151215}"
IOT-0000557,SHP-000093,DEV-848,26.268445,54.139835,4.13,40.57,36,2026-08-31T03:23:20.247341,"{""event_id"": ""IOT-0000557"", ""temp"": 4.128152905314438, ""lat"": 26.268445272898727, ""lon"": 54.13983459218788}"
IOT-0000558,SHP-000355,DEV-721,-25.764462,-45.411220,6.33,58.10,99,2026-08-30T16:46:20.247341,"{""event_id"": ""IOT-0000558"", ""temp"": 6.326576673527927, ""lat"": -25.764462350421777, ""lon"": -45.411220133350824}"
IOT-0000559,SHP-000494,DEV-777,35.317572,141.947756,5.55,72.73,51,2026-08-31T18:30:20.247341,"{""event_id"": ""IOT-0000559"", ""temp"": 5.547568621864809, ""lat"": 35.31757220682069, ""lon"": 141.94775648056776}"
IOT-0000560,SHP-000084,DEV-115,52.947592,11.860492,5.86,49.81,68,2026-09-01T00:15:20.247341,"{""event_id"": ""IOT-0000560"", ""temp"": 5.861264984979622, ""lat"": 52.9475922738859, ""lon"": 11.860492400243565}"
IOT-0000561,SHP-000181,DEV-210,32.146199,122.447353,15.99,60.91,31,2026-08-31T16:55:20.247341,"{""event_id"": ""IOT-0000561"", ""temp"": 15.991101648008069, ""lat"": 32.14619908053175, ""lon"": 122.44735315822668}"
IOT-0000562,SHP-000281,DEV-517,43.565693,-86.795257,2.75,51.09,67,2026-08-30T22:13:20.247341,"{""event_id"": ""IOT-0000562"", ""temp"": 2.7451350868832636, ""lat"": 43.56569291294909, ""lon"": -86.79525733695229}"
IOT-0000563,SHP-000250,DEV-491,52.346826,4.128672,6.36,44.40,22,2026-08-29T05:26:20.247341,"{""event_id"": ""IOT-0000563"", ""temp"": 6.356109265829797, ""lat"": 52.34682620856922, ""lon"": 4.128672441798354}"
IOT-0000564,SHP-000368,DEV-232,-26.031516,-47.209776,4.36,45.85,36,2026-09-01T21:57:20.247341,"{""event_id"": ""IOT-0000564"", ""temp"": 4.363383943794233, ""lat"": -26.031515986914403, ""lon"": -47.2097760324031}"
IOT-0000565,SHP-000374,DEV-474,30.176210,122.298622,5.74,48.31,84,2026-09-01T06:09:20.247341,"{""event_id"": ""IOT-0000565"", ""temp"": 5.739141158553296, ""lat"": 30.17620984451634, ""lon"": 122.29862151121156}"
IOT-0000566,SHP-000410,DEV-673,30.964133,121.395796,2.52,59.43,61,2026-08-31T11:02:20.247341,"{""event_id"": ""IOT-0000566"", ""temp"": 2.520704815110069, ""lat"": 30.964133336401023, ""lon"": 121.3957960262874}"
IOT-0000567,SHP-000377,DEV-521,2.294111,104.662312,4.68,52.30,47,2026-08-30T12:12:20.247341,"{""event_id"": ""IOT-0000567"", ""temp"": 4.679078457593652, ""lat"": 2.2941111955578637, ""lon"": 104.66231240762806}"
IOT-0000568,SHP-000085,DEV-428,-22.033397,-46.061084,5.78,68.17,94,2026-08-29T15:52:20.247341,"{""event_id"": ""IOT-0000568"", ""temp"": 5.778297985952241, ""lat"": -22.0333965673136, ""lon"": -46.06108351026753}"
IOT-0000569,SHP-000018,DEV-982,1.883241,105.649025,5.95,43.95,35,2026-08-29T07:32:20.247341,"{""event_id"": ""IOT-0000569"", ""temp"": 5.945203088861842, ""lat"": 1.883241217823807, ""lon"": 105.64902470802627}"
IOT-0000570,SHP-000398,DEV-445,24.022215,53.368955,2.57,49.26,58,2026-08-28T05:39:20.247341,"{""event_id"": ""IOT-0000570"", ""temp"": 2.571526429030169, ""lat"": 24.02221504082891, ""lon"": 53.36895487926726}"
IOT-0000571,SHP-000220,DEV-793,50.564091,3.367944,5.51,41.50,98,2026-09-01T22:52:20.247341,"{""event_id"": ""IOT-0000571"", ""temp"": 5.510326221649944, ""lat"": 50.5640907988635, ""lon"": 3.367943697409123}"
IOT-0000572,SHP-000380,DEV-107,25.359689,53.715956,4.71,65.01,72,2026-09-01T04:42:20.247341,"{""event_id"": ""IOT-0000572"", ""temp"": 4.7128347725887885, ""lat"": 25.35968851887342, ""lon"": 53.715955988524904}"
IOT-0000573,SHP-000193,DEV-661,2.216205,103.105907,5.24,53.11,27,2026-09-01T18:37:20.247341,"{""event_id"": ""IOT-0000573"", ""temp"": 5.240272880497923, ""lat"": 2.216204724826441, ""lon"": 103.10590747188093}"
IOT-0000574,SHP-000274,DEV-835,54.351568,12.311439,4.00,68.33,68,2026-08-28T03:39:20.247341,"{""event_id"": ""IOT-0000574"", ""temp"": 3.9955866164346387, ""lat"": 54.3515678342987, ""lon"": 12.31143850925322}"
IOT-0000575,SHP-000466,DEV-112,0.220747,102.130072,5.88,67.33,31,2026-08-30T02:50:20.247341,"{""event_id"": ""IOT-0000575"", ""temp"": 5.883334180236275, ""lat"": 0.22074692716293653, ""lon"": 102.13007194785342}"
IOT-0000576,SHP-000317,DEV-361,52.516699,5.825722,3.61,49.39,74,2026-08-29T11:48:20.247341,"{""event_id"": ""IOT-0000576"", ""temp"": 3.60632831721233, ""lat"": 52.51669914079112, ""lon"": 5.825722356205043}"
IOT-0000577,SHP-000237,DEV-951,-25.586881,-48.228584,5.37,70.95,89,2026-08-31T00:14:20.247341,"{""event_id"": ""IOT-0000577"", ""temp"": 5.366111131404273, ""lat"": -25.58688089646413, ""lon"": -48.228583864369796}"
IOT-0000578,SHP-000401,DEV-460,-32.131585,153.025598,6.46,45.64,42,2026-08-31T17:54:20.247341,"{""event_id"": ""IOT-0000578"", ""temp"": 6.461772417391773, ""lat"": -32.13158507205919, ""lon"": 153.0255982452126}"
IOT-0000579,SHP-000469,DEV-834,51.707556,5.479866,12.14,50.50,81,2026-08-28T23:23:20.247341,"{""event_id"": ""IOT-0000579"", ""temp"": 12.144058529016865, ""lat"": 51.70755573281025, ""lon"": 5.479866019645968}"
IOT-0000580,SHP-000167,DEV-568,51.283214,12.377009,5.73,43.58,15,2026-08-31T21:38:20.247341,"{""event_id"": ""IOT-0000580"", ""temp"": 5.726080751972793, ""lat"": 51.283214419875115, ""lon"": 12.377008759295924}"
IOT-0000581,SHP-000217,DEV-177,0.437827,104.241420,2.67,73.99,66,2026-08-30T17:37:20.247341,"{""event_id"": ""IOT-0000581"", ""temp"": 2.665746336601596, ""lat"": 0.43782652835570834, ""lon"": 104.24142030579223}"
IOT-0000582,SHP-000367,DEV-577,-21.929771,-45.161619,12.82,72.26,98,2026-08-28T03:39:20.247341,"{""event_id"": ""IOT-0000582"", ""temp"": 12.8150057458646, ""lat"": -21.92977079343411, ""lon"": -45.16161944854649}"
IOT-0000583,SHP-000207,DEV-816,-35.384227,151.558776,5.94,53.05,34,2026-09-01T02:09:20.247341,"{""event_id"": ""IOT-0000583"", ""temp"": 5.944848513640058, ""lat"": -35.38422744353661, ""lon"": 151.55877571221555}"
IOT-0000584,SHP-000147,DEV-416,2.393432,105.654494,4.98,58.14,44,2026-08-30T08:58:20.247341,"{""event_id"": ""IOT-0000584"", ""temp"": 4.9833790230425885, ""lat"": 2.3934320929017168, ""lon"": 105.65449411277172}"
IOT-0000585,SHP-000428,DEV-474,-23.976975,-45.883984,6.01,57.79,18,2026-08-29T09:56:20.247341,"{""event_id"": ""IOT-0000585"", ""temp"": 6.01432175841207, ""lat"": -23.976974868675008, ""lon"": -45.88398422406107}"
IOT-0000586,SHP-000461,DEV-701,23.636742,56.055917,5.48,65.59,76,2026-09-01T22:40:20.247341,"{""event_id"": ""IOT-0000586"", ""temp"": 5.478406333888097, ""lat"": 23.636741758926913, ""lon"": 56.05591723793361}"
IOT-0000587,SHP-000280,DEV-344,40.481177,-87.981340,6.49,40.25,65,2026-08-30T13:04:20.247341,"{""event_id"": ""IOT-0000587"", ""temp"": 6.487782948969832, ""lat"": 40.481176687063844, ""lon"": -87.98133992844838}"
IOT-0000588,SHP-000355,DEV-432,25.956044,53.813270,2.41,58.31,55,2026-08-28T12:49:20.247341,"{""event_id"": ""IOT-0000588"", ""temp"": 2.4093992933517177, ""lat"": 25.956043818754257, ""lon"": 53.81326968811787}"
IOT-0000589,SHP-000136,DEV-348,29.507741,123.914725,4.93,53.97,63,2026-09-01T02:24:20.247341,"{""event_id"": ""IOT-0000589"", ""temp"": 4.926340317928846, ""lat"": 29.50774115507166, ""lon"": 123.9147253216865}"
IOT-0000590,SHP-000319,DEV-478,-24.545596,-46.069278,4.33,50.34,22,2026-08-30T12:06:20.247341,"{""event_id"": ""IOT-0000590"", ""temp"": 4.328165229911568, ""lat"": -24.545596436782986, ""lon"": -46.06927801532271}"
IOT-0000591,SHP-000476,DEV-872,53.535640,11.995368,2.98,40.30,49,2026-08-29T11:18:20.247341,"{""event_id"": ""IOT-0000591"", ""temp"": 2.9800180268556584, ""lat"": 53.53563991310757, ""lon"": 11.995368360757462}"
IOT-0000592,SHP-000428,DEV-364,26.282465,55.192507,6.04,46.34,88,2026-09-01T06:50:20.247341,"{""event_id"": ""IOT-0000592"", ""temp"": 6.036774908506687, ""lat"": 26.282464923936477, ""lon"": 55.19250748673903}"
IOT-0000593,SHP-000434,DEV-692,-23.779690,-43.921690,4.09,40.77,96,2026-08-29T02:56:20.247341,"{""event_id"": ""IOT-0000593"", ""temp"": 4.090211987700024, ""lat"": -23.779689684997436, ""lon"": -43.92169009911525}"
IOT-0000594,SHP-000390,DEV-406,55.499600,12.418875,4.12,42.39,97,2026-08-31T08:20:20.247341,"{""event_id"": ""IOT-0000594"", ""temp"": 4.121093737360047, ""lat"": 55.49959970967738, ""lon"": 12.418874982287793}"
IOT-0000595,SHP-000243,DEV-837,31.773811,119.629202,6.23,74.36,18,2026-08-30T17:45:20.247341,"{""event_id"": ""IOT-0000595"", ""temp"": 6.232873846027894, ""lat"": 31.773811486048363, ""lon"": 119.62920222244354}"
IOT-0000596,SHP-000397,DEV-135,54.160708,5.518339,3.79,59.89,81,2026-08-29T20:44:20.247341,"{""event_id"": ""IOT-0000596"", ""temp"": 3.7913627882039425, ""lat"": 54.160707744526505, ""lon"": 5.518339331470946}"
IOT-0000597,SHP-000358,DEV-389,35.372481,141.368120,5.69,41.13,87,2026-08-28T05:56:20.247341,"{""event_id"": ""IOT-0000597"", ""temp"": 5.690765741852207, ""lat"": 35.37248083343298, ""lon"": 141.36812041882592}"
IOT-0000598,SHP-000020,DEV-163,-24.923517,-47.576436,2.30,63.10,22,2026-09-01T09:24:20.247341,"{""event_id"": ""IOT-0000598"", ""temp"": 2.303391140802062, ""lat"": -24.92351650966618, ""lon"": -47.576436006184046}"
IOT-0000599,SHP-000460,DEV-144,32.193656,-115.967877,3.87,62.01,61,2026-09-02T02:25:20.247341,"{""event_id"": ""IOT-0000599"", ""temp"": 3.8661838623992435, ""lat"": 32.193655955305, ""lon"": -115.96787688176487}"
IOT-0000600,SHP-000096,DEV-597,-34.581365,151.636310,3.21,53.35,83,2026-09-01T13:49:20.247341,"{""event_id"": ""IOT-0000600"", ""temp"": 3.2146629015814345, ""lat"": -34.58136484889939, ""lon"": 151.6363097602563}"
IOT-0000601,SHP-000219,DEV-903,27.103415,56.497856,6.23,71.95,68,2026-08-31T08:32:20.247341,"{""event_id"": ""IOT-0000601"", ""temp"": 6.232280752515502, ""lat"": 27.103415306751415, ""lon"": 56.49785636236217}"
IOT-0000602,SHP-000036,DEV-361,27.194531,56.018574,8.95,51.35,53,2026-08-29T11:08:20.247341,"{""event_id"": ""IOT-0000602"", ""temp"": 8.950437434383558, ""lat"": 27.19453057980287, ""lon"": 56.018573961811384}"
IOT-0000603,SHP-000335,DEV-982,53.110971,2.765332,3.63,67.99,94,2026-09-01T02:28:20.247341,"{""event_id"": ""IOT-0000603"", ""temp"": 3.6252836923616387, ""lat"": 53.110971333932994, ""lon"": 2.7653319794617155}"
IOT-0000604,SHP-000090,DEV-446,-21.691311,-45.064501,2.92,42.04,96,2026-08-29T07:13:20.247341,"{""event_id"": ""IOT-0000604"", ""temp"": 2.918095512650785, ""lat"": -21.691310617539255, ""lon"": -45.064501462136164}"
IOT-0000605,SHP-000194,DEV-932,35.047964,-119.575849,5.55,73.75,52,2026-08-28T17:05:20.247341,"{""event_id"": ""IOT-0000605"", ""temp"": 5.553885414554303, ""lat"": 35.04796439209042, ""lon"": -119.57584861521424}"
IOT-0000606,SHP-000350,DEV-167,43.532322,-87.751588,5.96,47.53,64,2026-08-30T07:17:20.247341,"{""event_id"": ""IOT-0000606"", ""temp"": 5.963073314865208, ""lat"": 43.532322121843826, ""lon"": -87.75158768011343}"
IOT-0000607,SHP-000236,DEV-896,51.463054,4.794450,4.13,71.58,92,2026-08-31T21:01:20.247341,"{""event_id"": ""IOT-0000607"", ""temp"": 4.13321504403737, ""lat"": 51.46305380164591, ""lon"": 4.7944498972420675}"
IOT-0000608,SHP-000229,DEV-265,27.029633,57.304064,4.25,64.58,38,2026-08-29T13:09:20.247341,"{""event_id"": ""IOT-0000608"", ""temp"": 4.2480254827143895, ""lat"": 27.029633298745104, ""lon"": 57.30406372517255}"
IOT-0000609,SHP-000118,DEV-801,32.200356,123.265906,5.11,52.93,79,2026-08-29T19:49:20.247341,"{""event_id"": ""IOT-0000609"", ""temp"": 5.110304034825553, ""lat"": 32.20035560622216, ""lon"": 123.26590565256276}"
IOT-0000610,SHP-000314,DEV-470,34.488822,137.433735,4.06,52.80,94,2026-08-31T10:15:20.247341,"{""event_id"": ""IOT-0000610"", ""temp"": 4.062308453346359, ""lat"": 34.488822353920014, ""lon"": 137.43373501656123}"
IOT-0000611,SHP-000239,DEV-638,30.255611,123.435371,4.77,72.72,57,2026-08-30T13:44:20.247341,"{""event_id"": ""IOT-0000611"", ""temp"": 4.7657079698657405, ""lat"": 30.25561061035829, ""lon"": 123.43537136821935}"
IOT-0000612,SHP-000256,DEV-564,35.693937,139.868551,3.20,43.10,76,2026-08-29T14:35:20.247341,"{""event_id"": ""IOT-0000612"", ""temp"": 3.2014477920909394, ""lat"": 35.69393686801779, ""lon"": 139.86855121268547}"
IOT-0000613,SHP-000427,DEV-807,41.424835,-89.388606,5.77,68.83,33,2026-08-31T11:08:20.247341,"{""event_id"": ""IOT-0000613"", ""temp"": 5.772060121537839, ""lat"": 41.42483538388186, ""lon"": -89.38860568711232}"
IOT-0000614,SHP-000005,DEV-390,53.970512,11.582868,4.61,44.10,64,2026-08-30T04:17:20.247341,"{""event_id"": ""IOT-0000614"", ""temp"": 4.609185012572301, ""lat"": 53.97051220379501, ""lon"": 11.582868256906377}"
IOT-0000615,SHP-000067,DEV-185,53.849283,11.708799,3.05,60.22,49,2026-08-28T04:48:20.247341,"{""event_id"": ""IOT-0000615"", ""temp"": 3.052837405321666, ""lat"": 53.849282990508456, ""lon"": 11.708799282850002}"
IOT-0000616,SHP-000156,DEV-333,33.217936,-120.175421,5.06,54.62,49,2026-08-30T19:40:20.247341,"{""event_id"": ""IOT-0000616"", ""temp"": 5.059119221481367, ""lat"": 33.21793588431435, ""lon"": -120.17542137496142}"
IOT-0000617,SHP-000231,DEV-226,52.801626,8.195546,5.96,58.95,83,2026-09-01T06:08:20.247341,"{""event_id"": ""IOT-0000617"", ""temp"": 5.957492278526827, ""lat"": 52.80162582738212, ""lon"": 8.19554566564934}"
IOT-0000618,SHP-000184,DEV-160,31.177054,119.327499,5.91,59.63,64,2026-08-28T17:08:20.247341,"{""event_id"": ""IOT-0000618"", ""temp"": 5.910508532493828, ""lat"": 31.177054083261933, ""lon"": 119.32749903049248}"
IOT-0000619,SHP-000236,DEV-884,36.930110,141.640099,5.10,53.73,78,2026-08-30T10:38:20.247341,"{""event_id"": ""IOT-0000619"", ""temp"": 5.09812665380253, ""lat"": 36.93010977223282, ""lon"": 141.64009923710756}"
IOT-0000620,SHP-000316,DEV-254,39.414859,-89.112056,3.63,50.07,80,2026-08-30T07:54:20.247341,"{""event_id"": ""IOT-0000620"", ""temp"": 3.632165947203865, ""lat"": 39.414859211875914, ""lon"": -89.11205562821215}"
IOT-0000621,SHP-000410,DEV-123,23.894559,53.365581,5.49,50.31,90,2026-08-31T20:48:20.247341,"{""event_id"": ""IOT-0000621"", ""temp"": 5.486433074611924, ""lat"": 23.894559200210402, ""lon"": 53.365580988906835}"
IOT-0000622,SHP-000291,DEV-497,36.352903,141.561445,3.08,72.74,59,2026-08-30T17:40:20.247341,"{""event_id"": ""IOT-0000622"", ""temp"": 3.0785497416378877, ""lat"": 36.352902706805196, ""lon"": 141.5614450972018}"
IOT-0000623,SHP-000205,DEV-142,54.384776,5.733228,2.74,60.59,62,2026-09-01T07:36:20.247341,"{""event_id"": ""IOT-0000623"", ""temp"": 2.7389918022415647, ""lat"": 54.384776252954126, ""lon"": 5.733228445974835}"
IOT-0000624,SHP-000045,DEV-985,33.845119,138.320214,2.94,57.85,41,2026-08-29T18:39:20.247341,"{""event_id"": ""IOT-0000624"", ""temp"": 2.9387942655668624, ""lat"": 33.84511913502355, ""lon"": 138.3202136955091}"
IOT-0000625,SHP-000481,DEV-549,-31.588714,151.103782,4.81,53.24,63,2026-09-01T03:27:20.247341,"{""event_id"": ""IOT-0000625"", ""temp"": 4.8074218767675205, ""lat"": -31.588714069418778, ""lon"": 151.1037815759389}"
IOT-0000626,SHP-000024,DEV-763,35.193183,-120.262217,3.10,69.05,36,2026-08-29T09:11:20.247341,"{""event_id"": ""IOT-0000626"", ""temp"": 3.097086810187121, ""lat"": 35.19318285584377, ""lon"": -120.26221674948333}"
IOT-0000627,SHP-000094,DEV-969,-35.802068,151.924959,2.19,45.34,97,2026-08-31T00:37:20.247341,"{""event_id"": ""IOT-0000627"", ""temp"": 2.1889409805639315, ""lat"": -35.802067555970034, ""lon"": 151.924959334603}"
IOT-0000628,SHP-000499,DEV-801,34.658485,139.397136,4.46,40.17,66,2026-08-30T21:33:20.247341,"{""event_id"": ""IOT-0000628"", ""temp"": 4.455639909220006, ""lat"": 34.65848500078233, ""lon"": 139.39713573177912}"
IOT-0000629,SHP-000394,DEV-965,43.660764,-88.344843,3.01,52.09,59,2026-09-01T06:30:20.247341,"{""event_id"": ""IOT-0000629"", ""temp"": 3.0092270011512317, ""lat"": 43.66076401482905, ""lon"": -88.34484281813364}"
IOT-0000630,SHP-000276,DEV-777,35.960116,141.667572,3.33,55.02,86,2026-08-28T18:57:20.247341,"{""event_id"": ""IOT-0000630"", ""temp"": 3.3301437885218017, ""lat"": 35.960115924569045, ""lon"": 141.6675722049074}"
IOT-0000631,SHP-000305,DEV-570,41.607599,-85.282640,16.42,53.29,66,2026-08-31T15:34:20.247341,"{""event_id"": ""IOT-0000631"", ""temp"": 16.42052724636634, ""lat"": 41.607598656678896, ""lon"": -85.28264047043876}"
IOT-0000632,SHP-000131,DEV-317,34.333810,-117.310540,4.88,59.73,59,2026-08-30T22:06:20.247341,"{""event_id"": ""IOT-0000632"", ""temp"": 4.879035846093511, ""lat"": 34.33380986217142, ""lon"": -117.31053995373398}"
IOT-0000633,SHP-000474,DEV-540,53.725133,7.841899,2.27,57.22,63,2026-09-02T01:00:20.247341,"{""event_id"": ""IOT-0000633"", ""temp"": 2.266548704134954, ""lat"": 53.725133309530314, ""lon"": 7.841898798520344}"
IOT-0000634,SHP-000376,DEV-315,-21.597512,-44.399530,2.75,73.74,44,2026-09-01T00:07:20.247341,"{""event_id"": ""IOT-0000634"", ""temp"": 2.7455587743078453, ""lat"": -21.59751161373638, ""lon"": -44.39953018045411}"
IOT-0000635,SHP-000126,DEV-733,51.130368,9.668311,2.10,57.56,67,2026-08-28T13:36:20.247341,"{""event_id"": ""IOT-0000635"", ""temp"": 2.099308175997342, ""lat"": 51.13036790483337, ""lon"": 9.668310921196598}"
IOT-0000636,SHP-000226,DEV-181,22.821809,57.372405,2.39,45.16,61,2026-08-30T23:53:20.247341,"{""event_id"": ""IOT-0000636"", ""temp"": 2.388360920844957, ""lat"": 22.82180879716301, ""lon"": 57.372405476608876}"
IOT-0000637,SHP-000293,DEV-756,51.967553,8.123146,3.33,50.90,57,2026-08-28T07:47:20.247341,"{""event_id"": ""IOT-0000637"", ""temp"": 3.325771441810844, ""lat"": 51.96755303251793, ""lon"": 8.12314599859566}"
IOT-0000638,SHP-000106,DEV-482,35.808946,138.424768,6.32,64.45,25,2026-08-28T21:37:20.247341,"{""event_id"": ""IOT-0000638"", ""temp"": 6.3216641417883785, ""lat"": 35.808946347580175, ""lon"": 138.42476844871348}"
IOT-0000639,SHP-000096,DEV-816,54.106757,5.170746,14.70,60.42,55,2026-08-28T11:14:20.247341,"{""event_id"": ""IOT-0000639"", ""temp"": 14.701020972362917, ""lat"": 54.106757433378895, ""lon"": 5.170745679880472}"
IOT-0000640,SHP-000094,DEV-954,33.598397,123.549718,3.59,50.76,31,2026-08-29T00:12:20.247341,"{""event_id"": ""IOT-0000640"", ""temp"": 3.5942677721231853, ""lat"": 33.59839737551543, ""lon"": 123.54971847856896}"
IOT-0000641,SHP-000046,DEV-338,35.604463,141.568783,15.99,48.01,17,2026-08-31T20:49:20.247341,"{""event_id"": ""IOT-0000641"", ""temp"": 15.98531260109423, ""lat"": 35.60446281678435, ""lon"": 141.56878298624352}"
IOT-0000642,SHP-000431,DEV-925,55.543442,7.852257,5.20,73.45,41,2026-09-01T11:16:20.247341,"{""event_id"": ""IOT-0000642"", ""temp"": 5.200110751802457, ""lat"": 55.54344231671595, ""lon"": 7.852257271862127}"
IOT-0000643,SHP-000260,DEV-229,51.965628,11.323626,2.26,48.56,80,2026-08-31T00:04:20.247341,"{""event_id"": ""IOT-0000643"", ""temp"": 2.2601119186895584, ""lat"": 51.96562804329523, ""lon"": 11.32362601667909}"
IOT-0000644,SHP-000262,DEV-417,35.133496,141.287360,5.82,54.55,35,2026-08-31T01:11:20.247341,"{""event_id"": ""IOT-0000644"", ""temp"": 5.819513445898984, ""lat"": 35.133495829922225, ""lon"": 141.28735982222665}"
IOT-0000645,SHP-000104,DEV-375,36.670838,139.650258,6.39,51.91,76,2026-08-29T09:33:20.247341,"{""event_id"": ""IOT-0000645"", ""temp"": 6.388946111400109, ""lat"": 36.67083756688162, ""lon"": 139.65025832064657}"
IOT-0000646,SHP-000274,DEV-701,33.624723,-118.765948,4.26,56.02,69,2026-08-31T10:51:20.247341,"{""event_id"": ""IOT-0000646"", ""temp"": 4.25712011838475, ""lat"": 33.62472262196674, ""lon"": -118.76594783565331}"
IOT-0000647,SHP-000199,DEV-772,26.581673,56.566079,4.64,67.73,25,2026-08-30T14:17:20.247341,"{""event_id"": ""IOT-0000647"", ""temp"": 4.640719797692148, ""lat"": 26.581673222466097, ""lon"": 56.56607852566208}"
IOT-0000648,SHP-000442,DEV-522,3.589225,103.712336,6.03,54.24,63,2026-09-01T02:04:20.247341,"{""event_id"": ""IOT-0000648"", ""temp"": 6.032319917540959, ""lat"": 3.5892249656370607, ""lon"": 103.7123361421579}"
IOT-0000649,SHP-000089,DEV-720,37.720268,138.797970,2.92,58.75,26,2026-08-29T12:49:20.247341,"{""event_id"": ""IOT-0000649"", ""temp"": 2.9155267221825225, ""lat"": 37.72026807234894, ""lon"": 138.79797045056313}"
IOT-0000650,SHP-000422,DEV-623,-32.815037,149.692301,5.01,65.30,41,2026-09-01T06:31:20.247341,"{""event_id"": ""IOT-0000650"", ""temp"": 5.011456936041246, ""lat"": -32.81503678444783, ""lon"": 149.6923009345709}"
IOT-0000651,SHP-000345,DEV-661,52.130078,7.843575,4.00,58.93,73,2026-09-01T08:51:20.247341,"{""event_id"": ""IOT-0000651"", ""temp"": 3.999499767596995, ""lat"": 52.130077538885665, ""lon"": 7.843574998235438}"
IOT-0000652,SHP-000232,DEV-778,51.961359,3.534350,3.45,73.43,82,2026-08-29T21:19:20.247341,"{""event_id"": ""IOT-0000652"", ""temp"": 3.448732239900049, ""lat"": 51.96135895812156, ""lon"": 3.5343497824660663}"
IOT-0000653,SHP-000344,DEV-309,-31.778604,148.990093,2.81,53.00,73,2026-08-31T09:54:20.247341,"{""event_id"": ""IOT-0000653"", ""temp"": 2.811177853547841, ""lat"": -31.778603611101925, ""lon"": 148.99009271867808}"
IOT-0000654,SHP-000138,DEV-143,29.446419,120.791850,3.62,49.26,46,2026-09-01T01:29:20.247341,"{""event_id"": ""IOT-0000654"", ""temp"": 3.6170630281266805, ""lat"": 29.446419183553285, ""lon"": 120.79184977644141}"
IOT-0000655,SHP-000013,DEV-784,-24.170050,-45.953037,9.92,50.30,34,2026-09-01T09:55:20.247341,"{""event_id"": ""IOT-0000655"", ""temp"": 9.924314541184078, ""lat"": -24.17005027151894, ""lon"": -45.953037435248795}"
IOT-0000656,SHP-000012,DEV-431,-24.000635,-48.640957,9.01,45.13,49,2026-08-28T18:11:20.247341,"{""event_id"": ""IOT-0000656"", ""temp"": 9.006361125714516, ""lat"": -24.00063539388065, ""lon"": -48.64095745947534}"
IOT-0000657,SHP-000169,DEV-909,54.863603,7.974420,4.94,49.44,38,2026-08-30T22:28:20.247341,"{""event_id"": ""IOT-0000657"", ""temp"": 4.936385407860876, ""lat"": 54.86360317011821, ""lon"": 7.974419577102048}"
IOT-0000658,SHP-000051,DEV-112,-0.189953,105.086343,2.63,48.15,73,2026-08-29T03:56:20.247341,"{""event_id"": ""IOT-0000658"", ""temp"": 2.625910232804105, ""lat"": -0.1899529949558303, ""lon"": 105.08634338133074}"
IOT-0000659,SHP-000077,DEV-244,2.056307,103.737772,2.29,58.46,50,2026-08-28T15:32:20.247341,"{""event_id"": ""IOT-0000659"", ""temp"": 2.288654332137128, ""lat"": 2.0563071267976776, ""lon"": 103.73777241590984}"
IOT-0000660,SHP-000437,DEV-395,55.515835,7.720778,2.88,58.70,97,2026-08-28T13:53:20.247341,"{""event_id"": ""IOT-0000660"", ""temp"": 2.879709375231152, ""lat"": 55.51583547452962, ""lon"": 7.720778361086744}"
IOT-0000661,SHP-000002,DEV-426,33.375433,122.607981,14.97,67.04,98,2026-09-01T13:01:20.247341,"{""event_id"": ""IOT-0000661"", ""temp"": 14.97471472783743, ""lat"": 33.37543320138757, ""lon"": 122.60798149185575}"
IOT-0000662,SHP-000035,DEV-921,33.040898,-116.324812,9.01,63.11,59,2026-09-01T11:58:20.247341,"{""event_id"": ""IOT-0000662"", ""temp"": 9.007923491655387, ""lat"": 33.04089764405905, ""lon"": -116.32481231582504}"
IOT-0000663,SHP-000352,DEV-788,26.342440,56.617077,2.28,52.60,80,2026-08-31T09:02:20.247341,"{""event_id"": ""IOT-0000663"", ""temp"": 2.2753207152119677, ""lat"": 26.342440222715602, ""lon"": 56.61707650285116}"
IOT-0000664,SHP-000250,DEV-711,52.457778,8.550767,3.93,71.34,19,2026-08-30T23:43:20.247341,"{""event_id"": ""IOT-0000664"", ""temp"": 3.9330683045791686, ""lat"": 52.457778329560796, ""lon"": 8.550766685639474}"
IOT-0000665,SHP-000040,DEV-280,51.914619,11.599419,2.91,64.06,46,2026-08-28T21:26:20.247341,"{""event_id"": ""IOT-0000665"", ""temp"": 2.906188348903051, ""lat"": 51.914618883124, ""lon"": 11.599419445095199}"
IOT-0000666,SHP-000173,DEV-274,1.788456,105.086185,4.30,74.92,38,2026-08-30T10:59:20.247341,"{""event_id"": ""IOT-0000666"", ""temp"": 4.301571250641963, ""lat"": 1.7884558594058775, ""lon"": 105.08618517191377}"
IOT-0000667,SHP-000274,DEV-954,52.961958,6.626412,3.46,40.66,68,2026-08-29T09:40:20.247341,"{""event_id"": ""IOT-0000667"", ""temp"": 3.4618912357686176, ""lat"": 52.961958421566756, ""lon"": 6.626411851916181}"
IOT-0000668,SHP-000443,DEV-551,33.607753,139.322119,3.51,48.97,39,2026-08-30T08:12:20.247341,"{""event_id"": ""IOT-0000668"", ""temp"": 3.505748609307406, ""lat"": 33.60775284175858, ""lon"": 139.32211856323983}"
IOT-0000669,SHP-000367,DEV-701,40.047205,-85.321191,3.64,54.89,92,2026-08-30T11:43:20.247341,"{""event_id"": ""IOT-0000669"", ""temp"": 3.6393777570118155, ""lat"": 40.04720466474976, ""lon"": -85.3211905514074}"
IOT-0000670,SHP-000314,DEV-758,43.950246,-90.054486,2.41,64.21,25,2026-08-30T00:15:20.247341,"{""event_id"": ""IOT-0000670"", ""temp"": 2.412239557970579, ""lat"": 43.950245939256945, ""lon"": -90.05448566670623}"
IOT-0000671,SHP-000446,DEV-206,53.361591,9.454139,3.81,70.18,81,2026-08-30T09:02:20.247341,"{""event_id"": ""IOT-0000671"", ""temp"": 3.8120254192421763, ""lat"": 53.361590591795085, ""lon"": 9.454138509855156}"
IOT-0000672,SHP-000338,DEV-956,-23.974267,-47.502410,6.45,73.82,37,2026-08-30T23:16:20.247341,"{""event_id"": ""IOT-0000672"", ""temp"": 6.445495297385926, ""lat"": -23.974267009213758, ""lon"": -47.50240973154737}"
IOT-0000673,SHP-000370,DEV-509,-0.673304,102.299840,5.78,66.28,57,2026-08-30T18:46:20.247341,"{""event_id"": ""IOT-0000673"", ""temp"": 5.784753097241852, ""lat"": -0.6733039931179605, ""lon"": 102.2998396372783}"
IOT-0000674,SHP-000099,DEV-787,41.303807,-85.303652,2.74,53.54,92,2026-08-30T22:17:20.247341,"{""event_id"": ""IOT-0000674"", ""temp"": 2.7443940097830857, ""lat"": 41.303807235755855, ""lon"": -85.30365202212654}"
IOT-0000675,SHP-000251,DEV-943,1.692783,102.603070,4.40,43.82,20,2026-08-29T15:27:20.247341,"{""event_id"": ""IOT-0000675"", ""temp"": 4.3998423012260375, ""lat"": 1.692783133134764, ""lon"": 102.60307025151448}"
IOT-0000676,SHP-000067,DEV-474,-25.323329,-47.298583,3.38,62.27,33,2026-08-30T00:06:20.247341,"{""event_id"": ""IOT-0000676"", ""temp"": 3.3787720896444338, ""lat"": -25.32332933045311, ""lon"": -47.29858286233412}"
IOT-0000677,SHP-000129,DEV-637,-25.737645,-44.025138,14.63,66.18,51,2026-08-31T21:02:20.247341,"{""event_id"": ""IOT-0000677"", ""temp"": 14.630577723854504, ""lat"": -25.73764542174827, ""lon"": -44.02513842475471}"
IOT-0000678,SHP-000312,DEV-815,43.578323,-85.382329,6.30,66.05,58,2026-08-28T20:38:20.247341,"{""event_id"": ""IOT-0000678"", ""temp"": 6.3023163520929, ""lat"": 43.57832302275508, ""lon"": -85.3823294109555}"
IOT-0000679,SHP-000308,DEV-385,42.910519,-89.452060,6.16,70.18,94,2026-08-28T02:39:20.247341,"{""event_id"": ""IOT-0000679"", ""temp"": 6.157112143487796, ""lat"": 42.910518786235784, ""lon"": -89.45205969083483}"
IOT-0000680,SHP-000190,DEV-744,43.409456,-88.053586,2.47,50.80,45,2026-08-30T09:46:20.247341,"{""event_id"": ""IOT-0000680"", ""temp"": 2.4731186509449383, ""lat"": 43.40945613314287, ""lon"": -88.05358593309826}"
IOT-0000681,SHP-000194,DEV-359,53.640891,6.052418,4.03,61.69,83,2026-08-28T04:14:20.247341,"{""event_id"": ""IOT-0000681"", ""temp"": 4.032220738314063, ""lat"": 53.64089091803141, ""lon"": 6.052417770106195}"
IOT-0000682,SHP-000445,DEV-938,33.021474,-116.228822,5.25,52.22,19,2026-08-31T13:03:20.247341,"{""event_id"": ""IOT-0000682"", ""temp"": 5.251419973525159, ""lat"": 33.021474120609405, ""lon"": -116.22882226927034}"
IOT-0000683,SHP-000349,DEV-891,-25.121298,-43.893257,5.20,72.39,45,2026-09-01T13:15:20.247341,"{""event_id"": ""IOT-0000683"", ""temp"": 5.19905959829393, ""lat"": -25.121298115531605, ""lon"": -43.89325723729285}"
IOT-0000684,SHP-000241,DEV-749,23.826320,54.250915,2.55,53.42,17,2026-09-01T16:03:20.247341,"{""event_id"": ""IOT-0000684"", ""temp"": 2.5475355697865703, ""lat"": 23.826320016756075, ""lon"": 54.250914595064}"
IOT-0000685,SHP-000204,DEV-364,51.240903,9.320478,6.33,67.39,88,2026-08-29T16:46:20.247341,"{""event_id"": ""IOT-0000685"", ""temp"": 6.325219790596981, ""lat"": 51.24090262709658, ""lon"": 9.320477728696767}"
IOT-0000686,SHP-000407,DEV-211,1.011279,103.658728,15.10,48.44,24,2026-08-31T14:10:20.247341,"{""event_id"": ""IOT-0000686"", ""temp"": 15.099284070028844, ""lat"": 1.0112792566220343, ""lon"": 103.65872824545706}"
IOT-0000687,SHP-000308,DEV-615,40.195330,-86.113323,4.81,54.65,73,2026-08-29T07:04:20.247341,"{""event_id"": ""IOT-0000687"", ""temp"": 4.806138256293641, ""lat"": 40.195330482231306, ""lon"": -86.11332293838475}"
IOT-0000688,SHP-000452,DEV-110,54.368871,4.827923,3.34,61.84,62,2026-08-31T06:42:20.247341,"{""event_id"": ""IOT-0000688"", ""temp"": 3.343859521240866, ""lat"": 54.36887086753351, ""lon"": 4.827922899472136}"
IOT-0000689,SHP-000408,DEV-887,51.808362,8.928564,3.24,46.72,72,2026-09-01T15:24:20.247341,"{""event_id"": ""IOT-0000689"", ""temp"": 3.2363707232368175, ""lat"": 51.808362063942845, ""lon"": 8.92856400855779}"
IOT-0000690,SHP-000006,DEV-380,50.796283,5.159833,3.31,59.38,74,2026-08-29T16:10:20.247341,"{""event_id"": ""IOT-0000690"", ""temp"": 3.30592381940461, ""lat"": 50.796283345932544, ""lon"": 5.159832880425683}"
IOT-0000691,SHP-000352,DEV-778,51.331668,6.159639,2.91,59.80,50,2026-08-28T19:54:20.247341,"{""event_id"": ""IOT-0000691"", ""temp"": 2.9078322414607776, ""lat"": 51.331668480438815, ""lon"": 6.159639493249811}"
IOT-0000692,SHP-000499,DEV-421,53.176691,12.173781,5.08,67.88,25,2026-09-01T08:55:20.247341,"{""event_id"": ""IOT-0000692"", ""temp"": 5.081547251845709, ""lat"": 53.1766906238989, ""lon"": 12.17378076393862}"
IOT-0000693,SHP-000105,DEV-395,37.049940,139.661911,3.84,40.27,100,2026-09-02T01:21:20.247341,"{""event_id"": ""IOT-0000693"", ""temp"": 3.8358907551783403, ""lat"": 37.04993989660964, ""lon"": 139.6619113926532}"
IOT-0000694,SHP-000154,DEV-991,27.018068,53.643812,2.18,46.76,67,2026-09-01T20:09:20.247341,"{""event_id"": ""IOT-0000694"", ""temp"": 2.1789830920042355, ""lat"": 27.018067662658595, ""lon"": 53.64381164065576}"
IOT-0000695,SHP-000391,DEV-944,50.849658,5.908987,3.21,55.33,90,2026-09-02T01:12:20.247341,"{""event_id"": ""IOT-0000695"", ""temp"": 3.2077492001478425, ""lat"": 50.84965839330444, ""lon"": 5.9089874581810164}"
IOT-0000696,SHP-000033,DEV-950,55.077113,11.331695,5.46,55.18,35,2026-08-29T11:11:20.247341,"{""event_id"": ""IOT-0000696"", ""temp"": 5.462070377928635, ""lat"": 55.0771129968812, ""lon"": 11.331695022208159}"
IOT-0000697,SHP-000215,DEV-238,31.652089,-115.858154,5.05,62.32,53,2026-08-28T17:51:20.247341,"{""event_id"": ""IOT-0000697"", ""temp"": 5.051253715726736, ""lat"": 31.652088899817706, ""lon"": -115.8581542361812}"
IOT-0000698,SHP-000010,DEV-373,-33.397786,150.221042,3.03,62.04,17,2026-08-31T04:25:20.247341,"{""event_id"": ""IOT-0000698"", ""temp"": 3.030152713418654, ""lat"": -33.39778594396918, ""lon"": 150.22104190380045}"
IOT-0000699,SHP-000220,DEV-709,29.112682,123.220024,5.70,66.64,62,2026-08-31T18:03:20.247341,"{""event_id"": ""IOT-0000699"", ""temp"": 5.696325193805204, ""lat"": 29.11268249482798, ""lon"": 123.22002429205143}"
IOT-0000700,SHP-000148,DEV-729,27.458364,53.588838,6.38,54.08,69,2026-08-31T08:06:20.247341,"{""event_id"": ""IOT-0000700"", ""temp"": 6.37819922987217, ""lat"": 27.458364102934485, ""lon"": 53.5888382066617}"
IOT-0000701,SHP-000089,DEV-511,36.526943,140.711587,5.08,48.32,15,2026-08-28T18:59:20.247341,"{""event_id"": ""IOT-0000701"", ""temp"": 5.077170137973173, ""lat"": 36.526942917893884, ""lon"": 140.71158743274276}"
IOT-0000702,SHP-000169,DEV-337,52.164394,5.038839,4.99,67.59,40,2026-08-28T08:27:20.247341,"{""event_id"": ""IOT-0000702"", ""temp"": 4.987761642272044, ""lat"": 52.164394239976964, ""lon"": 5.038838855649509}"
IOT-0000703,SHP-000249,DEV-990,39.449450,-88.465449,5.02,58.06,56,2026-08-31T13:51:20.247341,"{""event_id"": ""IOT-0000703"", ""temp"": 5.021979788236653, ""lat"": 39.44944982815621, ""lon"": -88.4654489189533}"
IOT-0000704,SHP-000005,DEV-765,53.853177,8.362063,6.50,40.30,55,2026-08-31T20:32:20.247341,"{""event_id"": ""IOT-0000704"", ""temp"": 6.495024487157842, ""lat"": 53.85317744132219, ""lon"": 8.362063493204968}"
IOT-0000705,SHP-000204,DEV-655,24.171752,55.497641,3.80,52.71,87,2026-08-28T11:57:20.247341,"{""event_id"": ""IOT-0000705"", ""temp"": 3.8027966350357474, ""lat"": 24.171751685244327, ""lon"": 55.497640996409736}"
IOT-0000706,SHP-000107,DEV-880,23.617152,56.681506,5.36,64.25,32,2026-08-28T22:29:20.247341,"{""event_id"": ""IOT-0000706"", ""temp"": 5.364626284111168, ""lat"": 23.617151779131188, ""lon"": 56.68150616720024}"
IOT-0000707,SHP-000085,DEV-267,24.695059,56.963812,2.60,51.53,36,2026-09-01T10:52:20.247341,"{""event_id"": ""IOT-0000707"", ""temp"": 2.5959810355026343, ""lat"": 24.69505925713913, ""lon"": 56.96381201041635}"
IOT-0000708,SHP-000239,DEV-325,-36.229459,153.665146,5.66,54.49,65,2026-09-01T19:12:20.247341,"{""event_id"": ""IOT-0000708"", ""temp"": 5.66340805583855, ""lat"": -36.22945893152701, ""lon"": 153.66514626909688}"
IOT-0000709,SHP-000292,DEV-816,-22.679097,-43.865609,4.33,72.48,61,2026-08-30T02:19:20.247341,"{""event_id"": ""IOT-0000709"", ""temp"": 4.33443795855692, ""lat"": -22.679096567659563, ""lon"": -43.86560939948401}"
IOT-0000710,SHP-000453,DEV-748,29.736898,121.612202,4.42,50.36,81,2026-08-28T11:59:20.247341,"{""event_id"": ""IOT-0000710"", ""temp"": 4.422296705174202, ""lat"": 29.73689826064908, ""lon"": 121.61220243217095}"
IOT-0000711,SHP-000315,DEV-323,2.425114,104.091144,5.52,51.30,96,2026-09-01T00:43:20.247341,"{""event_id"": ""IOT-0000711"", ""temp"": 5.51878282659511, ""lat"": 2.425113904301033, ""lon"": 104.09114384929774}"
IOT-0000712,SHP-000455,DEV-448,50.086882,2.676841,2.25,44.03,99,2026-08-29T01:55:20.247341,"{""event_id"": ""IOT-0000712"", ""temp"": 2.253962214262865, ""lat"": 50.08688167299732, ""lon"": 2.6768408205754994}"
IOT-0000713,SHP-000249,DEV-259,31.003530,123.219265,13.40,49.13,63,2026-08-31T00:46:20.247341,"{""event_id"": ""IOT-0000713"", ""temp"": 13.402986293295083, ""lat"": 31.003529820731924, ""lon"": 123.21926548079912}"
IOT-0000714,SHP-000110,DEV-794,-21.789282,-47.144848,3.08,65.27,23,2026-08-29T15:33:20.247341,"{""event_id"": ""IOT-0000714"", ""temp"": 3.0782952353173183, ""lat"": -21.789282289402635, ""lon"": -47.144847612642145}"
IOT-0000715,SHP-000378,DEV-174,53.236744,3.290366,16.20,67.40,27,2026-08-28T02:54:20.247341,"{""event_id"": ""IOT-0000715"", ""temp"": 16.197647784462646, ""lat"": 53.23674389066839, ""lon"": 3.2903655347560323}"
IOT-0000716,SHP-000485,DEV-671,24.819164,53.109297,2.95,74.20,94,2026-08-29T14:51:20.247341,"{""event_id"": ""IOT-0000716"", ""temp"": 2.9481769739726804, ""lat"": 24.81916396893114, ""lon"": 53.109297218929875}"
IOT-0000717,SHP-000390,DEV-578,22.898573,55.774766,2.04,73.71,51,2026-08-28T15:23:20.247341,"{""event_id"": ""IOT-0000717"", ""temp"": 2.035841715981917, ""lat"": 22.898573152542053, ""lon"": 55.77476587374944}"
IOT-0000718,SHP-000344,DEV-415,50.867963,2.766334,4.90,60.53,64,2026-08-29T17:29:20.247341,"{""event_id"": ""IOT-0000718"", ""temp"": 4.898485656937078, ""lat"": 50.86796334384438, ""lon"": 2.766334493011013}"
IOT-0000719,SHP-000306,DEV-555,34.885350,-117.206811,3.44,70.98,15,2026-08-31T06:42:20.247341,"{""event_id"": ""IOT-0000719"", ""temp"": 3.4409064804367766, ""lat"": 34.885349822476655, ""lon"": -117.20681127045629}"
IOT-0000720,SHP-000116,DEV-968,50.779172,3.681817,3.36,54.25,61,2026-08-29T14:08:20.247341,"{""event_id"": ""IOT-0000720"", ""temp"": 3.3587433787933185, ""lat"": 50.77917244425659, ""lon"": 3.681816631968561}"
IOT-0000721,SHP-000278,DEV-601,35.490384,142.105681,4.97,62.28,71,2026-09-01T18:18:20.247341,"{""event_id"": ""IOT-0000721"", ""temp"": 4.966865068594588, ""lat"": 35.49038426623098, ""lon"": 142.10568108008013}"
IOT-0000722,SHP-000111,DEV-307,22.896045,56.360027,4.81,52.22,31,2026-09-01T17:35:20.247341,"{""event_id"": ""IOT-0000722"", ""temp"": 4.812462297855532, ""lat"": 22.896045391283053, ""lon"": 56.36002674242397}"
IOT-0000723,SHP-000080,DEV-287,-21.881681,-45.649239,4.87,50.64,97,2026-09-01T16:40:20.247341,"{""event_id"": ""IOT-0000723"", ""temp"": 4.869521165309131, ""lat"": -21.88168052842636, ""lon"": -45.649238919000936}"
IOT-0000724,SHP-000373,DEV-202,-22.836673,-44.696998,2.12,59.96,24,2026-08-29T02:01:20.247341,"{""event_id"": ""IOT-0000724"", ""temp"": 2.118410622852288, ""lat"": -22.836672720560614, ""lon"": -44.69699763536413}"
IOT-0000725,SHP-000124,DEV-382,52.646717,6.301731,6.21,42.74,89,2026-08-30T07:09:20.247341,"{""event_id"": ""IOT-0000725"", ""temp"": 6.2104894791360925, ""lat"": 52.646716536773575, ""lon"": 6.301730546377128}"
IOT-0000726,SHP-000208,DEV-507,35.580273,141.823961,2.38,70.84,74,2026-08-30T12:55:20.247341,"{""event_id"": ""IOT-0000726"", ""temp"": 2.381323189676025, ""lat"": 35.58027283010493, ""lon"": 141.8239614850833}"
IOT-0000727,SHP-000496,DEV-632,34.381535,-119.149541,6.48,61.69,42,2026-08-28T04:31:20.247341,"{""event_id"": ""IOT-0000727"", ""temp"": 6.480362360472037, ""lat"": 34.381535255490064, ""lon"": -119.1495407471154}"
IOT-0000728,SHP-000235,DEV-334,34.187659,141.435140,6.06,40.31,51,2026-08-30T23:51:20.247341,"{""event_id"": ""IOT-0000728"", ""temp"": 6.060355455190272, ""lat"": 34.18765898542899, ""lon"": 141.4351396901389}"
IOT-0000729,SHP-000054,DEV-322,26.440465,56.061177,4.04,46.92,100,2026-08-29T12:41:20.247341,"{""event_id"": ""IOT-0000729"", ""temp"": 4.042984366033904, ""lat"": 26.440465313426657, ""lon"": 56.06117726557599}"
IOT-0000730,SHP-000430,DEV-728,25.290043,56.313866,5.65,70.67,24,2026-09-01T07:46:20.247341,"{""event_id"": ""IOT-0000730"", ""temp"": 5.647658266535058, ""lat"": 25.290042772390642, ""lon"": 56.31386600934465}"
IOT-0000731,SHP-000359,DEV-652,-33.703009,151.976533,2.41,56.27,42,2026-08-29T04:43:20.247341,"{""event_id"": ""IOT-0000731"", ""temp"": 2.41455633674882, ""lat"": -33.70300929238086, ""lon"": 151.97653320957832}"
IOT-0000732,SHP-000282,DEV-450,-22.387658,-46.069776,4.16,74.45,24,2026-08-29T03:15:20.247341,"{""event_id"": ""IOT-0000732"", ""temp"": 4.159233270968404, ""lat"": -22.387658394540395, ""lon"": -46.06977585757759}"
IOT-0000733,SHP-000004,DEV-727,33.169610,-118.437274,2.91,46.94,90,2026-08-30T08:49:20.247341,"{""event_id"": ""IOT-0000733"", ""temp"": 2.913883696799487, ""lat"": 33.169610322431126, ""lon"": -118.43727358020837}"
IOT-0000734,SHP-000178,DEV-215,-36.129479,149.402607,5.92,62.44,98,2026-08-31T04:10:20.247341,"{""event_id"": ""IOT-0000734"", ""temp"": 5.922111942972595, ""lat"": -36.12947936468492, ""lon"": 149.40260660600902}"
IOT-0000735,SHP-000394,DEV-373,40.173849,-86.917082,3.98,60.41,29,2026-08-30T09:11:20.247341,"{""event_id"": ""IOT-0000735"", ""temp"": 3.97950861227019, ""lat"": 40.17384934305109, ""lon"": -86.91708237963985}"
IOT-0000736,SHP-000326,DEV-942,33.244230,-118.045444,3.75,60.69,91,2026-08-28T19:40:20.247341,"{""event_id"": ""IOT-0000736"", ""temp"": 3.7475730716771434, ""lat"": 33.24423041752509, ""lon"": -118.04544401292728}"
IOT-0000737,SHP-000042,DEV-733,-0.585140,102.564139,6.20,55.02,46,2026-08-30T07:06:20.247341,"{""event_id"": ""IOT-0000737"", ""temp"": 6.202340314779989, ""lat"": -0.5851400757861318, ""lon"": 102.56413876063716}"
IOT-0000738,SHP-000397,DEV-631,-35.324280,151.853643,5.87,43.71,19,2026-08-31T05:27:20.247341,"{""event_id"": ""IOT-0000738"", ""temp"": 5.866963527001024, ""lat"": -35.32428000768659, ""lon"": 151.85364254398584}"
IOT-0000739,SHP-000236,DEV-943,42.243781,-85.993735,6.28,56.74,50,2026-08-31T23:21:20.247341,"{""event_id"": ""IOT-0000739"", ""temp"": 6.282700283001696, ""lat"": 42.24378138880217, ""lon"": -85.99373496315874}"
IOT-0000740,SHP-000085,DEV-882,54.115015,11.247785,4.34,70.32,91,2026-08-30T05:28:20.247341,"{""event_id"": ""IOT-0000740"", ""temp"": 4.344935549143477, ""lat"": 54.11501538286672, ""lon"": 11.247784647114893}"
IOT-0000741,SHP-000314,DEV-910,-33.972554,150.452470,2.94,48.27,90,2026-08-31T20:52:20.247341,"{""event_id"": ""IOT-0000741"", ""temp"": 2.9441071773414453, ""lat"": -33.97255444412771, ""lon"": 150.4524700333093}"
IOT-0000742,SHP-000392,DEV-915,34.108298,138.570208,4.46,43.17,61,2026-08-31T17:03:20.247341,"{""event_id"": ""IOT-0000742"", ""temp"": 4.4615150297863115, ""lat"": 34.108297932888775, ""lon"": 138.5702080945788}"
IOT-0000743,SHP-000112,DEV-314,33.975437,138.632264,4.38,49.82,31,2026-08-29T00:06:20.247341,"{""event_id"": ""IOT-0000743"", ""temp"": 4.375514670156148, ""lat"": 33.975437065726055, ""lon"": 138.63226351688192}"
IOT-0000744,SHP-000045,DEV-474,53.742631,6.656171,5.77,59.16,48,2026-08-31T00:17:20.247341,"{""event_id"": ""IOT-0000744"", ""temp"": 5.7656479198696875, ""lat"": 53.74263133581069, ""lon"": 6.656171241359833}"
IOT-0000745,SHP-000063,DEV-427,1.769088,103.100376,2.46,40.61,38,2026-08-31T15:37:20.247341,"{""event_id"": ""IOT-0000745"", ""temp"": 2.4596625143920794, ""lat"": 1.7690879803439215, ""lon"": 103.10037613385106}"
IOT-0000746,SHP-000412,DEV-133,3.660767,101.507485,4.64,41.06,16,2026-09-01T17:02:20.247341,"{""event_id"": ""IOT-0000746"", ""temp"": 4.643139188389391, ""lat"": 3.660766927194312, ""lon"": 101.50748496686168}"
IOT-0000747,SHP-000406,DEV-921,49.712885,2.977751,2.72,64.79,90,2026-08-30T18:04:20.247341,"{""event_id"": ""IOT-0000747"", ""temp"": 2.721270999831506, ""lat"": 49.712884822966046, ""lon"": 2.977751488337501}"
IOT-0000748,SHP-000010,DEV-560,53.289922,7.979293,6.44,55.90,58,2026-09-01T10:11:20.247341,"{""event_id"": ""IOT-0000748"", ""temp"": 6.43510674747033, ""lat"": 53.289922372539415, ""lon"": 7.979293284964238}"
IOT-0000749,SHP-000047,DEV-119,-22.454685,-44.330309,4.77,60.91,39,2026-08-28T20:35:20.247341,"{""event_id"": ""IOT-0000749"", ""temp"": 4.769766732599944, ""lat"": -22.454684584766596, ""lon"": -44.33030948100942}"
IOT-0000750,SHP-000163,DEV-132,53.741354,11.209459,4.03,73.07,98,2026-08-30T13:19:20.247341,"{""event_id"": ""IOT-0000750"", ""temp"": 4.026895191527546, ""lat"": 53.74135357990538, ""lon"": 11.209458805478537}"
IOT-0000751,SHP-000103,DEV-400,44.078753,-88.581869,3.69,45.20,53,2026-09-01T11:30:20.247341,"{""event_id"": ""IOT-0000751"", ""temp"": 3.6918396977766683, ""lat"": 44.07875341668086, ""lon"": -88.58186908613287}"
IOT-0000752,SHP-000495,DEV-922,-23.262885,-48.143327,5.83,62.91,95,2026-08-31T02:48:20.247341,"{""event_id"": ""IOT-0000752"", ""temp"": 5.828265230478102, ""lat"": -23.262884874556686, ""lon"": -48.1433267368762}"
IOT-0000753,SHP-000029,DEV-491,52.214977,9.538163,5.75,61.31,85,2026-09-01T10:41:20.247341,"{""event_id"": ""IOT-0000753"", ""temp"": 5.746679057662904, ""lat"": 52.21497684661747, ""lon"": 9.538162801419352}"
IOT-0000754,SHP-000390,DEV-133,37.820635,139.024876,4.47,66.47,18,2026-08-31T06:32:20.247341,"{""event_id"": ""IOT-0000754"", ""temp"": 4.474359757769074, ""lat"": 37.820634826154524, ""lon"": 139.02487574346267}"
IOT-0000755,SHP-000115,DEV-425,-34.977703,150.428363,6.29,73.27,40,2026-08-29T07:06:20.247341,"{""event_id"": ""IOT-0000755"", ""temp"": 6.29152455655554, ""lat"": -34.97770312985246, ""lon"": 150.42836343503356}"
IOT-0000756,SHP-000082,DEV-264,23.488781,57.123016,5.23,66.34,84,2026-08-30T14:05:20.247341,"{""event_id"": ""IOT-0000756"", ""temp"": 5.226068957381992, ""lat"": 23.48878094134658, ""lon"": 57.123016254837864}"
IOT-0000757,SHP-000222,DEV-654,52.346528,4.383587,3.19,54.12,24,2026-08-30T08:14:20.247341,"{""event_id"": ""IOT-0000757"", ""temp"": 3.1922846692865683, ""lat"": 52.34652759831906, ""lon"": 4.383587436066541}"
IOT-0000758,SHP-000425,DEV-217,3.764137,101.738756,6.35,59.30,16,2026-08-28T12:23:20.247341,"{""event_id"": ""IOT-0000758"", ""temp"": 6.352577135802238, ""lat"": 3.76413723975128, ""lon"": 101.73875579719007}"
IOT-0000759,SHP-000015,DEV-239,30.317083,120.173840,5.57,48.29,53,2026-08-29T03:29:20.247341,"{""event_id"": ""IOT-0000759"", ""temp"": 5.567906561183699, ""lat"": 30.31708253496262, ""lon"": 120.17384040560829}"
IOT-0000760,SHP-000323,DEV-258,51.011428,6.309931,3.98,40.55,21,2026-08-28T14:48:20.247341,"{""event_id"": ""IOT-0000760"", ""temp"": 3.984973962455222, ""lat"": 51.01142837470829, ""lon"": 6.309930900473234}"
IOT-0000761,SHP-000336,DEV-178,23.212395,54.816857,13.61,60.84,24,2026-08-30T07:20:20.247341,"{""event_id"": ""IOT-0000761"", ""temp"": 13.611974893928608, ""lat"": 23.21239501803228, ""lon"": 54.81685662403856}"
IOT-0000762,SHP-000203,DEV-955,-22.331413,-46.033655,2.72,64.63,55,2026-09-02T00:38:20.247341,"{""event_id"": ""IOT-0000762"", ""temp"": 2.7198621197122, ""lat"": -22.331412817698443, ""lon"": -46.03365544961979}"
IOT-0000763,SHP-000038,DEV-246,-32.467451,151.989830,2.52,67.45,25,2026-08-30T15:59:20.247341,"{""event_id"": ""IOT-0000763"", ""temp"": 2.522258908390846, ""lat"": -32.46745126615691, ""lon"": 151.9898303050179}"
IOT-0000764,SHP-000260,DEV-234,34.235326,-116.076332,3.47,46.17,20,2026-09-01T04:26:20.247341,"{""event_id"": ""IOT-0000764"", ""temp"": 3.473160526904662, ""lat"": 34.235325912920814, ""lon"": -116.0763315240959}"
IOT-0000765,SHP-000410,DEV-636,22.725155,56.572623,4.47,49.07,95,2026-09-01T19:16:20.247341,"{""event_id"": ""IOT-0000765"", ""temp"": 4.465385172475699, ""lat"": 22.725154895906137, ""lon"": 56.57262336442469}"
IOT-0000766,SHP-000027,DEV-736,29.867281,120.913449,5.20,72.55,79,2026-08-28T11:16:20.247341,"{""event_id"": ""IOT-0000766"", ""temp"": 5.201870073554298, ""lat"": 29.86728121054781, ""lon"": 120.91344924405813}"
IOT-0000767,SHP-000154,DEV-244,53.200380,5.645353,4.53,51.63,16,2026-08-30T04:03:20.247341,"{""event_id"": ""IOT-0000767"", ""temp"": 4.5303810209951525, ""lat"": 53.20037988363144, ""lon"": 5.645352537753423}"
IOT-0000768,SHP-000285,DEV-483,30.426210,121.817675,3.32,46.47,39,2026-08-28T14:56:20.247341,"{""event_id"": ""IOT-0000768"", ""temp"": 3.32205111751088, ""lat"": 30.426210282185828, ""lon"": 121.81767490820225}"
IOT-0000769,SHP-000175,DEV-653,26.459317,55.538734,3.97,71.78,84,2026-09-01T03:58:20.247341,"{""event_id"": ""IOT-0000769"", ""temp"": 3.974492273818746, ""lat"": 26.45931747733299, ""lon"": 55.53873421227107}"
IOT-0000770,SHP-000313,DEV-561,-23.995812,-45.288444,3.37,59.94,55,2026-09-02T01:43:20.247341,"{""event_id"": ""IOT-0000770"", ""temp"": 3.3673189945795006, ""lat"": -23.99581228371327, ""lon"": -45.28844446778187}"
IOT-0000771,SHP-000213,DEV-763,54.635775,9.914032,4.19,74.80,71,2026-08-29T21:25:20.247341,"{""event_id"": ""IOT-0000771"", ""temp"": 4.192240722690192, ""lat"": 54.6357751633116, ""lon"": 9.91403245857738}"
IOT-0000772,SHP-000315,DEV-168,51.225481,11.438297,4.50,66.98,68,2026-08-30T16:19:20.247341,"{""event_id"": ""IOT-0000772"", ""temp"": 4.499678127421578, ""lat"": 51.225480841787245, ""lon"": 11.438296917740779}"
IOT-0000773,SHP-000291,DEV-692,37.856823,139.992763,6.38,66.75,70,2026-09-01T05:40:20.247341,"{""event_id"": ""IOT-0000773"", ""temp"": 6.378562801111085, ""lat"": 37.85682257711613, ""lon"": 139.99276321085313}"
IOT-0000774,SHP-000327,DEV-592,-21.812199,-44.149417,3.34,70.59,81,2026-08-31T09:35:20.247341,"{""event_id"": ""IOT-0000774"", ""temp"": 3.3413528324296022, ""lat"": -21.81219936719551, ""lon"": -44.14941681986221}"
IOT-0000775,SHP-000064,DEV-461,-32.934316,153.161546,3.35,48.49,43,2026-08-28T06:40:20.247341,"{""event_id"": ""IOT-0000775"", ""temp"": 3.353897223567179, ""lat"": -32.93431646527519, ""lon"": 153.16154554499695}"
IOT-0000776,SHP-000472,DEV-824,37.212605,140.337038,4.25,68.25,85,2026-08-31T04:55:20.247341,"{""event_id"": ""IOT-0000776"", ""temp"": 4.246680344553142, ""lat"": 37.21260516062153, ""lon"": 140.3370378444848}"
IOT-0000777,SHP-000345,DEV-356,-35.676305,150.143052,4.86,57.35,26,2026-08-30T22:45:20.247341,"{""event_id"": ""IOT-0000777"", ""temp"": 4.861006081647636, ""lat"": -35.676305031499915, ""lon"": 150.14305196851282}"
IOT-0000778,SHP-000235,DEV-249,30.954942,123.410750,2.38,40.54,100,2026-08-30T13:50:20.247341,"{""event_id"": ""IOT-0000778"", ""temp"": 2.37502581491656, ""lat"": 30.954941850245966, ""lon"": 123.41075027648841}"
IOT-0000779,SHP-000291,DEV-279,51.836635,11.815325,17.74,56.18,33,2026-09-01T17:26:20.247341,"{""event_id"": ""IOT-0000779"", ""temp"": 17.73855186376027, ""lat"": 51.83663455385482, ""lon"": 11.815325428831356}"
IOT-0000780,SHP-000376,DEV-776,27.487960,55.856204,5.43,50.22,17,2026-08-31T17:21:20.247341,"{""event_id"": ""IOT-0000780"", ""temp"": 5.426190552673034, ""lat"": 27.48795997063302, ""lon"": 55.85620376110688}"
IOT-0000781,SHP-000379,DEV-665,52.701360,8.706471,3.27,55.30,26,2026-09-01T05:33:20.247341,"{""event_id"": ""IOT-0000781"", ""temp"": 3.265248360859859, ""lat"": 52.70136045005304, ""lon"": 8.706471468160956}"
IOT-0000782,SHP-000254,DEV-523,34.191865,-119.084212,6.19,71.73,99,2026-09-02T01:24:20.247341,"{""event_id"": ""IOT-0000782"", ""temp"": 6.19317525249204, ""lat"": 34.191864757353244, ""lon"": -119.08421156587748}"
IOT-0000783,SHP-000413,DEV-405,-36.255447,152.567242,4.74,45.73,44,2026-08-31T01:48:20.247341,"{""event_id"": ""IOT-0000783"", ""temp"": 4.742948453093802, ""lat"": -36.25544685096926, ""lon"": 152.56724153729056}"
IOT-0000784,SHP-000438,DEV-703,35.729547,-119.442695,3.93,69.18,43,2026-08-28T19:25:20.247341,"{""event_id"": ""IOT-0000784"", ""temp"": 3.9259879693012194, ""lat"": 35.72954663915787, ""lon"": -119.44269483587597}"
IOT-0000785,SHP-000322,DEV-733,-22.188564,-44.362532,5.46,48.14,29,2026-08-29T06:34:20.247341,"{""event_id"": ""IOT-0000785"", ""temp"": 5.456377916163027, ""lat"": -22.188564234257292, ""lon"": -44.36253247249235}"
IOT-0000786,SHP-000472,DEV-995,23.508100,57.554482,12.56,49.86,56,2026-08-31T09:01:20.247341,"{""event_id"": ""IOT-0000786"", ""temp"": 12.556093947137901, ""lat"": 23.508100097438778, ""lon"": 57.55448196896934}"
IOT-0000787,SHP-000299,DEV-603,49.581328,2.839107,3.47,74.40,64,2026-08-29T04:03:20.247341,"{""event_id"": ""IOT-0000787"", ""temp"": 3.4654625433892194, ""lat"": 49.58132840386516, ""lon"": 2.8391073230948667}"
IOT-0000788,SHP-000161,DEV-659,2.537027,102.462185,4.36,63.39,36,2026-08-28T14:08:20.247341,"{""event_id"": ""IOT-0000788"", ""temp"": 4.3601499004134805, ""lat"": 2.537026522897087, ""lon"": 102.46218497068865}"
IOT-0000789,SHP-000415,DEV-764,-36.296454,152.294957,2.29,45.90,79,2026-09-02T01:50:20.247341,"{""event_id"": ""IOT-0000789"", ""temp"": 2.288711230531261, ""lat"": -36.296454023061244, ""lon"": 152.2949565004858}"
IOT-0000790,SHP-000269,DEV-969,35.251241,137.782092,3.36,72.07,85,2026-08-28T09:16:20.247341,"{""event_id"": ""IOT-0000790"", ""temp"": 3.3589275242426715, ""lat"": 35.25124099435808, ""lon"": 137.78209181193398}"
IOT-0000791,SHP-000044,DEV-252,29.017429,119.145058,4.39,66.68,42,2026-08-29T08:13:20.247341,"{""event_id"": ""IOT-0000791"", ""temp"": 4.3904194667349685, ""lat"": 29.017428695428983, ""lon"": 119.14505812142303}"
IOT-0000792,SHP-000466,DEV-835,35.153792,-116.813303,6.19,71.25,97,2026-08-30T18:37:20.247341,"{""event_id"": ""IOT-0000792"", ""temp"": 6.189722893473718, ""lat"": 35.15379159061938, ""lon"": -116.81330306415242}"
IOT-0000793,SHP-000287,DEV-292,53.065750,3.689360,5.09,40.94,20,2026-08-31T14:07:20.247341,"{""event_id"": ""IOT-0000793"", ""temp"": 5.089406490106203, ""lat"": 53.06575032474085, ""lon"": 3.68936040562986}"
IOT-0000794,SHP-000348,DEV-471,52.254397,12.236108,4.73,43.60,96,2026-08-31T23:49:20.247341,"{""event_id"": ""IOT-0000794"", ""temp"": 4.734663940277331, ""lat"": 52.25439664950101, ""lon"": 12.236107991830089}"
IOT-0000795,SHP-000431,DEV-558,26.141812,57.508324,5.86,68.24,63,2026-09-01T16:19:20.247341,"{""event_id"": ""IOT-0000795"", ""temp"": 5.864594148637797, ""lat"": 26.141812070714, ""lon"": 57.50832436260534}"
IOT-0000796,SHP-000285,DEV-168,31.991891,-117.002942,17.35,65.11,34,2026-09-01T03:38:20.247341,"{""event_id"": ""IOT-0000796"", ""temp"": 17.349705916645743, ""lat"": 31.991891261881722, ""lon"": -117.00294224203343}"
IOT-0000797,SHP-000044,DEV-797,51.004111,4.185183,2.29,52.34,40,2026-08-30T15:46:20.247341,"{""event_id"": ""IOT-0000797"", ""temp"": 2.2949604841674134, ""lat"": 51.00411083905879, ""lon"": 4.18518333903129}"
IOT-0000798,SHP-000478,DEV-808,53.442628,4.718150,5.20,52.60,72,2026-08-28T15:08:20.247341,"{""event_id"": ""IOT-0000798"", ""temp"": 5.20114171853352, ""lat"": 53.44262819903415, ""lon"": 4.718149517490099}"
IOT-0000799,SHP-000386,DEV-802,-0.984391,105.813000,3.85,68.36,87,2026-08-30T19:12:20.247341,"{""event_id"": ""IOT-0000799"", ""temp"": 3.845726252003408, ""lat"": -0.9843910859242171, ""lon"": 105.81300041222035}"
IOT-0000800,SHP-000067,DEV-445,-23.812735,-44.853424,10.63,48.74,24,2026-08-30T10:19:20.247341,"{""event_id"": ""IOT-0000800"", ""temp"": 10.634010391574586, ""lat"": -23.812734653257692, ""lon"": -44.85342377514193}"
IOT-0000801,SHP-000309,DEV-663,26.858117,53.626761,3.03,73.62,37,2026-08-31T21:05:20.247341,"{""event_id"": ""IOT-0000801"", ""temp"": 3.0261795603590906, ""lat"": 26.858117485856972, ""lon"": 53.626760691349034}"
IOT-0000802,SHP-000186,DEV-292,-1.073396,104.705705,4.06,48.88,53,2026-09-01T17:09:20.247341,"{""event_id"": ""IOT-0000802"", ""temp"": 4.062308220581222, ""lat"": -1.0733964948505785, ""lon"": 104.70570497169712}"
IOT-0000803,SHP-000140,DEV-655,-22.498106,-48.005957,6.16,49.69,60,2026-09-01T06:03:20.247341,"{""event_id"": ""IOT-0000803"", ""temp"": 6.16302223118101, ""lat"": -22.498106332852885, ""lon"": -48.00595712049622}"
IOT-0000804,SHP-000020,DEV-164,-32.130043,151.161594,5.87,52.97,56,2026-08-30T17:44:20.247341,"{""event_id"": ""IOT-0000804"", ""temp"": 5.874762861557928, ""lat"": -32.1300428948804, ""lon"": 151.16159434915485}"
IOT-0000805,SHP-000235,DEV-126,25.145564,57.437242,4.67,59.60,62,2026-08-28T15:14:20.247341,"{""event_id"": ""IOT-0000805"", ""temp"": 4.672128485524119, ""lat"": 25.14556383873853, ""lon"": 57.43724154687544}"
IOT-0000806,SHP-000057,DEV-216,33.532832,-117.469479,2.75,66.79,96,2026-08-30T05:27:20.247341,"{""event_id"": ""IOT-0000806"", ""temp"": 2.7488720882749336, ""lat"": 33.5328316967211, ""lon"": -117.46947931601353}"
IOT-0000807,SHP-000142,DEV-105,41.470802,-88.580427,4.07,69.04,64,2026-08-31T09:34:20.247341,"{""event_id"": ""IOT-0000807"", ""temp"": 4.070414600945307, ""lat"": 41.47080239622706, ""lon"": -88.58042742198725}"
IOT-0000808,SHP-000233,DEV-210,30.405587,120.256360,5.01,63.70,47,2026-08-28T12:15:20.247341,"{""event_id"": ""IOT-0000808"", ""temp"": 5.009537016978335, ""lat"": 30.405586866109036, ""lon"": 120.25636010712351}"
IOT-0000809,SHP-000392,DEV-793,51.149756,2.270802,3.42,56.69,54,2026-08-28T14:08:20.247341,"{""event_id"": ""IOT-0000809"", ""temp"": 3.418910745482059, ""lat"": 51.149756017853406, ""lon"": 2.2708020065496974}"
IOT-0000810,SHP-000305,DEV-191,0.956970,104.583245,2.38,71.54,51,2026-08-30T13:38:20.247341,"{""event_id"": ""IOT-0000810"", ""temp"": 2.3812305709168844, ""lat"": 0.9569696981412363, ""lon"": 104.58324498203832}"
IOT-0000811,SHP-000059,DEV-831,29.631030,121.071414,4.39,44.09,64,2026-08-30T15:50:20.247341,"{""event_id"": ""IOT-0000811"", ""temp"": 4.386169574046509, ""lat"": 29.631029565711785, ""lon"": 121.07141434228083}"
IOT-0000812,SHP-000284,DEV-274,52.151826,2.487572,5.91,67.07,72,2026-09-01T09:06:20.247341,"{""event_id"": ""IOT-0000812"", ""temp"": 5.905981409527066, ""lat"": 52.15182575123136, ""lon"": 2.48757219374124}"
IOT-0000813,SHP-000182,DEV-544,37.074091,138.168118,5.48,69.72,16,2026-08-31T03:59:20.247341,"{""event_id"": ""IOT-0000813"", ""temp"": 5.484097604281463, ""lat"": 37.07409120615844, ""lon"": 138.1681184659516}"
IOT-0000814,SHP-000160,DEV-433,-35.544416,150.819679,5.61,70.57,77,2026-08-29T17:01:20.247341,"{""event_id"": ""IOT-0000814"", ""temp"": 5.612728754993059, ""lat"": -35.54441615267916, ""lon"": 150.8196788744702}"
IOT-0000815,SHP-000264,DEV-111,-34.392598,149.566316,2.92,74.14,89,2026-08-28T13:21:20.247341,"{""event_id"": ""IOT-0000815"", ""temp"": 2.9228341338346246, ""lat"": -34.39259849865099, ""lon"": 149.56631605176509}"
IOT-0000816,SHP-000163,DEV-402,54.073788,3.490430,4.93,63.69,20,2026-08-29T11:39:20.247341,"{""event_id"": ""IOT-0000816"", ""temp"": 4.932476294311247, ""lat"": 54.07378755712832, ""lon"": 3.4904298771308757}"
IOT-0000817,SHP-000041,DEV-166,29.303534,119.086043,3.05,69.83,71,2026-08-30T20:29:20.247341,"{""event_id"": ""IOT-0000817"", ""temp"": 3.0453579482929336, ""lat"": 29.303534137209766, ""lon"": 119.08604304772541}"
IOT-0000818,SHP-000165,DEV-207,33.540461,122.588528,2.68,51.73,70,2026-08-28T04:12:20.247341,"{""event_id"": ""IOT-0000818"", ""temp"": 2.67959641726491, ""lat"": 33.54046050341512, ""lon"": 122.58852835964483}"
IOT-0000819,SHP-000483,DEV-364,52.246167,3.529459,5.42,56.87,30,2026-08-28T23:05:20.247341,"{""event_id"": ""IOT-0000819"", ""temp"": 5.420883189273085, ""lat"": 52.2461674268588, ""lon"": 3.5294587653557454}"
IOT-0000820,SHP-000463,DEV-410,-23.022462,-46.137566,5.85,68.99,93,2026-08-30T06:19:20.247341,"{""event_id"": ""IOT-0000820"", ""temp"": 5.848956338295881, ""lat"": -23.02246211761723, ""lon"": -46.137565574825395}"
IOT-0000821,SHP-000402,DEV-764,33.761548,-116.734018,2.66,44.48,73,2026-08-29T12:01:20.247341,"{""event_id"": ""IOT-0000821"", ""temp"": 2.6629387704441863, ""lat"": 33.76154769972226, ""lon"": -116.73401785932576}"
IOT-0000822,SHP-000291,DEV-205,41.800891,-88.054046,4.23,40.57,50,2026-08-29T11:05:20.247341,"{""event_id"": ""IOT-0000822"", ""temp"": 4.227789979996443, ""lat"": 41.800890996295294, ""lon"": -88.05404615906706}"
IOT-0000823,SHP-000300,DEV-636,32.759623,-120.152445,2.63,69.73,34,2026-08-29T21:44:20.247341,"{""event_id"": ""IOT-0000823"", ""temp"": 2.6259747273077414, ""lat"": 32.75962265119334, ""lon"": -120.15244525115136}"
IOT-0000824,SHP-000298,DEV-558,34.722438,-120.203494,6.01,49.43,64,2026-08-31T11:17:20.247341,"{""event_id"": ""IOT-0000824"", ""temp"": 6.013771553217342, ""lat"": 34.72243751314567, ""lon"": -120.20349379092791}"
IOT-0000825,SHP-000474,DEV-629,51.339428,2.381828,3.75,42.44,42,2026-08-31T17:02:20.247341,"{""event_id"": ""IOT-0000825"", ""temp"": 3.7495773671214483, ""lat"": 51.33942761971564, ""lon"": 2.381828463793716}"
IOT-0000826,SHP-000289,DEV-210,3.526307,103.412459,2.94,54.12,25,2026-08-31T04:43:20.247341,"{""event_id"": ""IOT-0000826"", ""temp"": 2.93770885460761, ""lat"": 3.526306742672374, ""lon"": 103.41245914179233}"
IOT-0000827,SHP-000175,DEV-175,43.715372,-87.196911,5.64,64.43,88,2026-08-31T14:14:20.247341,"{""event_id"": ""IOT-0000827"", ""temp"": 5.641403458755464, ""lat"": 43.71537224915718, ""lon"": -87.19691077239268}"
IOT-0000828,SHP-000308,DEV-302,-22.115939,-45.166278,2.54,61.80,36,2026-08-29T00:59:20.247341,"{""event_id"": ""IOT-0000828"", ""temp"": 2.5449463479060377, ""lat"": -22.115938628795078, ""lon"": -45.16627769748389}"
IOT-0000829,SHP-000299,DEV-225,32.603574,-119.987802,2.72,42.90,49,2026-08-28T07:29:20.247341,"{""event_id"": ""IOT-0000829"", ""temp"": 2.7241515080787613, ""lat"": 32.60357353555821, ""lon"": -119.98780188531335}"
IOT-0000830,SHP-000402,DEV-148,-0.560852,103.897178,6.39,56.49,31,2026-08-29T10:45:20.247341,"{""event_id"": ""IOT-0000830"", ""temp"": 6.38737250738331, ""lat"": -0.5608520232972651, ""lon"": 103.8971779610631}"
IOT-0000831,SHP-000042,DEV-462,-24.566168,-43.836546,10.27,62.32,35,2026-09-02T01:20:20.247341,"{""event_id"": ""IOT-0000831"", ""temp"": 10.27486849402837, ""lat"": -24.566168226670793, ""lon"": -43.836546139749906}"
IOT-0000832,SHP-000131,DEV-851,37.957596,139.019616,5.18,50.99,63,2026-08-29T21:41:20.247341,"{""event_id"": ""IOT-0000832"", ""temp"": 5.183433433836514, ""lat"": 37.95759561505091, ""lon"": 139.01961551900186}"
IOT-0000833,SHP-000346,DEV-262,55.770432,11.021637,4.77,50.00,91,2026-09-01T09:13:20.247341,"{""event_id"": ""IOT-0000833"", ""temp"": 4.767918951215204, ""lat"": 55.77043150565198, ""lon"": 11.021637409031861}"
IOT-0000834,SHP-000401,DEV-317,50.514596,4.059430,16.19,51.79,32,2026-08-29T13:43:20.247341,"{""event_id"": ""IOT-0000834"", ""temp"": 16.190126774426453, ""lat"": 50.51459586682543, ""lon"": 4.059430472363573}"
IOT-0000835,SHP-000327,DEV-288,33.558603,122.807039,6.26,68.96,34,2026-09-02T00:37:20.247341,"{""event_id"": ""IOT-0000835"", ""temp"": 6.256156300627809, ""lat"": 33.55860320930826, ""lon"": 122.80703936151689}"
IOT-0000836,SHP-000496,DEV-418,33.913124,-118.144580,3.30,45.80,48,2026-08-30T19:38:20.247341,"{""event_id"": ""IOT-0000836"", ""temp"": 3.3012271704925307, ""lat"": 33.91312390524352, ""lon"": -118.144579758976}"
IOT-0000837,SHP-000028,DEV-407,-24.857113,-44.825448,6.32,52.02,78,2026-08-30T21:19:20.247341,"{""event_id"": ""IOT-0000837"", ""temp"": 6.3150785116760435, ""lat"": -24.857112854259913, ""lon"": -44.82544751087705}"
IOT-0000838,SHP-000090,DEV-803,42.241248,-89.499123,3.88,43.84,51,2026-09-01T06:14:20.247341,"{""event_id"": ""IOT-0000838"", ""temp"": 3.877826774075019, ""lat"": 42.241247523177705, ""lon"": -89.49912283558395}"
IOT-0000839,SHP-000239,DEV-138,-32.254409,149.650610,5.38,59.67,41,2026-08-28T17:35:20.247341,"{""event_id"": ""IOT-0000839"", ""temp"": 5.384843714367008, ""lat"": -32.2544086585711, ""lon"": 149.6506096501354}"
IOT-0000840,SHP-000063,DEV-671,27.133530,56.359829,3.03,44.95,52,2026-08-31T04:56:20.247341,"{""event_id"": ""IOT-0000840"", ""temp"": 3.029857811393077, ""lat"": 27.13352974848905, ""lon"": 56.359828884304534}"
IOT-0000841,SHP-000136,DEV-165,-35.590699,151.001054,2.12,63.35,19,2026-08-31T00:02:20.247341,"{""event_id"": ""IOT-0000841"", ""temp"": 2.1207898535637892, ""lat"": -35.590699314120876, ""lon"": 151.00105445678622}"
IOT-0000842,SHP-000202,DEV-342,-21.688108,-48.281479,2.23,68.74,51,2026-08-31T20:02:20.247341,"{""event_id"": ""IOT-0000842"", ""temp"": 2.2271478937960008, ""lat"": -21.68810810992927, ""lon"": -48.28147916994974}"
IOT-0000843,SHP-000344,DEV-191,34.182525,140.018150,4.30,62.41,33,2026-08-28T23:10:20.247341,"{""event_id"": ""IOT-0000843"", ""temp"": 4.29725837377328, ""lat"": 34.18252511473155, ""lon"": 140.01815036708618}"
IOT-0000844,SHP-000476,DEV-640,-21.918179,-48.516541,5.25,54.37,93,2026-09-01T02:02:20.247341,"{""event_id"": ""IOT-0000844"", ""temp"": 5.254673307469321, ""lat"": -21.91817852944037, ""lon"": -48.51654141109889}"
IOT-0000845,SHP-000007,DEV-407,34.874484,-120.231075,3.30,51.75,24,2026-08-31T06:42:20.247341,"{""event_id"": ""IOT-0000845"", ""temp"": 3.3006255393942863, ""lat"": 34.87448425622062, ""lon"": -120.23107468506132}"
IOT-0000846,SHP-000192,DEV-630,54.304617,7.971362,2.20,42.20,55,2026-08-31T04:07:20.247341,"{""event_id"": ""IOT-0000846"", ""temp"": 2.2018760270660547, ""lat"": 54.304616999615945, ""lon"": 7.971362287717029}"
IOT-0000847,SHP-000194,DEV-713,43.502701,-89.268186,2.73,46.52,53,2026-09-02T02:26:20.247341,"{""event_id"": ""IOT-0000847"", ""temp"": 2.731674677255138, ""lat"": 43.502701117680324, ""lon"": -89.26818585001718}"
IOT-0000848,SHP-000293,DEV-945,41.411964,-86.677753,6.03,53.80,66,2026-08-29T02:13:20.247341,"{""event_id"": ""IOT-0000848"", ""temp"": 6.026208888622773, ""lat"": 41.41196413829564, ""lon"": -86.67775279331723}"
IOT-0000849,SHP-000125,DEV-254,40.371089,-88.661016,2.58,43.01,58,2026-08-29T09:31:20.247341,"{""event_id"": ""IOT-0000849"", ""temp"": 2.580151988617029, ""lat"": 40.371088815905715, ""lon"": -88.66101569842971}"
IOT-0000850,SHP-000324,DEV-341,22.922609,57.608935,4.07,70.98,45,2026-09-01T23:33:20.247341,"{""event_id"": ""IOT-0000850"", ""temp"": 4.065440504810773, ""lat"": 22.9226088068066, ""lon"": 57.60893504930095}"
IOT-0000851,SHP-000308,DEV-837,3.761895,104.480592,5.07,67.64,26,2026-08-30T09:36:20.247341,"{""event_id"": ""IOT-0000851"", ""temp"": 5.067130353812871, ""lat"": 3.7618947248559325, ""lon"": 104.48059196084169}"
IOT-0000852,SHP-000481,DEV-376,24.872163,53.473798,2.49,51.89,26,2026-08-30T19:00:20.247341,"{""event_id"": ""IOT-0000852"", ""temp"": 2.4886211126813094, ""lat"": 24.872163174592075, ""lon"": 53.473798360103}"
IOT-0000853,SHP-000350,DEV-662,52.595305,9.369400,6.32,60.06,95,2026-08-30T03:37:20.247341,"{""event_id"": ""IOT-0000853"", ""temp"": 6.324693092954185, ""lat"": 52.59530492092446, ""lon"": 9.369400148464033}"
IOT-0000854,SHP-000120,DEV-983,43.502016,-88.387036,4.85,56.49,58,2026-08-28T07:31:20.247341,"{""event_id"": ""IOT-0000854"", ""temp"": 4.851820658144677, ""lat"": 43.50201612881273, ""lon"": -88.3870358948233}"
IOT-0000855,SHP-000039,DEV-156,56.026101,12.311787,5.63,66.85,84,2026-09-01T20:19:20.247341,"{""event_id"": ""IOT-0000855"", ""temp"": 5.633526112940247, ""lat"": 56.02610081112703, ""lon"": 12.31178714117559}"
IOT-0000856,SHP-000030,DEV-959,42.639944,-89.970415,4.30,51.53,87,2026-08-29T14:30:20.247341,"{""event_id"": ""IOT-0000856"", ""temp"": 4.301638419152461, ""lat"": 42.639943799910185, ""lon"": -89.9704146111348}"
IOT-0000857,SHP-000263,DEV-195,36.439533,-119.908990,5.95,40.52,54,2026-08-30T10:18:20.247341,"{""event_id"": ""IOT-0000857"", ""temp"": 5.9534630031226605, ""lat"": 36.4395332474019, ""lon"": -119.90898952322395}"
IOT-0000858,SHP-000209,DEV-256,51.784705,8.476178,5.92,40.43,43,2026-08-30T06:48:20.247341,"{""event_id"": ""IOT-0000858"", ""temp"": 5.920679809892564, ""lat"": 51.78470505963429, ""lon"": 8.476178048380644}"
IOT-0000859,SHP-000359,DEV-486,51.192148,6.348199,5.90,40.76,45,2026-09-01T11:56:20.247341,"{""event_id"": ""IOT-0000859"", ""temp"": 5.901131400249049, ""lat"": 51.192148066383155, ""lon"": 6.348199249336824}"
IOT-0000860,SHP-000159,DEV-969,29.405536,122.601722,6.27,65.92,100,2026-09-01T06:40:20.247341,"{""event_id"": ""IOT-0000860"", ""temp"": 6.269624587280522, ""lat"": 29.405535722349587, ""lon"": 122.60172197423657}"
IOT-0000861,SHP-000075,DEV-878,0.523505,104.748087,5.04,67.12,84,2026-08-28T18:58:20.247341,"{""event_id"": ""IOT-0000861"", ""temp"": 5.039018564825542, ""lat"": 0.523505060583715, ""lon"": 104.74808656185043}"
IOT-0000862,SHP-000292,DEV-796,49.764860,5.351498,4.65,60.34,63,2026-08-29T05:40:20.247341,"{""event_id"": ""IOT-0000862"", ""temp"": 4.649131191091723, ""lat"": 49.76486025384873, ""lon"": 5.3514980679725355}"
IOT-0000863,SHP-000031,DEV-135,41.196950,-88.838138,17.72,50.83,45,2026-08-29T17:33:20.247341,"{""event_id"": ""IOT-0000863"", ""temp"": 17.72469743885809, ""lat"": 41.19694980660602, ""lon"": -88.83813783749044}"
IOT-0000864,SHP-000209,DEV-278,32.698580,-116.097134,3.16,50.52,32,2026-09-01T01:12:20.247341,"{""event_id"": ""IOT-0000864"", ""temp"": 3.1561459303084574, ""lat"": 32.69858007012178, ""lon"": -116.09713410040972}"
IOT-0000865,SHP-000305,DEV-943,25.423176,57.302528,5.94,41.95,76,2026-08-31T19:36:20.247341,"{""event_id"": ""IOT-0000865"", ""temp"": 5.939821702400635, ""lat"": 25.42317573019517, ""lon"": 57.30252837711845}"
IOT-0000866,SHP-000331,DEV-733,24.552759,54.829621,4.85,60.83,66,2026-08-31T20:55:20.247341,"{""event_id"": ""IOT-0000866"", ""temp"": 4.852289441849562, ""lat"": 24.55275925236982, ""lon"": 54.82962136403939}"
IOT-0000867,SHP-000041,DEV-430,-21.653872,-48.304825,6.30,41.88,48,2026-08-30T01:01:20.247341,"{""event_id"": ""IOT-0000867"", ""temp"": 6.299260680004458, ""lat"": -21.653872154262388, ""lon"": -48.304824896293574}"
IOT-0000868,SHP-000295,DEV-670,29.431878,120.546951,4.02,46.11,39,2026-08-30T16:18:20.247341,"{""event_id"": ""IOT-0000868"", ""temp"": 4.021367439292467, ""lat"": 29.431878436438645, ""lon"": 120.54695130381002}"
IOT-0000869,SHP-000427,DEV-439,53.694599,7.823756,3.94,59.85,36,2026-08-29T13:57:20.247341,"{""event_id"": ""IOT-0000869"", ""temp"": 3.9423860665740094, ""lat"": 53.6945991538999, ""lon"": 7.8237562391819}"
IOT-0000870,SHP-000207,DEV-334,-24.678622,-45.095245,2.70,47.08,91,2026-09-01T13:53:20.247341,"{""event_id"": ""IOT-0000870"", ""temp"": 2.6964779846589493, ""lat"": -24.678622424801794, ""lon"": -45.09524548766476}"
IOT-0000871,SHP-000485,DEV-595,54.492912,9.099177,3.06,73.20,25,2026-08-29T20:08:20.247341,"{""event_id"": ""IOT-0000871"", ""temp"": 3.0629616430665543, ""lat"": 54.492912387368456, ""lon"": 9.09917749764727}"
IOT-0000872,SHP-000170,DEV-543,33.180075,119.219965,6.07,64.29,38,2026-08-30T15:39:20.247341,"{""event_id"": ""IOT-0000872"", ""temp"": 6.066625737374787, ""lat"": 33.18007485870495, ""lon"": 119.21996527064552}"
IOT-0000873,SHP-000337,DEV-197,-24.655304,-44.081773,2.91,59.54,58,2026-08-31T23:36:20.247341,"{""event_id"": ""IOT-0000873"", ""temp"": 2.9065405157098074, ""lat"": -24.655304063944946, ""lon"": -44.081773219746175}"
IOT-0000874,SHP-000172,DEV-951,28.768502,119.708583,15.76,55.91,48,2026-08-30T05:00:20.247341,"{""event_id"": ""IOT-0000874"", ""temp"": 15.757209427272272, ""lat"": 28.768502269970927, ""lon"": 119.70858261790643}"
IOT-0000875,SHP-000457,DEV-429,44.053670,-85.398352,3.90,67.26,32,2026-08-28T19:53:20.247341,"{""event_id"": ""IOT-0000875"", ""temp"": 3.8996962994612216, ""lat"": 44.053670266819196, ""lon"": -85.39835217799825}"
IOT-0000876,SHP-000230,DEV-562,-25.482256,-47.055212,2.72,48.73,64,2026-08-30T23:37:20.247341,"{""event_id"": ""IOT-0000876"", ""temp"": 2.719027716206713, ""lat"": -25.482256350938066, ""lon"": -47.055211642306375}"
IOT-0000877,SHP-000221,DEV-709,26.161856,53.666640,5.07,60.45,60,2026-08-29T06:44:20.247341,"{""event_id"": ""IOT-0000877"", ""temp"": 5.065062113068494, ""lat"": 26.161856474075286, ""lon"": 53.66664005437046}"
IOT-0000878,SHP-000317,DEV-687,31.738549,-117.798321,5.31,54.74,67,2026-08-29T15:21:20.247341,"{""event_id"": ""IOT-0000878"", ""temp"": 5.3076360945056935, ""lat"": 31.738548733114413, ""lon"": -117.7983213415293}"
IOT-0000879,SHP-000146,DEV-879,53.420994,11.807708,3.30,44.13,80,2026-08-31T07:34:20.247341,"{""event_id"": ""IOT-0000879"", ""temp"": 3.302415905723919, ""lat"": 53.42099375997839, ""lon"": 11.807707693896448}"
IOT-0000880,SHP-000442,DEV-573,51.933136,3.807525,3.44,63.36,55,2026-08-28T12:39:20.247341,"{""event_id"": ""IOT-0000880"", ""temp"": 3.438851863330565, ""lat"": 51.93313641669922, ""lon"": 3.807525222206853}"
IOT-0000881,SHP-000150,DEV-644,33.635622,-120.558691,4.95,73.41,45,2026-08-28T10:05:20.247341,"{""event_id"": ""IOT-0000881"", ""temp"": 4.945627536090247, ""lat"": 33.635621925739535, ""lon"": -120.55869051913298}"
IOT-0000882,SHP-000480,DEV-597,51.610958,4.212402,2.19,47.45,19,2026-09-01T17:44:20.247341,"{""event_id"": ""IOT-0000882"", ""temp"": 2.188403241366881, ""lat"": 51.61095817950128, ""lon"": 4.212402025417229}"
IOT-0000883,SHP-000055,DEV-898,-31.958701,150.103373,4.50,49.24,51,2026-08-31T18:46:20.247341,"{""event_id"": ""IOT-0000883"", ""temp"": 4.498105930945819, ""lat"": -31.95870088393964, ""lon"": 150.10337285172284}"
IOT-0000884,SHP-000348,DEV-231,34.859374,139.526877,4.99,43.51,67,2026-08-28T16:23:20.247341,"{""event_id"": ""IOT-0000884"", ""temp"": 4.988442212374951, ""lat"": 34.859373615787945, ""lon"": 139.52687748588994}"
IOT-0000885,SHP-000460,DEV-197,-21.983312,-43.882961,6.49,49.98,89,2026-08-31T10:57:20.247341,"{""event_id"": ""IOT-0000885"", ""temp"": 6.491098349604533, ""lat"": -21.983311899200768, ""lon"": -43.88296082277902}"
IOT-0000886,SHP-000457,DEV-742,0.581236,102.037871,5.77,65.29,92,2026-09-02T01:13:20.247341,"{""event_id"": ""IOT-0000886"", ""temp"": 5.766044793907177, ""lat"": 0.5812355965309948, ""lon"": 102.03787077752244}"
IOT-0000887,SHP-000174,DEV-635,0.338722,103.212675,15.42,53.46,75,2026-08-29T04:39:20.247341,"{""event_id"": ""IOT-0000887"", ""temp"": 15.423663042893912, ""lat"": 0.3387224294673581, ""lon"": 103.21267481395739}"
IOT-0000888,SHP-000142,DEV-336,52.758666,9.854635,6.42,62.12,67,2026-08-29T23:30:20.247341,"{""event_id"": ""IOT-0000888"", ""temp"": 6.4180891121537975, ""lat"": 52.758665515405994, ""lon"": 9.854635431166573}"
IOT-0000889,SHP-000406,DEV-634,-24.048776,-48.243332,4.88,73.09,67,2026-08-29T22:40:20.247341,"{""event_id"": ""IOT-0000889"", ""temp"": 4.878734133453779, ""lat"": -24.04877568633242, ""lon"": -48.24333162903878}"
IOT-0000890,SHP-000097,DEV-964,36.642465,138.598633,2.21,47.56,90,2026-08-31T21:28:20.247341,"{""event_id"": ""IOT-0000890"", ""temp"": 2.212893421339502, ""lat"": 36.64246484113886, ""lon"": 138.59863296947188}"
IOT-0000891,SHP-000446,DEV-922,33.546477,139.071683,4.18,68.15,56,2026-08-29T15:58:20.247341,"{""event_id"": ""IOT-0000891"", ""temp"": 4.1796018132268475, ""lat"": 33.54647693993735, ""lon"": 139.07168288124976}"
IOT-0000892,SHP-000410,DEV-227,-22.768668,-45.059026,5.82,52.92,67,2026-08-31T04:04:20.247341,"{""event_id"": ""IOT-0000892"", ""temp"": 5.821627844539062, ""lat"": -22.76866841869215, ""lon"": -45.05902631672655}"
IOT-0000893,SHP-000464,DEV-504,36.440698,137.596808,2.27,47.02,57,2026-08-28T09:36:20.247341,"{""event_id"": ""IOT-0000893"", ""temp"": 2.2669905180992234, ""lat"": 36.440697691424376, ""lon"": 137.59680848781335}"
IOT-0000894,SHP-000246,DEV-122,32.590773,120.134115,6.25,40.59,63,2026-08-28T20:55:20.247341,"{""event_id"": ""IOT-0000894"", ""temp"": 6.254712062249733, ""lat"": 32.59077283258195, ""lon"": 120.13411463367329}"
IOT-0000895,SHP-000337,DEV-813,-33.861790,150.803751,2.72,57.25,31,2026-09-01T01:49:20.247341,"{""event_id"": ""IOT-0000895"", ""temp"": 2.719433622841151, ""lat"": -33.86178993020352, ""lon"": 150.80375126465725}"
IOT-0000896,SHP-000485,DEV-885,-35.695589,149.338060,12.36,60.73,96,2026-08-31T03:17:20.247341,"{""event_id"": ""IOT-0000896"", ""temp"": 12.356365729467973, ""lat"": -35.695589107412964, ""lon"": 149.33806003747497}"
IOT-0000897,SHP-000481,DEV-737,51.413891,7.543452,5.57,58.34,59,2026-09-01T10:51:20.247341,"{""event_id"": ""IOT-0000897"", ""temp"": 5.5691159917585775, ""lat"": 51.413891314160935, ""lon"": 7.543452311325887}"
IOT-0000898,SHP-000256,DEV-791,22.806864,52.858846,2.62,55.36,94,2026-08-28T12:39:20.247341,"{""event_id"": ""IOT-0000898"", ""temp"": 2.6154640956442137, ""lat"": 22.80686394199328, ""lon"": 52.8588461596758}"
IOT-0000899,SHP-000358,DEV-408,35.934515,-116.353220,5.26,74.71,89,2026-08-28T05:41:20.247341,"{""event_id"": ""IOT-0000899"", ""temp"": 5.26149898012863, ""lat"": 35.93451478618324, ""lon"": -116.35322030837966}"
IOT-0000900,SHP-000348,DEV-844,34.802658,142.051455,5.20,44.92,20,2026-08-31T07:29:20.247341,"{""event_id"": ""IOT-0000900"", ""temp"": 5.202494982864216, ""lat"": 34.80265819814222, ""lon"": 142.0514554824661}"
IOT-0000901,SHP-000325,DEV-271,32.735646,-120.375459,3.20,42.13,92,2026-08-28T18:06:20.247341,"{""event_id"": ""IOT-0000901"", ""temp"": 3.2027540141533253, ""lat"": 32.73564643377738, ""lon"": -120.37545932765512}"
IOT-0000902,SHP-000198,DEV-687,-31.828082,149.849425,2.25,40.93,39,2026-08-29T19:25:20.247341,"{""event_id"": ""IOT-0000902"", ""temp"": 2.247044422189842, ""lat"": -31.828082270341156, ""lon"": 149.84942483967276}"
IOT-0000903,SHP-000267,DEV-515,-22.383969,-43.910595,6.44,73.19,39,2026-08-29T00:45:20.247341,"{""event_id"": ""IOT-0000903"", ""temp"": 6.440885940502915, ""lat"": -22.38396882954455, ""lon"": -43.910595125762015}"
IOT-0000904,SHP-000120,DEV-437,36.010079,-119.833773,2.87,61.84,16,2026-08-29T08:48:20.247341,"{""event_id"": ""IOT-0000904"", ""temp"": 2.8738440140792134, ""lat"": 36.0100791821198, ""lon"": -119.83377331264025}"
IOT-0000905,SHP-000182,DEV-722,0.956991,101.884096,5.01,55.68,43,2026-08-29T14:59:20.247341,"{""event_id"": ""IOT-0000905"", ""temp"": 5.005929255036753, ""lat"": 0.9569910930560601, ""lon"": 101.88409589304715}"
IOT-0000906,SHP-000220,DEV-117,0.231290,104.514613,6.24,41.97,65,2026-08-30T03:36:20.247341,"{""event_id"": ""IOT-0000906"", ""temp"": 6.240328834333717, ""lat"": 0.23129041615187917, ""lon"": 104.51461251633698}"
IOT-0000907,SHP-000152,DEV-274,-0.563962,101.819380,2.53,60.71,69,2026-08-30T15:22:20.247341,"{""event_id"": ""IOT-0000907"", ""temp"": 2.533783491313406, ""lat"": -0.5639620881780842, ""lon"": 101.81938003476837}"
IOT-0000908,SHP-000376,DEV-904,54.429791,11.674690,13.86,65.09,68,2026-08-30T14:48:20.247341,"{""event_id"": ""IOT-0000908"", ""temp"": 13.858275093523453, ""lat"": 54.42979128749156, ""lon"": 11.674689868196914}"
IOT-0000909,SHP-000487,DEV-290,-34.436634,150.748540,2.83,52.89,47,2026-08-29T20:17:20.247341,"{""event_id"": ""IOT-0000909"", ""temp"": 2.826947740750952, ""lat"": -34.43663431762866, ""lon"": 150.74853953727276}"
IOT-0000910,SHP-000171,DEV-734,53.975887,9.863578,4.87,60.22,73,2026-08-29T02:43:20.247341,"{""event_id"": ""IOT-0000910"", ""temp"": 4.865392516805956, ""lat"": 53.97588703779952, ""lon"": 9.863577979383424}"
IOT-0000911,SHP-000111,DEV-185,24.067246,57.768343,5.36,64.04,69,2026-08-28T19:21:20.247341,"{""event_id"": ""IOT-0000911"", ""temp"": 5.355988036369158, ""lat"": 24.067246473051583, ""lon"": 57.76834257494372}"
IOT-0000912,SHP-000211,DEV-364,55.566964,7.900133,5.06,73.74,64,2026-09-01T00:26:20.247341,"{""event_id"": ""IOT-0000912"", ""temp"": 5.055776326654551, ""lat"": 55.566963909746356, ""lon"": 7.900133171783134}"
IOT-0000913,SHP-000048,DEV-583,33.063156,119.343653,5.52,42.18,72,2026-08-29T03:33:20.247341,"{""event_id"": ""IOT-0000913"", ""temp"": 5.516546399388579, ""lat"": 33.06315567125344, ""lon"": 119.34365327897032}"
IOT-0000914,SHP-000152,DEV-387,3.203309,104.974406,4.96,45.25,78,2026-08-29T15:59:20.247341,"{""event_id"": ""IOT-0000914"", ""temp"": 4.9577647978520885, ""lat"": 3.203309411452894, ""lon"": 104.97440585556085}"
IOT-0000915,SHP-000233,DEV-946,35.743876,140.548231,2.64,73.36,50,2026-08-28T05:41:20.247341,"{""event_id"": ""IOT-0000915"", ""temp"": 2.643278247801537, ""lat"": 35.74387634155297, ""lon"": 140.5482306352348}"
IOT-0000916,SHP-000026,DEV-270,-22.896589,-46.822656,2.51,40.57,61,2026-09-01T04:56:20.247341,"{""event_id"": ""IOT-0000916"", ""temp"": 2.5103407907565507, ""lat"": -22.896589485714102, ""lon"": -46.822655610553895}"
IOT-0000917,SHP-000032,DEV-500,26.741562,55.905833,3.86,72.89,44,2026-09-02T02:03:20.247341,"{""event_id"": ""IOT-0000917"", ""temp"": 3.8562488366245127, ""lat"": 26.741562005082887, ""lon"": 55.90583277502977}"
IOT-0000918,SHP-000471,DEV-198,55.179454,10.621541,2.10,48.70,59,2026-08-28T03:04:20.247341,"{""event_id"": ""IOT-0000918"", ""temp"": 2.097541668477192, ""lat"": 55.1794536502598, ""lon"": 10.621541287085348}"
IOT-0000919,SHP-000058,DEV-955,31.268854,123.237204,4.43,68.37,62,2026-08-30T11:32:20.247341,"{""event_id"": ""IOT-0000919"", ""temp"": 4.43174498608283, ""lat"": 31.268854131021886, ""lon"": 123.23720402682082}"
IOT-0000920,SHP-000417,DEV-156,-25.121768,-48.782261,2.74,58.15,81,2026-08-29T09:01:20.247341,"{""event_id"": ""IOT-0000920"", ""temp"": 2.7376742331996056, ""lat"": -25.121768263598238, ""lon"": -48.782260682255036}"
IOT-0000921,SHP-000364,DEV-497,51.083833,8.194073,3.51,53.74,80,2026-08-30T22:37:20.247341,"{""event_id"": ""IOT-0000921"", ""temp"": 3.5142118115484187, ""lat"": 51.083832914995085, ""lon"": 8.194073261068189}"
IOT-0000922,SHP-000356,DEV-850,-24.134300,-46.472380,4.68,45.99,68,2026-09-02T02:47:20.247341,"{""event_id"": ""IOT-0000922"", ""temp"": 4.681504674497591, ""lat"": -24.134300216457937, ""lon"": -46.472379876889036}"
IOT-0000923,SHP-000324,DEV-307,-23.750580,-46.054373,2.57,46.78,21,2026-08-29T18:24:20.247341,"{""event_id"": ""IOT-0000923"", ""temp"": 2.5746930740712477, ""lat"": -23.750579581455273, ""lon"": -46.05437316985227}"
IOT-0000924,SHP-000332,DEV-302,50.926485,2.025794,4.94,53.55,86,2026-09-01T05:12:20.247341,"{""event_id"": ""IOT-0000924"", ""temp"": 4.940906461034271, ""lat"": 50.926485495921504, ""lon"": 2.0257936690287877}"
IOT-0000925,SHP-000012,DEV-485,32.754579,-117.804338,3.10,48.18,96,2026-09-01T16:43:20.247341,"{""event_id"": ""IOT-0000925"", ""temp"": 3.0994846033696497, ""lat"": 32.754578549597156, ""lon"": -117.80433756509895}"
IOT-0000926,SHP-000500,DEV-527,-23.267429,-45.179390,6.08,65.02,95,2026-08-31T09:17:20.247341,"{""event_id"": ""IOT-0000926"", ""temp"": 6.078202401353111, ""lat"": -23.26742863065552, ""lon"": -45.17939006352593}"
IOT-0000927,SHP-000261,DEV-917,53.594203,9.970328,2.44,51.05,71,2026-08-30T02:32:20.247341,"{""event_id"": ""IOT-0000927"", ""temp"": 2.4399851920750257, ""lat"": 53.59420322557903, ""lon"": 9.970327855159368}"
IOT-0000928,SHP-000263,DEV-594,37.576066,142.079768,12.75,56.58,68,2026-08-31T18:28:20.247341,"{""event_id"": ""IOT-0000928"", ""temp"": 12.750213911840202, ""lat"": 37.57606601368642, ""lon"": 142.07976777909042}"
IOT-0000929,SHP-000322,DEV-995,-23.168132,-44.818882,6.25,65.21,74,2026-08-28T11:47:20.247341,"{""event_id"": ""IOT-0000929"", ""temp"": 6.25282430425589, ""lat"": -23.168132457685815, ""lon"": -44.818881776883764}"
IOT-0000930,SHP-000158,DEV-135,24.435261,56.699503,5.11,40.18,22,2026-08-30T03:37:20.247341,"{""event_id"": ""IOT-0000930"", ""temp"": 5.105470301754159, ""lat"": 24.4352608247875, ""lon"": 56.69950291311349}"
IOT-0000931,SHP-000363,DEV-607,-32.720511,153.265263,4.88,56.83,31,2026-08-28T06:34:20.247341,"{""event_id"": ""IOT-0000931"", ""temp"": 4.87695720227153, ""lat"": -32.72051073784381, ""lon"": 153.26526313870158}"
IOT-0000932,SHP-000277,DEV-820,33.199579,-116.243795,3.80,62.03,33,2026-08-30T02:29:20.247341,"{""event_id"": ""IOT-0000932"", ""temp"": 3.796635328396226, ""lat"": 33.1995794515605, ""lon"": -116.24379464340426}"
IOT-0000933,SHP-000179,DEV-261,2.332376,103.475962,2.58,66.31,95,2026-09-01T20:23:20.247341,"{""event_id"": ""IOT-0000933"", ""temp"": 2.5845239237827706, ""lat"": 2.332376311365586, ""lon"": 103.47596234085195}"
IOT-0000934,SHP-000410,DEV-986,53.472519,5.423529,4.72,46.12,17,2026-08-29T02:47:20.247341,"{""event_id"": ""IOT-0000934"", ""temp"": 4.71945059250281, ""lat"": 53.472519483107504, ""lon"": 5.423529256012819}"
IOT-0000935,SHP-000163,DEV-343,28.748214,121.110533,6.42,46.61,77,2026-09-01T21:19:20.247341,"{""event_id"": ""IOT-0000935"", ""temp"": 6.4185795481073145, ""lat"": 28.748213740705637, ""lon"": 121.11053327098274}"
IOT-0000936,SHP-000086,DEV-150,-31.664798,151.097433,2.72,47.32,22,2026-08-29T15:11:20.247341,"{""event_id"": ""IOT-0000936"", ""temp"": 2.7242655410496166, ""lat"": -31.664797844241875, ""lon"": 151.09743319877992}"
IOT-0000937,SHP-000430,DEV-461,52.319774,9.988573,2.67,47.90,70,2026-08-31T13:51:20.247341,"{""event_id"": ""IOT-0000937"", ""temp"": 2.674858425541875, ""lat"": 52.319774348181895, ""lon"": 9.988572883770244}"
IOT-0000938,SHP-000499,DEV-348,40.322673,-88.593537,5.76,54.74,92,2026-08-30T16:20:20.247341,"{""event_id"": ""IOT-0000938"", ""temp"": 5.7557373766292095, ""lat"": 40.32267299738398, ""lon"": -88.59353660691032}"
IOT-0000939,SHP-000276,DEV-166,53.398449,3.292660,5.32,47.15,56,2026-08-29T07:07:20.247341,"{""event_id"": ""IOT-0000939"", ""temp"": 5.321007980532789, ""lat"": 53.398448801669915, ""lon"": 3.292660476188124}"
IOT-0000940,SHP-000014,DEV-493,-32.834795,151.865745,6.31,61.87,80,2026-09-01T06:32:20.247341,"{""event_id"": ""IOT-0000940"", ""temp"": 6.305732161346193, ""lat"": -32.834795032529776, ""lon"": 151.86574488895135}"
IOT-0000941,SHP-000045,DEV-535,51.539708,9.699347,4.83,68.15,80,2026-09-01T00:06:20.247341,"{""event_id"": ""IOT-0000941"", ""temp"": 4.825077347000194, ""lat"": 51.539707702599856, ""lon"": 9.69934718480754}"
IOT-0000942,SHP-000160,DEV-969,27.057163,55.062691,5.34,52.75,85,2026-08-28T14:06:20.247341,"{""event_id"": ""IOT-0000942"", ""temp"": 5.341127584681672, ""lat"": 27.057162625840963, ""lon"": 55.0626906664152}"
IOT-0000943,SHP-000435,DEV-660,-22.083275,-44.122190,2.03,41.14,64,2026-09-01T01:48:20.247341,"{""event_id"": ""IOT-0000943"", ""temp"": 2.0289249901962854, ""lat"": -22.083274897491933, ""lon"": -44.122189763942714}"
IOT-0000944,SHP-000033,DEV-638,35.228054,-117.440631,3.22,42.89,75,2026-09-01T07:28:20.247341,"{""event_id"": ""IOT-0000944"", ""temp"": 3.223841215441788, ""lat"": 35.22805353358116, ""lon"": -117.44063096560251}"
IOT-0000945,SHP-000490,DEV-929,25.314319,55.662195,2.78,60.59,19,2026-08-28T22:08:20.247341,"{""event_id"": ""IOT-0000945"", ""temp"": 2.7825503066307804, ""lat"": 25.31431855634084, ""lon"": 55.66219452836232}"
IOT-0000946,SHP-000373,DEV-604,53.393224,5.755825,2.75,52.59,70,2026-08-28T12:06:20.247341,"{""event_id"": ""IOT-0000946"", ""temp"": 2.7508553399538354, ""lat"": 53.39322350955363, ""lon"": 5.755824932796537}"
IOT-0000947,SHP-000478,DEV-248,25.431693,53.050749,2.35,59.55,68,2026-09-02T03:03:20.247341,"{""event_id"": ""IOT-0000947"", ""temp"": 2.348404194145262, ""lat"": 25.431693423160816, ""lon"": 53.050749239933836}"
IOT-0000948,SHP-000405,DEV-321,54.217900,6.803466,4.51,60.90,37,2026-08-31T08:33:20.247341,"{""event_id"": ""IOT-0000948"", ""temp"": 4.511996041764387, ""lat"": 54.21790037884064, ""lon"": 6.803466047197238}"
IOT-0000949,SHP-000314,DEV-411,40.239662,-87.813607,13.51,46.65,55,2026-08-29T08:06:20.247341,"{""event_id"": ""IOT-0000949"", ""temp"": 13.511708870501792, ""lat"": 40.23966248969625, ""lon"": -87.81360695689025}"
IOT-0000950,SHP-000250,DEV-696,32.415740,-116.225161,3.56,58.11,33,2026-08-28T15:01:20.247341,"{""event_id"": ""IOT-0000950"", ""temp"": 3.564968735251157, ""lat"": 32.415740029123896, ""lon"": -116.22516071901553}"
IOT-0000951,SHP-000486,DEV-219,53.337019,11.143305,3.83,41.29,34,2026-08-29T05:53:20.247341,"{""event_id"": ""IOT-0000951"", ""temp"": 3.8349215458100865, ""lat"": 53.33701856057195, ""lon"": 11.143304780285415}"
IOT-0000952,SHP-000291,DEV-793,2.281914,105.801941,3.28,54.48,25,2026-08-30T00:29:20.247341,"{""event_id"": ""IOT-0000952"", ""temp"": 3.2830697556941604, ""lat"": 2.281914307631017, ""lon"": 105.80194127963034}"
IOT-0000953,SHP-000420,DEV-819,25.782743,54.297424,5.96,41.17,45,2026-08-29T04:05:20.247341,"{""event_id"": ""IOT-0000953"", ""temp"": 5.960161062503036, ""lat"": 25.78274297135363, ""lon"": 54.297423888665854}"
IOT-0000954,SHP-000412,DEV-865,-36.020541,151.512392,5.51,57.36,42,2026-08-28T06:56:20.247341,"{""event_id"": ""IOT-0000954"", ""temp"": 5.512574215536516, ""lat"": -36.020541284673335, ""lon"": 151.51239221546018}"
IOT-0000955,SHP-000123,DEV-658,52.441053,12.303286,4.18,45.44,29,2026-09-01T00:06:20.247341,"{""event_id"": ""IOT-0000955"", ""temp"": 4.176125225419872, ""lat"": 52.44105299534592, ""lon"": 12.303286293938129}"
IOT-0000956,SHP-000177,DEV-314,53.428609,5.177873,4.27,44.85,49,2026-08-29T12:35:20.247341,"{""event_id"": ""IOT-0000956"", ""temp"": 4.270277422131071, ""lat"": 53.42860880921804, ""lon"": 5.177872948037769}"
IOT-0000957,SHP-000211,DEV-350,-32.910526,152.544243,4.27,50.25,65,2026-08-30T21:26:20.247341,"{""event_id"": ""IOT-0000957"", ""temp"": 4.268607603459149, ""lat"": -32.910525694919734, ""lon"": 152.54424267533673}"
IOT-0000958,SHP-000307,DEV-106,2.852583,102.984666,3.30,57.28,66,2026-08-30T13:54:20.247341,"{""event_id"": ""IOT-0000958"", ""temp"": 3.3000380195739365, ""lat"": 2.8525825365693454, ""lon"": 102.98466585218017}"
IOT-0000959,SHP-000395,DEV-297,36.469374,-120.619850,2.77,62.82,65,2026-08-28T23:23:20.247341,"{""event_id"": ""IOT-0000959"", ""temp"": 2.7744055331986077, ""lat"": 36.46937389711959, ""lon"": -120.61985019058173}"
IOT-0000960,SHP-000396,DEV-617,51.663557,5.496334,5.51,66.78,85,2026-08-31T06:30:20.247341,"{""event_id"": ""IOT-0000960"", ""temp"": 5.513051188217472, ""lat"": 51.6635574844584, ""lon"": 5.49633357166086}"
IOT-0000961,SHP-000452,DEV-199,-24.195935,-45.639221,2.19,44.26,64,2026-09-01T06:50:20.247341,"{""event_id"": ""IOT-0000961"", ""temp"": 2.1862236978226095, ""lat"": -24.195934981146422, ""lon"": -45.639221423133236}"
IOT-0000962,SHP-000406,DEV-453,-0.597637,102.639045,5.01,69.75,90,2026-08-30T22:58:20.247341,"{""event_id"": ""IOT-0000962"", ""temp"": 5.014252683436407, ""lat"": -0.5976367817211803, ""lon"": 102.63904517138334}"
IOT-0000963,SHP-000252,DEV-574,33.364814,140.476962,5.86,68.39,21,2026-09-01T02:00:20.247341,"{""event_id"": ""IOT-0000963"", ""temp"": 5.864596500020198, ""lat"": 33.36481423125271, ""lon"": 140.4769619740993}"
IOT-0000964,SHP-000125,DEV-693,52.356726,4.821170,3.92,52.56,17,2026-08-28T18:52:20.247341,"{""event_id"": ""IOT-0000964"", ""temp"": 3.9236445597998544, ""lat"": 52.35672628876032, ""lon"": 4.821169812043769}"
IOT-0000965,SHP-000285,DEV-230,52.435608,8.481832,5.65,46.40,98,2026-09-01T06:21:20.247341,"{""event_id"": ""IOT-0000965"", ""temp"": 5.652789050699537, ""lat"": 52.435607585913225, ""lon"": 8.481831915153597}"
IOT-0000966,SHP-000233,DEV-720,34.219945,-116.715046,5.94,49.71,75,2026-08-30T02:26:20.247341,"{""event_id"": ""IOT-0000966"", ""temp"": 5.944996646556158, ""lat"": 34.21994498219101, ""lon"": -116.7150460023933}"
IOT-0000967,SHP-000363,DEV-727,28.902802,120.153553,5.88,60.57,37,2026-08-28T05:35:20.247341,"{""event_id"": ""IOT-0000967"", ""temp"": 5.8848947809389855, ""lat"": 28.90280154775982, ""lon"": 120.15355253331136}"
IOT-0000968,SHP-000049,DEV-165,51.773486,9.537081,4.09,51.31,22,2026-09-02T02:50:20.247341,"{""event_id"": ""IOT-0000968"", ""temp"": 4.086234248084095, ""lat"": 51.773486347564656, ""lon"": 9.537081012194086}"
IOT-0000969,SHP-000035,DEV-516,36.491498,-117.289046,5.50,59.39,94,2026-08-29T12:12:20.247341,"{""event_id"": ""IOT-0000969"", ""temp"": 5.5004442969791025, ""lat"": 36.491497870041016, ""lon"": -117.28904641861426}"
IOT-0000970,SHP-000339,DEV-898,-21.503449,-47.723525,3.94,44.55,59,2026-08-30T13:42:20.247341,"{""event_id"": ""IOT-0000970"", ""temp"": 3.93538253200667, ""lat"": -21.503449260768882, ""lon"": -47.72352511625089}"
IOT-0000971,SHP-000311,DEV-707,37.518203,137.616432,4.95,43.66,38,2026-08-31T12:56:20.247341,"{""event_id"": ""IOT-0000971"", ""temp"": 4.954035887861352, ""lat"": 37.5182026928731, ""lon"": 137.61643206733189}"
IOT-0000972,SHP-000335,DEV-986,27.244358,53.296088,3.43,72.34,82,2026-08-30T21:00:20.247341,"{""event_id"": ""IOT-0000972"", ""temp"": 3.4311875082783354, ""lat"": 27.24435817721944, ""lon"": 53.29608796283891}"
IOT-0000973,SHP-000047,DEV-608,23.091787,52.940234,10.52,45.41,19,2026-08-30T09:15:20.247341,"{""event_id"": ""IOT-0000973"", ""temp"": 10.51582549233876, ""lat"": 23.091787301613948, ""lon"": 52.940234120275456}"
IOT-0000974,SHP-000485,DEV-305,3.074671,105.644297,2.79,50.08,77,2026-08-31T01:40:20.247341,"{""event_id"": ""IOT-0000974"", ""temp"": 2.7937207690315855, ""lat"": 3.074670656161155, ""lon"": 105.64429682828072}"
IOT-0000975,SHP-000193,DEV-361,52.473791,5.290352,4.56,57.96,29,2026-08-28T09:50:20.247341,"{""event_id"": ""IOT-0000975"", ""temp"": 4.561059043081371, ""lat"": 52.473790877741436, ""lon"": 5.2903523861608654}"
IOT-0000976,SHP-000227,DEV-354,49.715656,4.826572,2.88,58.88,87,2026-08-31T18:04:20.247341,"{""event_id"": ""IOT-0000976"", ""temp"": 2.877081209443374, ""lat"": 49.71565550436446, ""lon"": 4.826572222278571}"
IOT-0000977,SHP-000113,DEV-562,31.952414,123.045767,5.53,50.19,57,2026-08-30T03:31:20.247341,"{""event_id"": ""IOT-0000977"", ""temp"": 5.529322940155249, ""lat"": 31.95241421323236, ""lon"": 123.04576715963866}"
IOT-0000978,SHP-000208,DEV-361,50.212335,3.274532,17.72,62.03,71,2026-08-29T16:03:20.247341,"{""event_id"": ""IOT-0000978"", ""temp"": 17.718590491340272, ""lat"": 50.21233501218587, ""lon"": 3.2745316037278744}"
IOT-0000979,SHP-000243,DEV-861,41.878993,-89.259495,5.29,73.23,27,2026-08-31T03:05:20.247341,"{""event_id"": ""IOT-0000979"", ""temp"": 5.2880653215424545, ""lat"": 41.878992644515144, ""lon"": -89.25949455539005}"
IOT-0000980,SHP-000363,DEV-615,51.479196,9.032351,6.50,62.70,50,2026-08-29T13:02:20.247341,"{""event_id"": ""IOT-0000980"", ""temp"": 6.496060228466973, ""lat"": 51.47919608179196, ""lon"": 9.032350953522842}"
IOT-0000981,SHP-000442,DEV-248,33.721443,120.286583,3.31,48.15,21,2026-09-01T21:49:20.247341,"{""event_id"": ""IOT-0000981"", ""temp"": 3.3082264227042413, ""lat"": 33.721443218133544, ""lon"": 120.28658282570275}"
IOT-0000982,SHP-000255,DEV-696,27.374853,53.236455,4.40,50.16,49,2026-08-29T16:01:20.247341,"{""event_id"": ""IOT-0000982"", ""temp"": 4.399970427862383, ""lat"": 27.374853289023, ""lon"": 53.23645497119972}"
IOT-0000983,SHP-000171,DEV-974,49.873832,3.799013,4.86,56.73,20,2026-08-29T00:07:20.247341,"{""event_id"": ""IOT-0000983"", ""temp"": 4.862906545247862, ""lat"": 49.8738324127179, ""lon"": 3.7990128693506264}"
IOT-0000984,SHP-000387,DEV-775,-25.563629,-44.464592,3.82,47.45,18,2026-08-28T09:47:20.247341,"{""event_id"": ""IOT-0000984"", ""temp"": 3.823489943955085, ""lat"": -25.56362890796342, ""lon"": -44.46459248335198}"
IOT-0000985,SHP-000343,DEV-826,44.265258,-88.294334,4.25,58.86,77,2026-08-29T03:06:20.247341,"{""event_id"": ""IOT-0000985"", ""temp"": 4.250902239617926, ""lat"": 44.265258136884626, ""lon"": -88.2943339948797}"
IOT-0000986,SHP-000204,DEV-691,-0.558396,101.824775,2.29,55.06,64,2026-08-30T17:20:20.247341,"{""event_id"": ""IOT-0000986"", ""temp"": 2.292372755485669, ""lat"": -0.5583959746099159, ""lon"": 101.82477474585886}"
IOT-0000987,SHP-000153,DEV-821,0.366747,103.765049,3.85,40.27,70,2026-09-01T11:50:20.247341,"{""event_id"": ""IOT-0000987"", ""temp"": 3.8542439621729154, ""lat"": 0.36674679888907935, ""lon"": 103.76504876444712}"
IOT-0000988,SHP-000223,DEV-283,-0.576932,105.006017,6.30,48.91,84,2026-08-31T13:40:20.247341,"{""event_id"": ""IOT-0000988"", ""temp"": 6.303083391114697, ""lat"": -0.5769316438229892, ""lon"": 105.00601689532375}"
IOT-0000989,SHP-000190,DEV-900,54.435496,9.032321,5.94,62.32,41,2026-09-01T18:30:20.247341,"{""event_id"": ""IOT-0000989"", ""temp"": 5.9441893937228505, ""lat"": 54.43549620532862, ""lon"": 9.032321066754628}"
IOT-0000990,SHP-000312,DEV-229,34.320383,-116.254123,3.47,40.48,86,2026-09-01T18:03:20.247341,"{""event_id"": ""IOT-0000990"", ""temp"": 3.470746311673531, ""lat"": 34.320382654257514, ""lon"": -116.25412276903037}"
IOT-0000991,SHP-000113,DEV-361,-35.723876,151.426188,2.45,40.51,46,2026-08-31T06:23:20.247341,"{""event_id"": ""IOT-0000991"", ""temp"": 2.4505405344494853, ""lat"": -35.72387594912318, ""lon"": 151.42618844711697}"
IOT-0000992,SHP-000193,DEV-975,43.145392,-89.480475,5.63,44.12,48,2026-08-29T07:59:20.247341,"{""event_id"": ""IOT-0000992"", ""temp"": 5.633495121364103, ""lat"": 43.145392141139034, ""lon"": -89.4804745409912}"
IOT-0000993,SHP-000448,DEV-451,35.491833,141.713048,2.83,51.00,37,2026-08-30T02:18:20.247341,"{""event_id"": ""IOT-0000993"", ""temp"": 2.8287140912622526, ""lat"": 35.49183260433452, ""lon"": 141.71304841295267}"
IOT-0000994,SHP-000015,DEV-787,41.370310,-87.518644,2.33,47.54,37,2026-08-29T23:17:20.247341,"{""event_id"": ""IOT-0000994"", ""temp"": 2.332917305279413, ""lat"": 41.370310094968644, ""lon"": -87.51864432767057}"
IOT-0000995,SHP-000404,DEV-581,31.250306,120.013188,5.43,44.01,73,2026-08-30T05:58:20.247341,"{""event_id"": ""IOT-0000995"", ""temp"": 5.428979133748517, ""lat"": 31.250306332293665, ""lon"": 120.01318808579964}"
IOT-0000996,SHP-000107,DEV-543,-32.224110,153.265469,5.33,45.61,77,2026-08-28T05:10:20.247341,"{""event_id"": ""IOT-0000996"", ""temp"": 5.329403738240082, ""lat"": -32.2241097387718, ""lon"": 153.26546875333432}"
IOT-0000997,SHP-000364,DEV-591,54.061143,4.908679,3.45,43.02,94,2026-08-31T13:00:20.247341,"{""event_id"": ""IOT-0000997"", ""temp"": 3.4508370581924046, ""lat"": 54.06114323095265, ""lon"": 4.908679069659519}"
IOT-0000998,SHP-000417,DEV-462,33.741499,137.769214,2.34,59.74,87,2026-09-01T06:35:20.247341,"{""event_id"": ""IOT-0000998"", ""temp"": 2.3355295263865474, ""lat"": 33.741498690280565, ""lon"": 137.76921367008578}"
IOT-0000999,SHP-000074,DEV-320,26.277496,55.774167,6.46,44.00,67,2026-08-30T08:07:20.247341,"{""event_id"": ""IOT-0000999"", ""temp"": 6.459911725853001, ""lat"": 26.277496040610604, ""lon"": 55.7741674976731}"
IOT-0001000,SHP-000191,DEV-999,52.546877,6.663772,5.00,49.79,50,2026-08-29T20:20:20.247341,"{""event_id"": ""IOT-0001000"", ""temp"": 4.995722388773385, ""lat"": 52.54687715745408, ""lon"": 6.663771959995942}"
IOT-0001001,SHP-000171,DEV-702,43.383217,-85.246787,4.05,62.68,72,2026-08-29T07:14:20.247341,"{""event_id"": ""IOT-0001001"", ""temp"": 4.049112578765037, ""lat"": 43.38321686948396, ""lon"": -85.24678684540908}"
IOT-0001002,SHP-000474,DEV-273,-1.117455,101.680724,5.15,49.13,96,2026-08-30T00:36:20.247341,"{""event_id"": ""IOT-0001002"", ""temp"": 5.148356550877759, ""lat"": -1.1174550302680357, ""lon"": 101.68072446446479}"
IOT-0001003,SHP-000196,DEV-520,37.923228,139.200771,4.15,48.16,87,2026-08-30T13:35:20.247341,"{""event_id"": ""IOT-0001003"", ""temp"": 4.151974550811298, ""lat"": 37.92322800513556, ""lon"": 139.20077145181668}"
IOT-0001004,SHP-000210,DEV-501,26.326110,56.062196,11.94,56.31,59,2026-09-02T01:09:20.247341,"{""event_id"": ""IOT-0001004"", ""temp"": 11.94209783057441, ""lat"": 26.32610954595511, ""lon"": 56.0621957040745}"
IOT-0001005,SHP-000140,DEV-529,-35.113801,152.678781,6.05,54.63,44,2026-08-31T10:19:20.247341,"{""event_id"": ""IOT-0001005"", ""temp"": 6.053348740835511, ""lat"": -35.11380128974559, ""lon"": 152.6787811888982}"
IOT-0001006,SHP-000389,DEV-883,-22.088295,-48.479892,2.92,40.20,42,2026-08-30T18:57:20.247341,"{""event_id"": ""IOT-0001006"", ""temp"": 2.9201353378207178, ""lat"": -22.088294918366365, ""lon"": -48.47989166845966}"
IOT-0001007,SHP-000050,DEV-716,2.375146,104.054480,4.34,48.62,33,2026-08-29T02:10:20.247341,"{""event_id"": ""IOT-0001007"", ""temp"": 4.335781866021798, ""lat"": 2.375145883596719, ""lon"": 104.05448034722443}"
IOT-0001008,SHP-000050,DEV-863,0.082300,105.863151,4.41,59.41,48,2026-08-31T11:23:20.247341,"{""event_id"": ""IOT-0001008"", ""temp"": 4.406512316009756, ""lat"": 0.08230005107417071, ""lon"": 105.86315097543681}"
IOT-0001009,SHP-000140,DEV-421,30.519403,120.016577,3.01,70.55,44,2026-08-28T04:09:20.247341,"{""event_id"": ""IOT-0001009"", ""temp"": 3.0059459398203954, ""lat"": 30.519402531245344, ""lon"": 120.01657651834104}"
IOT-0001010,SHP-000001,DEV-547,55.938539,9.611328,4.73,57.76,44,2026-08-30T05:54:20.247341,"{""event_id"": ""IOT-0001010"", ""temp"": 4.727358371958655, ""lat"": 55.93853937372837, ""lon"": 9.611327733484874}"
IOT-0001011,SHP-000361,DEV-745,29.535614,121.312416,4.82,41.33,51,2026-09-02T01:58:20.247341,"{""event_id"": ""IOT-0001011"", ""temp"": 4.818626796306239, ""lat"": 29.53561361122172, ""lon"": 121.31241550912704}"
IOT-0001012,SHP-000374,DEV-840,32.827488,-119.304622,5.16,55.05,70,2026-08-31T20:25:20.247341,"{""event_id"": ""IOT-0001012"", ""temp"": 5.161697388978027, ""lat"": 32.827487647500426, ""lon"": -119.30462174142902}"
IOT-0001013,SHP-000494,DEV-837,41.830182,-88.948514,6.18,58.16,24,2026-09-01T23:24:20.247341,"{""event_id"": ""IOT-0001013"", ""temp"": 6.1799832503657965, ""lat"": 41.830181594602784, ""lon"": -88.94851426379927}"
IOT-0001014,SHP-000396,DEV-684,40.009985,-90.027592,6.11,74.45,36,2026-08-28T18:48:20.247341,"{""event_id"": ""IOT-0001014"", ""temp"": 6.109234043709123, ""lat"": 40.00998476381448, ""lon"": -90.02759167817116}"
IOT-0001015,SHP-000423,DEV-390,2.239047,106.179192,2.93,74.56,57,2026-09-01T16:41:20.247341,"{""event_id"": ""IOT-0001015"", ""temp"": 2.9252581227981724, ""lat"": 2.239047056965912, ""lon"": 106.17919185944143}"
IOT-0001016,SHP-000281,DEV-137,43.411412,-86.905272,5.67,48.43,30,2026-08-31T01:21:20.247341,"{""event_id"": ""IOT-0001016"", ""temp"": 5.671376982714734, ""lat"": 43.41141195109013, ""lon"": -86.90527246286538}"
IOT-0001017,SHP-000339,DEV-631,33.428561,119.151126,5.37,64.22,70,2026-08-29T20:37:20.247341,"{""event_id"": ""IOT-0001017"", ""temp"": 5.371482696202607, ""lat"": 33.42856051061128, ""lon"": 119.151126043983}"
IOT-0001018,SHP-000428,DEV-732,-25.043736,-46.328013,15.76,66.59,77,2026-09-01T16:32:20.247341,"{""event_id"": ""IOT-0001018"", ""temp"": 15.755391728007016, ""lat"": -25.04373551014796, ""lon"": -46.32801255103643}"
IOT-0001019,SHP-000409,DEV-833,-24.940267,-48.613551,6.46,70.38,96,2026-08-30T21:54:20.247341,"{""event_id"": ""IOT-0001019"", ""temp"": 6.461355000651379, ""lat"": -24.94026672206329, ""lon"": -48.613550859375614}"
IOT-0001020,SHP-000244,DEV-740,-34.030614,153.477330,2.88,58.17,85,2026-09-01T18:54:20.247341,"{""event_id"": ""IOT-0001020"", ""temp"": 2.877696050097504, ""lat"": -34.03061397973023, ""lon"": 153.477329790655}"
IOT-0001021,SHP-000087,DEV-879,-22.601274,-45.211417,5.77,65.34,17,2026-09-01T07:25:20.247341,"{""event_id"": ""IOT-0001021"", ""temp"": 5.772639211791302, ""lat"": -22.601273904155285, ""lon"": -45.211417033846594}"
IOT-0001022,SHP-000140,DEV-692,26.492642,53.000069,2.06,50.68,58,2026-09-01T06:38:20.247341,"{""event_id"": ""IOT-0001022"", ""temp"": 2.0559847297955813, ""lat"": 26.492642375977994, ""lon"": 53.00006900445491}"
IOT-0001023,SHP-000415,DEV-976,-36.223759,150.155616,4.11,57.82,78,2026-08-28T04:16:20.247341,"{""event_id"": ""IOT-0001023"", ""temp"": 4.114408791209783, ""lat"": -36.22375854426395, ""lon"": 150.1556157488236}"
IOT-0001024,SHP-000465,DEV-814,43.620857,-87.880672,2.46,57.81,36,2026-08-30T13:09:20.247341,"{""event_id"": ""IOT-0001024"", ""temp"": 2.460062545118155, ""lat"": 43.620856831849736, ""lon"": -87.88067231537116}"
IOT-0001025,SHP-000021,DEV-401,54.106210,5.844822,2.58,42.95,38,2026-08-31T22:48:20.247341,"{""event_id"": ""IOT-0001025"", ""temp"": 2.5834190728350466, ""lat"": 54.106210208923194, ""lon"": 5.844822032239884}"
IOT-0001026,SHP-000263,DEV-109,23.998047,54.608798,2.39,73.87,99,2026-08-29T19:04:20.247341,"{""event_id"": ""IOT-0001026"", ""temp"": 2.3933270952301715, ""lat"": 23.998046765237454, ""lon"": 54.608797666441006}"
IOT-0001027,SHP-000129,DEV-942,33.653215,139.367889,4.14,70.37,42,2026-08-29T10:27:20.247341,"{""event_id"": ""IOT-0001027"", ""temp"": 4.138465330488739, ""lat"": 33.65321536031262, ""lon"": 139.36788922880982}"
IOT-0001028,SHP-000397,DEV-708,2.207817,105.222988,2.70,45.68,75,2026-09-01T13:08:20.247341,"{""event_id"": ""IOT-0001028"", ""temp"": 2.699168350471009, ""lat"": 2.207816632946833, ""lon"": 105.2229883449825}"
IOT-0001029,SHP-000165,DEV-171,-36.025865,150.105311,3.55,64.84,26,2026-08-30T05:39:20.247341,"{""event_id"": ""IOT-0001029"", ""temp"": 3.554880858656856, ""lat"": -36.02586465231302, ""lon"": 150.10531138590764}"
IOT-0001030,SHP-000396,DEV-998,26.206292,53.183519,3.93,56.42,45,2026-08-28T13:34:20.247341,"{""event_id"": ""IOT-0001030"", ""temp"": 3.9317825906288117, ""lat"": 26.20629195953776, ""lon"": 53.18351933617984}"
IOT-0001031,SHP-000256,DEV-130,23.896364,56.152814,3.50,61.36,97,2026-08-28T08:06:20.247341,"{""event_id"": ""IOT-0001031"", ""temp"": 3.4986421725325005, ""lat"": 23.89636417724566, ""lon"": 56.15281428749375}"
IOT-0001032,SHP-000041,DEV-961,-22.877736,-47.167067,6.18,50.28,42,2026-08-28T22:32:20.247341,"{""event_id"": ""IOT-0001032"", ""temp"": 6.177255001809585, ""lat"": -22.877735718422613, ""lon"": -47.167066563602724}"
IOT-0001033,SHP-000047,DEV-309,-24.092247,-45.458471,4.03,46.60,85,2026-08-31T18:46:20.247341,"{""event_id"": ""IOT-0001033"", ""temp"": 4.03417547590027, ""lat"": -24.092246988194713, ""lon"": -45.458470732948264}"
IOT-0001034,SHP-000492,DEV-255,33.021062,-119.150931,3.40,40.29,64,2026-08-28T02:37:20.247341,"{""event_id"": ""IOT-0001034"", ""temp"": 3.3983846470036982, ""lat"": 33.02106197106519, ""lon"": -119.15093054140172}"
IOT-0001035,SHP-000222,DEV-930,-22.058720,-46.972817,5.93,64.86,65,2026-08-31T06:58:20.247341,"{""event_id"": ""IOT-0001035"", ""temp"": 5.930242175648852, ""lat"": -22.05871997255894, ""lon"": -46.97281718459088}"
IOT-0001036,SHP-000252,DEV-276,2.611118,103.221748,11.21,47.28,38,2026-09-01T02:36:20.247341,"{""event_id"": ""IOT-0001036"", ""temp"": 11.213538438571796, ""lat"": 2.6111178943328883, ""lon"": 103.22174824363995}"
IOT-0001037,SHP-000346,DEV-394,-25.349388,-46.119104,5.37,48.69,24,2026-08-28T14:37:20.247341,"{""event_id"": ""IOT-0001037"", ""temp"": 5.373524013343236, ""lat"": -25.34938784377812, ""lon"": -46.119103651890185}"
IOT-0001038,SHP-000139,DEV-233,36.870045,139.373049,2.32,56.33,21,2026-08-28T06:06:20.247341,"{""event_id"": ""IOT-0001038"", ""temp"": 2.3212629718901217, ""lat"": 36.87004470834633, ""lon"": 139.37304901767962}"
IOT-0001039,SHP-000322,DEV-196,55.809810,7.575279,5.25,68.59,67,2026-08-31T17:48:20.247341,"{""event_id"": ""IOT-0001039"", ""temp"": 5.252498710502033, ""lat"": 55.80980971997169, ""lon"": 7.575278551748023}"
IOT-0001040,SHP-000445,DEV-215,41.464669,-89.588364,3.64,73.18,84,2026-08-30T11:06:20.247341,"{""event_id"": ""IOT-0001040"", ""temp"": 3.6395948738791937, ""lat"": 41.46466940288616, ""lon"": -89.58836386086777}"
IOT-0001041,SHP-000220,DEV-254,-0.593397,105.218366,5.68,67.80,53,2026-08-31T03:47:20.247341,"{""event_id"": ""IOT-0001041"", ""temp"": 5.684796833283236, ""lat"": -0.5933969262448078, ""lon"": 105.2183656176294}"
IOT-0001042,SHP-000387,DEV-574,-32.547618,153.512680,6.01,74.71,96,2026-09-02T02:25:20.247341,"{""event_id"": ""IOT-0001042"", ""temp"": 6.013028489964014, ""lat"": -32.547617641482915, ""lon"": 153.51268003830003}"
IOT-0001043,SHP-000133,DEV-728,52.274511,4.118791,5.74,41.02,85,2026-08-31T09:16:20.247341,"{""event_id"": ""IOT-0001043"", ""temp"": 5.742872090364411, ""lat"": 52.27451111584845, ""lon"": 4.1187909719468525}"
IOT-0001044,SHP-000488,DEV-296,0.714742,102.902792,5.88,62.48,82,2026-09-01T15:55:20.247341,"{""event_id"": ""IOT-0001044"", ""temp"": 5.878452861844737, ""lat"": 0.7147418178662748, ""lon"": 102.90279198300196}"
IOT-0001045,SHP-000346,DEV-563,2.537180,104.070614,5.55,55.59,36,2026-08-30T10:43:20.247341,"{""event_id"": ""IOT-0001045"", ""temp"": 5.5501350578348845, ""lat"": 2.5371802660233347, ""lon"": 104.07061419837521}"
IOT-0001046,SHP-000125,DEV-379,36.347803,139.979152,2.37,56.10,37,2026-08-30T18:58:20.247341,"{""event_id"": ""IOT-0001046"", ""temp"": 2.3696087080757327, ""lat"": 36.34780327882014, ""lon"": 139.97915242526363}"
IOT-0001047,SHP-000469,DEV-625,30.385566,123.042050,5.68,56.71,93,2026-08-29T17:19:20.247341,"{""event_id"": ""IOT-0001047"", ""temp"": 5.6845118919150135, ""lat"": 30.385565618904295, ""lon"": 123.04205032550412}"
IOT-0001048,SHP-000434,DEV-379,35.518982,141.471472,2.93,69.16,78,2026-08-28T12:11:20.247341,"{""event_id"": ""IOT-0001048"", ""temp"": 2.930782791834155, ""lat"": 35.518981703090866, ""lon"": 141.47147199910492}"
IOT-0001049,SHP-000275,DEV-130,-35.501269,151.764404,6.25,56.71,77,2026-08-29T00:41:20.247341,"{""event_id"": ""IOT-0001049"", ""temp"": 6.248638994342088, ""lat"": -35.50126895819533, ""lon"": 151.7644035292387}"
IOT-0001050,SHP-000379,DEV-736,-31.972380,149.664554,2.22,46.19,22,2026-08-28T15:29:20.247341,"{""event_id"": ""IOT-0001050"", ""temp"": 2.215771506329533, ""lat"": -31.972380049702956, ""lon"": 149.6645537938878}"
IOT-0001051,SHP-000299,DEV-339,32.350022,123.346318,6.31,48.95,55,2026-09-01T05:48:20.247341,"{""event_id"": ""IOT-0001051"", ""temp"": 6.313961637519823, ""lat"": 32.350022130609084, ""lon"": 123.3463183344266}"
IOT-0001052,SHP-000435,DEV-337,34.227005,-120.215524,2.31,52.14,94,2026-08-29T02:21:20.247341,"{""event_id"": ""IOT-0001052"", ""temp"": 2.3119037041442967, ""lat"": 34.22700500192974, ""lon"": -120.21552416438674}"
IOT-0001053,SHP-000296,DEV-224,31.706243,121.491514,2.49,65.97,61,2026-08-30T03:24:20.247341,"{""event_id"": ""IOT-0001053"", ""temp"": 2.4856511648212436, ""lat"": 31.706243063927012, ""lon"": 121.49151391523645}"
IOT-0001054,SHP-000446,DEV-309,-22.787158,-45.773815,5.59,41.41,48,2026-09-01T01:01:20.247341,"{""event_id"": ""IOT-0001054"", ""temp"": 5.587798427590901, ""lat"": -22.787157638972907, ""lon"": -45.7738151504872}"
IOT-0001055,SHP-000067,DEV-198,-35.661464,151.755758,5.24,57.20,57,2026-09-01T15:23:20.247341,"{""event_id"": ""IOT-0001055"", ""temp"": 5.238475173792663, ""lat"": -35.66146401827673, ""lon"": 151.75575762506026}"
IOT-0001056,SHP-000102,DEV-862,39.500830,-87.950626,15.88,68.39,81,2026-08-28T13:42:20.247341,"{""event_id"": ""IOT-0001056"", ""temp"": 15.87841532265084, ""lat"": 39.5008297470973, ""lon"": -87.95062609847224}"
IOT-0001057,SHP-000350,DEV-580,-0.948770,101.616383,15.05,49.24,67,2026-08-30T08:24:20.247341,"{""event_id"": ""IOT-0001057"", ""temp"": 15.05469858034574, ""lat"": -0.9487699911719707, ""lon"": 101.61638259659613}"
IOT-0001058,SHP-000371,DEV-605,24.414392,54.944572,2.74,58.32,86,2026-08-29T06:20:20.247341,"{""event_id"": ""IOT-0001058"", ""temp"": 2.743884444223153, ""lat"": 24.41439195059938, ""lon"": 54.94457218118822}"
IOT-0001059,SHP-000316,DEV-928,36.625818,139.635100,5.81,64.34,34,2026-08-30T14:31:20.247341,"{""event_id"": ""IOT-0001059"", ""temp"": 5.813291638413863, ""lat"": 36.62581782944766, ""lon"": 139.63510040281565}"
IOT-0001060,SHP-000096,DEV-238,-36.307526,151.850805,3.06,51.38,59,2026-08-30T21:09:20.247341,"{""event_id"": ""IOT-0001060"", ""temp"": 3.0561942158263085, ""lat"": -36.30752584891116, ""lon"": 151.8508047137716}"
IOT-0001061,SHP-000490,DEV-991,52.955274,2.714034,2.12,50.09,99,2026-08-31T02:14:20.247341,"{""event_id"": ""IOT-0001061"", ""temp"": 2.116936337550792, ""lat"": 52.95527351610744, ""lon"": 2.7140340299018413}"
IOT-0001062,SHP-000313,DEV-825,-33.797924,149.249804,2.23,46.17,59,2026-08-29T08:08:20.247341,"{""event_id"": ""IOT-0001062"", ""temp"": 2.230182373153962, ""lat"": -33.797924082507286, ""lon"": 149.2498039542493}"
IOT-0001063,SHP-000323,DEV-956,-35.552293,152.398791,4.51,74.81,52,2026-08-31T04:55:20.247341,"{""event_id"": ""IOT-0001063"", ""temp"": 4.510312537151287, ""lat"": -35.552292943261094, ""lon"": 152.39879117374045}"
IOT-0001064,SHP-000082,DEV-889,52.118616,4.957846,3.60,49.87,66,2026-08-31T00:48:20.247341,"{""event_id"": ""IOT-0001064"", ""temp"": 3.59681485001892, ""lat"": 52.118615582242285, ""lon"": 4.957846061034485}"
IOT-0001065,SHP-000190,DEV-448,32.803256,120.180081,6.41,51.39,33,2026-09-01T23:58:20.247341,"{""event_id"": ""IOT-0001065"", ""temp"": 6.410064237419287, ""lat"": 32.803255748861346, ""lon"": 120.18008055775391}"
IOT-0001066,SHP-000026,DEV-766,42.402770,-86.901660,4.10,43.04,83,2026-08-29T17:11:20.247341,"{""event_id"": ""IOT-0001066"", ""temp"": 4.100717607428369, ""lat"": 42.402769725156375, ""lon"": -86.90165984792361}"
IOT-0001067,SHP-000016,DEV-314,53.493758,7.517512,5.86,48.36,72,2026-08-31T17:37:20.247341,"{""event_id"": ""IOT-0001067"", ""temp"": 5.864904812272876, ""lat"": 53.49375813797301, ""lon"": 7.517512039601582}"
IOT-0001068,SHP-000234,DEV-541,30.421102,122.581324,3.79,58.43,34,2026-08-31T16:13:20.247341,"{""event_id"": ""IOT-0001068"", ""temp"": 3.791766552391815, ""lat"": 30.42110218948245, ""lon"": 122.58132436571182}"
IOT-0001069,SHP-000285,DEV-947,-22.046988,-48.722153,3.08,43.82,99,2026-08-28T03:56:20.247341,"{""event_id"": ""IOT-0001069"", ""temp"": 3.080613405572686, ""lat"": -22.04698817864583, ""lon"": -48.722152551299416}"
IOT-0001070,SHP-000459,DEV-983,54.346746,5.311336,2.36,68.17,87,2026-08-29T02:12:20.247341,"{""event_id"": ""IOT-0001070"", ""temp"": 2.3619967835483164, ""lat"": 54.346745920503416, ""lon"": 5.3113364595408115}"
IOT-0001071,SHP-000415,DEV-600,-26.250259,-46.941800,3.43,68.87,32,2026-09-01T17:01:20.247341,"{""event_id"": ""IOT-0001071"", ""temp"": 3.434677985086975, ""lat"": -26.250258898446038, ""lon"": -46.94180016475242}"
IOT-0001072,SHP-000239,DEV-219,35.751959,137.934093,5.51,43.51,85,2026-08-29T06:10:20.247341,"{""event_id"": ""IOT-0001072"", ""temp"": 5.512648749394813, ""lat"": 35.751959038950325, ""lon"": 137.93409286368515}"
IOT-0001073,SHP-000364,DEV-955,-24.643371,-45.350532,4.31,46.26,15,2026-08-28T22:30:20.247341,"{""event_id"": ""IOT-0001073"", ""temp"": 4.313527674651703, ""lat"": -24.64337086209214, ""lon"": -45.35053169515046}"
IOT-0001074,SHP-000062,DEV-777,26.501829,56.978878,3.27,49.98,36,2026-08-30T05:16:20.247341,"{""event_id"": ""IOT-0001074"", ""temp"": 3.266777956578365, ""lat"": 26.501828973794073, ""lon"": 56.97887752887268}"
IOT-0001075,SHP-000454,DEV-320,26.702307,55.865069,4.73,43.79,82,2026-08-31T17:06:20.247341,"{""event_id"": ""IOT-0001075"", ""temp"": 4.732080330095965, ""lat"": 26.702306880929598, ""lon"": 55.86506883521161}"
IOT-0001076,SHP-000194,DEV-350,36.186256,-117.831038,2.95,72.35,51,2026-08-30T17:38:20.247341,"{""event_id"": ""IOT-0001076"", ""temp"": 2.9507910996565525, ""lat"": 36.186256040666336, ""lon"": -117.8310379875453}"
IOT-0001077,SHP-000293,DEV-569,31.556905,-120.642298,5.80,66.52,96,2026-08-31T09:57:20.247341,"{""event_id"": ""IOT-0001077"", ""temp"": 5.797279004463727, ""lat"": 31.55690464915536, ""lon"": -120.64229772780105}"
IOT-0001078,SHP-000426,DEV-200,36.500158,-116.593156,2.84,68.90,80,2026-08-29T03:00:20.247341,"{""event_id"": ""IOT-0001078"", ""temp"": 2.838945088445541, ""lat"": 36.50015789909244, ""lon"": -116.593156257312}"
IOT-0001079,SHP-000413,DEV-309,-23.619291,-44.464525,5.66,57.85,15,2026-09-01T01:50:20.247341,"{""event_id"": ""IOT-0001079"", ""temp"": 5.6560876425525795, ""lat"": -23.619291421143647, ""lon"": -44.46452522508312}"
IOT-0001080,SHP-000184,DEV-737,-32.134558,150.077030,5.19,40.43,44,2026-08-30T23:51:20.247341,"{""event_id"": ""IOT-0001080"", ""temp"": 5.185167020357806, ""lat"": -32.13455781991462, ""lon"": 150.07702950139333}"
IOT-0001081,SHP-000490,DEV-724,34.404339,-120.340590,6.00,53.90,20,2026-08-28T13:14:20.247341,"{""event_id"": ""IOT-0001081"", ""temp"": 5.999280457893068, ""lat"": 34.40433909141718, ""lon"": -120.34059004187651}"
IOT-0001082,SHP-000087,DEV-278,36.023047,139.446204,4.26,45.15,88,2026-08-29T13:30:20.247341,"{""event_id"": ""IOT-0001082"", ""temp"": 4.255164612537924, ""lat"": 36.02304733901071, ""lon"": 139.44620404853904}"
IOT-0001083,SHP-000442,DEV-751,52.266197,6.218901,3.45,64.94,99,2026-08-29T08:48:20.247341,"{""event_id"": ""IOT-0001083"", ""temp"": 3.448398282457345, ""lat"": 52.26619723520301, ""lon"": 6.218900819988225}"
IOT-0001084,SHP-000052,DEV-851,36.624270,137.689840,5.69,61.61,76,2026-08-30T09:42:20.247341,"{""event_id"": ""IOT-0001084"", ""temp"": 5.693779182028638, ""lat"": 36.62426951491366, ""lon"": 137.68983961360075}"
IOT-0001085,SHP-000075,DEV-754,1.604725,102.698109,4.89,67.18,60,2026-08-28T13:16:20.247341,"{""event_id"": ""IOT-0001085"", ""temp"": 4.889789537518089, ""lat"": 1.6047251956725574, ""lon"": 102.69810916656857}"
IOT-0001086,SHP-000163,DEV-811,54.096883,2.431019,3.62,64.25,98,2026-08-31T05:44:20.247341,"{""event_id"": ""IOT-0001086"", ""temp"": 3.6173755522832964, ""lat"": 54.09688286982745, ""lon"": 2.4310194532841116}"
IOT-0001087,SHP-000396,DEV-258,37.293198,138.314465,2.13,74.27,95,2026-08-30T09:47:20.247341,"{""event_id"": ""IOT-0001087"", ""temp"": 2.129975743322609, ""lat"": 37.29319776330587, ""lon"": 138.31446466642205}"
IOT-0001088,SHP-000084,DEV-261,25.769392,56.591795,3.13,50.28,35,2026-08-30T05:01:20.247341,"{""event_id"": ""IOT-0001088"", ""temp"": 3.1344367287245993, ""lat"": 25.769392329200073, ""lon"": 56.59179517087202}"
IOT-0001089,SHP-000487,DEV-962,31.024710,121.381789,2.66,59.72,81,2026-08-28T04:55:20.247341,"{""event_id"": ""IOT-0001089"", ""temp"": 2.6569905838437062, ""lat"": 31.024710248761757, ""lon"": 121.38178856559175}"
IOT-0001090,SHP-000449,DEV-237,-25.836222,-48.660003,5.88,52.28,17,2026-08-30T13:52:20.247341,"{""event_id"": ""IOT-0001090"", ""temp"": 5.8781793095783055, ""lat"": -25.836222463373876, ""lon"": -48.660003465550446}"
IOT-0001091,SHP-000014,DEV-699,51.030403,4.295659,2.71,44.91,17,2026-08-28T21:02:20.247341,"{""event_id"": ""IOT-0001091"", ""temp"": 2.7076184033227886, ""lat"": 51.03040315068245, ""lon"": 4.29565861753098}"
IOT-0001092,SHP-000287,DEV-303,0.051282,104.862809,15.29,59.44,82,2026-08-31T06:40:20.247341,"{""event_id"": ""IOT-0001092"", ""temp"": 15.28595126569974, ""lat"": 0.051281848467586544, ""lon"": 104.86280948388787}"
IOT-0001093,SHP-000208,DEV-967,35.477401,138.035612,17.64,71.83,25,2026-08-30T01:06:20.247341,"{""event_id"": ""IOT-0001093"", ""temp"": 17.643503814693744, ""lat"": 35.47740101360414, ""lon"": 138.03561237180378}"
IOT-0001094,SHP-000161,DEV-533,43.826749,-85.501683,5.91,57.50,73,2026-08-28T09:07:20.247341,"{""event_id"": ""IOT-0001094"", ""temp"": 5.909947123541914, ""lat"": 43.826749412587525, ""lon"": -85.50168349978452}"
IOT-0001095,SHP-000231,DEV-616,0.093229,103.350948,3.81,46.12,32,2026-08-28T10:44:20.247341,"{""event_id"": ""IOT-0001095"", ""temp"": 3.8106156011417633, ""lat"": 0.09322884751133032, ""lon"": 103.3509476901268}"
IOT-0001096,SHP-000044,DEV-207,-25.638323,-48.740490,8.86,41.90,36,2026-08-28T05:03:20.247341,"{""event_id"": ""IOT-0001096"", ""temp"": 8.863543281475241, ""lat"": -25.638322945837395, ""lon"": -48.74048954457444}"
IOT-0001097,SHP-000224,DEV-116,-24.554281,-45.012512,6.31,65.07,53,2026-09-01T07:48:20.247341,"{""event_id"": ""IOT-0001097"", ""temp"": 6.314682682505464, ""lat"": -24.55428055657749, ""lon"": -45.01251165893852}"
IOT-0001098,SHP-000444,DEV-610,1.671771,104.537984,2.49,60.87,79,2026-08-29T09:53:20.247341,"{""event_id"": ""IOT-0001098"", ""temp"": 2.4898820275786457, ""lat"": 1.6717712019512891, ""lon"": 104.53798422264917}"
IOT-0001099,SHP-000430,DEV-216,-0.598732,102.543671,3.05,57.39,66,2026-09-01T09:31:20.247341,"{""event_id"": ""IOT-0001099"", ""temp"": 3.0503148561214997, ""lat"": -0.5987316556402811, ""lon"": 102.54367053260752}"
IOT-0001100,SHP-000139,DEV-463,32.835160,-119.348777,4.83,73.31,60,2026-08-31T22:06:20.247341,"{""event_id"": ""IOT-0001100"", ""temp"": 4.830827499743866, ""lat"": 32.835159927470706, ""lon"": -119.34877668970347}"
IOT-0001101,SHP-000419,DEV-578,-25.996480,-45.566114,4.54,64.67,32,2026-08-30T02:37:20.247341,"{""event_id"": ""IOT-0001101"", ""temp"": 4.536867004302762, ""lat"": -25.996480030737324, ""lon"": -45.56611405174284}"
IOT-0001102,SHP-000139,DEV-401,53.244267,9.519486,3.66,63.00,76,2026-08-29T10:01:20.247341,"{""event_id"": ""IOT-0001102"", ""temp"": 3.659042122895274, ""lat"": 53.24426672358938, ""lon"": 9.519486391215656}"
IOT-0001103,SHP-000215,DEV-642,-22.111769,-45.915924,9.69,54.32,54,2026-09-01T20:01:20.247341,"{""event_id"": ""IOT-0001103"", ""temp"": 9.687881399919739, ""lat"": -22.111768774717902, ""lon"": -45.91592372874369}"
IOT-0001104,SHP-000318,DEV-504,-32.112157,152.234960,16.42,59.97,51,2026-09-01T00:50:20.247341,"{""event_id"": ""IOT-0001104"", ""temp"": 16.416162339893873, ""lat"": -32.11215655075817, ""lon"": 152.2349600143358}"
IOT-0001105,SHP-000124,DEV-267,29.339677,121.034606,5.83,53.93,68,2026-08-29T22:01:20.247341,"{""event_id"": ""IOT-0001105"", ""temp"": 5.827254103309594, ""lat"": 29.33967679372625, ""lon"": 121.03460629292839}"
IOT-0001106,SHP-000329,DEV-429,34.413411,140.650751,4.11,63.70,93,2026-08-31T16:58:20.247341,"{""event_id"": ""IOT-0001106"", ""temp"": 4.111765967412525, ""lat"": 34.41341126859415, ""lon"": 140.6507508921244}"
IOT-0001107,SHP-000370,DEV-988,32.319065,122.954348,4.22,42.72,18,2026-08-29T21:48:20.247341,"{""event_id"": ""IOT-0001107"", ""temp"": 4.224451569622509, ""lat"": 32.31906490158779, ""lon"": 122.95434805928349}"
IOT-0001108,SHP-000112,DEV-294,-26.350234,-44.705338,4.47,59.87,19,2026-08-30T22:23:20.247341,"{""event_id"": ""IOT-0001108"", ""temp"": 4.472666752393909, ""lat"": -26.350234131371636, ""lon"": -44.70533822422725}"
IOT-0001109,SHP-000188,DEV-471,35.336356,-117.755810,2.60,48.94,96,2026-08-30T11:51:20.247341,"{""event_id"": ""IOT-0001109"", ""temp"": 2.601107338711843, ""lat"": 35.33635624949743, ""lon"": -117.75580964002282}"
IOT-0001110,SHP-000007,DEV-784,-22.043917,-48.540041,4.56,66.72,31,2026-08-29T11:52:20.247341,"{""event_id"": ""IOT-0001110"", ""temp"": 4.560483761109825, ""lat"": -22.043916514956607, ""lon"": -48.54004053573348}"
IOT-0001111,SHP-000300,DEV-625,1.117943,103.128721,5.44,69.89,15,2026-08-29T06:29:20.247341,"{""event_id"": ""IOT-0001111"", ""temp"": 5.440931597215957, ""lat"": 1.1179425811426769, ""lon"": 103.12872054865215}"
IOT-0001112,SHP-000019,DEV-389,1.919684,104.002440,5.72,57.21,58,2026-08-30T08:30:20.247341,"{""event_id"": ""IOT-0001112"", ""temp"": 5.724924561130636, ""lat"": 1.9196835265801426, ""lon"": 104.0024397246762}"
IOT-0001113,SHP-000386,DEV-132,52.645823,4.796193,6.00,72.62,21,2026-08-28T20:15:20.247341,"{""event_id"": ""IOT-0001113"", ""temp"": 6.004787179246934, ""lat"": 52.64582255824582, ""lon"": 4.7961930168952005}"
IOT-0001114,SHP-000208,DEV-714,0.886830,104.855994,6.42,41.84,40,2026-09-01T14:43:20.247341,"{""event_id"": ""IOT-0001114"", ""temp"": 6.415539643612772, ""lat"": 0.8868304221114882, ""lon"": 104.85599361483341}"
IOT-0001115,SHP-000066,DEV-551,35.623789,140.820880,3.68,73.59,68,2026-08-31T09:25:20.247341,"{""event_id"": ""IOT-0001115"", ""temp"": 3.6836047377330763, ""lat"": 35.623789495383946, ""lon"": 140.82087961061035}"
IOT-0001116,SHP-000067,DEV-714,51.206433,10.671664,3.48,60.70,31,2026-09-01T21:37:20.247341,"{""event_id"": ""IOT-0001116"", ""temp"": 3.478726238997501, ""lat"": 51.206432648071505, ""lon"": 10.67166377467786}"
IOT-0001117,SHP-000283,DEV-846,33.294307,-116.137776,2.61,44.31,56,2026-08-31T17:29:20.247341,"{""event_id"": ""IOT-0001117"", ""temp"": 2.6052446678216876, ""lat"": 33.29430681252809, ""lon"": -116.13777563864952}"
IOT-0001118,SHP-000194,DEV-153,51.447727,2.000826,6.22,72.60,30,2026-08-29T05:16:20.247341,"{""event_id"": ""IOT-0001118"", ""temp"": 6.221030133611014, ""lat"": 51.447727484416454, ""lon"": 2.000825894809891}"
IOT-0001119,SHP-000381,DEV-711,33.340056,137.421082,4.82,66.48,77,2026-08-28T09:35:20.247341,"{""event_id"": ""IOT-0001119"", ""temp"": 4.815899872215563, ""lat"": 33.34005576306807, ""lon"": 137.42108159099186}"
IOT-0001120,SHP-000472,DEV-972,41.819874,-87.196713,5.20,64.87,42,2026-08-30T10:34:20.247341,"{""event_id"": ""IOT-0001120"", ""temp"": 5.198845144092328, ""lat"": 41.819873534613, ""lon"": -87.19671313136244}"
IOT-0001121,SHP-000371,DEV-560,24.697150,57.664227,5.77,68.03,91,2026-08-30T09:49:20.247341,"{""event_id"": ""IOT-0001121"", ""temp"": 5.768166966443754, ""lat"": 24.697149981013776, ""lon"": 57.66422662825595}"
IOT-0001122,SHP-000355,DEV-305,3.122969,105.129631,2.56,43.09,91,2026-09-01T08:21:20.247341,"{""event_id"": ""IOT-0001122"", ""temp"": 2.555896121281106, ""lat"": 3.1229686993086094, ""lon"": 105.12963074104277}"
IOT-0001123,SHP-000039,DEV-961,50.053295,3.738536,3.13,49.00,96,2026-08-29T00:30:20.247341,"{""event_id"": ""IOT-0001123"", ""temp"": 3.1309899613896466, ""lat"": 50.05329537025308, ""lon"": 3.738536091733751}"
IOT-0001124,SHP-000014,DEV-553,43.729940,-86.336793,5.31,71.39,86,2026-08-29T07:03:20.247341,"{""event_id"": ""IOT-0001124"", ""temp"": 5.308102991117359, ""lat"": 43.72994020817343, ""lon"": -86.33679296489517}"
IOT-0001125,SHP-000003,DEV-583,1.874167,104.411113,4.17,51.28,80,2026-09-01T06:53:20.247341,"{""event_id"": ""IOT-0001125"", ""temp"": 4.1710639920773795, ""lat"": 1.874166674599277, ""lon"": 104.41111250553946}"
IOT-0001126,SHP-000180,DEV-512,52.271088,12.192555,3.22,49.59,73,2026-08-29T08:32:20.247341,"{""event_id"": ""IOT-0001126"", ""temp"": 3.2167774017824255, ""lat"": 52.27108800180346, ""lon"": 12.192554838896775}"
IOT-0001127,SHP-000446,DEV-334,52.270689,8.155205,4.16,49.80,54,2026-08-29T02:31:20.247341,"{""event_id"": ""IOT-0001127"", ""temp"": 4.164109532580128, ""lat"": 52.27068870848736, ""lon"": 8.155204657787326}"
IOT-0001128,SHP-000135,DEV-595,54.270446,11.985252,4.80,55.65,20,2026-08-29T09:24:20.247341,"{""event_id"": ""IOT-0001128"", ""temp"": 4.795671593455283, ""lat"": 54.27044592410519, ""lon"": 11.985251806855903}"
IOT-0001129,SHP-000230,DEV-453,-34.182252,148.968381,4.86,41.40,34,2026-08-30T23:52:20.247341,"{""event_id"": ""IOT-0001129"", ""temp"": 4.862427291884448, ""lat"": -34.18225240794021, ""lon"": 148.9683805810214}"
IOT-0001130,SHP-000253,DEV-813,2.371194,104.248181,5.60,68.41,58,2026-08-28T18:18:20.247341,"{""event_id"": ""IOT-0001130"", ""temp"": 5.596158787781759, ""lat"": 2.3711942620586997, ""lon"": 104.24818050681772}"
IOT-0001131,SHP-000133,DEV-815,-25.254494,-47.270395,6.21,60.92,44,2026-08-30T03:43:20.247341,"{""event_id"": ""IOT-0001131"", ""temp"": 6.212513053217301, ""lat"": -25.254493513252566, ""lon"": -47.27039507414997}"
IOT-0001132,SHP-000079,DEV-991,55.505352,8.790029,2.03,60.64,41,2026-08-29T06:23:20.247341,"{""event_id"": ""IOT-0001132"", ""temp"": 2.030776884441614, ""lat"": 55.505351796503604, ""lon"": 8.79002912952642}"
IOT-0001133,SHP-000476,DEV-940,-0.329407,105.585244,5.91,74.85,87,2026-08-31T14:44:20.247341,"{""event_id"": ""IOT-0001133"", ""temp"": 5.914295140037012, ""lat"": -0.32940730080362735, ""lon"": 105.58524360789}"
IOT-0001134,SHP-000437,DEV-870,38.007878,137.187309,4.54,53.68,90,2026-08-30T21:26:20.247341,"{""event_id"": ""IOT-0001134"", ""temp"": 4.5424428517591915, ""lat"": 38.00787800688592, ""lon"": 137.18730881816646}"
IOT-0001135,SHP-000205,DEV-899,-33.330319,150.719296,3.11,59.35,97,2026-08-31T04:15:20.247341,"{""event_id"": ""IOT-0001135"", ""temp"": 3.1124347830550745, ""lat"": -33.330318930023324, ""lon"": 150.71929645067576}"
IOT-0001136,SHP-000114,DEV-274,-33.345593,153.605895,3.99,41.31,67,2026-08-31T19:48:20.247341,"{""event_id"": ""IOT-0001136"", ""temp"": 3.9869047782168883, ""lat"": -33.34559275541863, ""lon"": 153.6058954663588}"
IOT-0001137,SHP-000260,DEV-284,40.426307,-87.085039,5.38,59.13,67,2026-08-28T12:54:20.247341,"{""event_id"": ""IOT-0001137"", ""temp"": 5.3834411018312895, ""lat"": 40.426306748492024, ""lon"": -87.08503941616871}"
IOT-0001138,SHP-000455,DEV-729,41.433061,-87.293454,4.80,53.59,79,2026-08-28T22:17:20.247341,"{""event_id"": ""IOT-0001138"", ""temp"": 4.802060532183928, ""lat"": 41.4330614594977, ""lon"": -87.29345366270982}"
IOT-0001139,SHP-000384,DEV-920,52.926648,2.863492,2.29,74.90,65,2026-09-01T22:51:20.247341,"{""event_id"": ""IOT-0001139"", ""temp"": 2.2908850994843943, ""lat"": 52.926647586298046, ""lon"": 2.8634917587315623}"
IOT-0001140,SHP-000412,DEV-764,1.091449,105.193033,11.03,60.89,21,2026-08-30T06:02:20.247341,"{""event_id"": ""IOT-0001140"", ""temp"": 11.034672190566493, ""lat"": 1.0914488566821436, ""lon"": 105.19303304011024}"
IOT-0001141,SHP-000204,DEV-814,34.244142,139.865422,5.13,44.73,35,2026-08-30T23:36:20.247341,"{""event_id"": ""IOT-0001141"", ""temp"": 5.13394353600934, ""lat"": 34.24414170868723, ""lon"": 139.86542224748015}"
IOT-0001142,SHP-000497,DEV-432,-32.981578,152.885855,6.25,62.55,40,2026-09-01T10:00:20.247341,"{""event_id"": ""IOT-0001142"", ""temp"": 6.250535705782044, ""lat"": -32.98157781534774, ""lon"": 152.88585502312864}"
IOT-0001143,SHP-000443,DEV-702,22.850958,54.408686,4.02,55.08,93,2026-09-01T04:56:20.247341,"{""event_id"": ""IOT-0001143"", ""temp"": 4.01588436289043, ""lat"": 22.850957749598905, ""lon"": 54.40868628579898}"
IOT-0001144,SHP-000079,DEV-382,24.553592,53.643845,3.04,43.27,86,2026-08-31T03:49:20.247341,"{""event_id"": ""IOT-0001144"", ""temp"": 3.0357689615235968, ""lat"": 24.553591986373274, ""lon"": 53.64384452852367}"
IOT-0001145,SHP-000364,DEV-846,34.822398,-118.701143,2.10,60.98,92,2026-08-30T10:14:20.247341,"{""event_id"": ""IOT-0001145"", ""temp"": 2.100915492517068, ""lat"": 34.822398447952054, ""lon"": -118.70114266533255}"
IOT-0001146,SHP-000020,DEV-333,-23.908207,-45.765588,5.49,59.49,26,2026-08-31T01:50:20.247341,"{""event_id"": ""IOT-0001146"", ""temp"": 5.486054603710311, ""lat"": -23.90820652145416, ""lon"": -45.76558751302294}"
IOT-0001147,SHP-000428,DEV-439,37.612291,139.666835,2.42,51.82,54,2026-08-28T14:53:20.247341,"{""event_id"": ""IOT-0001147"", ""temp"": 2.424551012953765, ""lat"": 37.61229097571736, ""lon"": 139.66683506370669}"
IOT-0001148,SHP-000404,DEV-348,3.388299,101.383982,3.27,42.05,100,2026-09-01T07:29:20.247341,"{""event_id"": ""IOT-0001148"", ""temp"": 3.2742419036275567, ""lat"": 3.388298789854203, ""lon"": 101.38398229119558}"
IOT-0001149,SHP-000104,DEV-392,31.678400,123.623253,3.56,58.48,84,2026-08-31T03:09:20.247341,"{""event_id"": ""IOT-0001149"", ""temp"": 3.560983294121219, ""lat"": 31.678399692618022, ""lon"": 123.62325345086796}"
IOT-0001150,SHP-000350,DEV-547,3.715958,104.531168,3.79,61.35,68,2026-08-29T01:48:20.247341,"{""event_id"": ""IOT-0001150"", ""temp"": 3.7940706043059564, ""lat"": 3.715957935559538, ""lon"": 104.53116804136897}"
IOT-0001151,SHP-000329,DEV-676,42.740511,-86.958814,4.60,50.29,71,2026-08-28T04:14:20.247341,"{""event_id"": ""IOT-0001151"", ""temp"": 4.602488547571342, ""lat"": 42.74051090017911, ""lon"": -86.95881405245919}"
IOT-0001152,SHP-000045,DEV-580,52.196007,2.363702,5.62,61.38,28,2026-08-30T00:29:20.247341,"{""event_id"": ""IOT-0001152"", ""temp"": 5.617884349011916, ""lat"": 52.19600717395865, ""lon"": 2.363702019597207}"
IOT-0001153,SHP-000135,DEV-313,31.761835,122.358528,2.88,48.37,50,2026-08-31T03:05:20.247341,"{""event_id"": ""IOT-0001153"", ""temp"": 2.8756197077318646, ""lat"": 31.761834536320205, ""lon"": 122.35852753481483}"
IOT-0001154,SHP-000184,DEV-951,27.235366,54.111965,5.82,60.79,99,2026-08-29T02:56:20.247341,"{""event_id"": ""IOT-0001154"", ""temp"": 5.8198158234923, ""lat"": 27.235366022224653, ""lon"": 54.11196454244201}"
IOT-0001155,SHP-000466,DEV-960,43.071440,-88.700858,6.06,64.81,21,2026-08-30T05:51:20.247341,"{""event_id"": ""IOT-0001155"", ""temp"": 6.057603690124567, ""lat"": 43.071440263719616, ""lon"": -88.7008583551443}"
IOT-0001156,SHP-000230,DEV-547,29.245063,123.752658,6.50,52.82,29,2026-08-28T13:03:20.247341,"{""event_id"": ""IOT-0001156"", ""temp"": 6.498671233253418, ""lat"": 29.245062994087775, ""lon"": 123.75265823195325}"
IOT-0001157,SHP-000454,DEV-872,37.421307,139.524733,6.08,67.16,26,2026-08-29T21:01:20.247341,"{""event_id"": ""IOT-0001157"", ""temp"": 6.080883110779542, ""lat"": 37.421306836938236, ""lon"": 139.5247326419434}"
IOT-0001158,SHP-000132,DEV-746,51.112142,6.562138,4.38,71.54,44,2026-08-30T07:07:20.247341,"{""event_id"": ""IOT-0001158"", ""temp"": 4.375553630342171, ""lat"": 51.11214179996492, ""lon"": 6.562138301267763}"
IOT-0001159,SHP-000237,DEV-835,-32.731297,153.570686,3.19,74.77,17,2026-08-30T22:24:20.247341,"{""event_id"": ""IOT-0001159"", ""temp"": 3.192820677216777, ""lat"": -32.7312966294307, ""lon"": 153.57068568309208}"
IOT-0001160,SHP-000238,DEV-698,30.309707,120.257943,4.45,70.38,48,2026-09-01T13:33:20.247341,"{""event_id"": ""IOT-0001160"", ""temp"": 4.452741250420583, ""lat"": 30.309706849712192, ""lon"": 120.25794322939223}"
IOT-0001161,SHP-000477,DEV-227,42.064523,-87.111500,3.63,62.13,25,2026-08-29T12:24:20.247341,"{""event_id"": ""IOT-0001161"", ""temp"": 3.6338337173941424, ""lat"": 42.06452260711305, ""lon"": -87.11150046335867}"
IOT-0001162,SHP-000095,DEV-863,33.447357,121.576459,5.65,60.18,100,2026-08-28T06:59:20.247341,"{""event_id"": ""IOT-0001162"", ""temp"": 5.648815679013459, ""lat"": 33.447356857467796, ""lon"": 121.57645867695392}"
IOT-0001163,SHP-000401,DEV-343,-21.975090,-46.297783,4.59,47.24,91,2026-08-30T19:47:20.247341,"{""event_id"": ""IOT-0001163"", ""temp"": 4.589403833037386, ""lat"": -21.975089754555672, ""lon"": -46.29778251859265}"
IOT-0001164,SHP-000089,DEV-112,-21.733927,-47.706165,3.58,44.17,38,2026-08-31T00:00:20.247341,"{""event_id"": ""IOT-0001164"", ""temp"": 3.5774726341639784, ""lat"": -21.733927467175857, ""lon"": -47.70616512001415}"
IOT-0001165,SHP-000150,DEV-515,54.481077,8.014926,5.18,63.37,92,2026-08-31T01:45:20.247341,"{""event_id"": ""IOT-0001165"", ""temp"": 5.183754901823834, ""lat"": 54.48107741251172, ""lon"": 8.014925921349205}"
IOT-0001166,SHP-000478,DEV-902,33.628346,137.918451,2.66,61.10,43,2026-09-01T14:25:20.247341,"{""event_id"": ""IOT-0001166"", ""temp"": 2.6596589313388916, ""lat"": 33.62834552133527, ""lon"": 137.91845109422087}"
IOT-0001167,SHP-000340,DEV-445,-33.247790,150.351347,6.21,63.08,32,2026-08-30T01:23:20.247341,"{""event_id"": ""IOT-0001167"", ""temp"": 6.210125962897495, ""lat"": -33.24778979078139, ""lon"": 150.35134708413452}"
IOT-0001168,SHP-000256,DEV-858,1.020808,102.203915,4.73,56.36,42,2026-08-28T16:08:20.247341,"{""event_id"": ""IOT-0001168"", ""temp"": 4.732124012341269, ""lat"": 1.0208077634902333, ""lon"": 102.20391546691035}"
IOT-0001169,SHP-000390,DEV-404,43.994942,-89.522440,2.68,56.37,49,2026-08-28T14:07:20.247341,"{""event_id"": ""IOT-0001169"", ""temp"": 2.6826378056881657, ""lat"": 43.99494204545148, ""lon"": -89.52244016672465}"
IOT-0001170,SHP-000300,DEV-523,39.796236,-87.420164,2.13,73.35,86,2026-09-01T22:43:20.247341,"{""event_id"": ""IOT-0001170"", ""temp"": 2.132730037887188, ""lat"": 39.79623553658451, ""lon"": -87.42016442906937}"
IOT-0001171,SHP-000076,DEV-967,49.882935,3.187107,5.62,67.52,55,2026-08-29T09:22:20.247341,"{""event_id"": ""IOT-0001171"", ""temp"": 5.622736360475312, ""lat"": 49.882935290979745, ""lon"": 3.187107207487298}"
IOT-0001172,SHP-000415,DEV-323,30.742671,123.100966,2.43,64.79,21,2026-09-01T20:50:20.247341,"{""event_id"": ""IOT-0001172"", ""temp"": 2.4275913020787194, ""lat"": 30.742671324896694, ""lon"": 123.10096605103392}"
IOT-0001173,SHP-000211,DEV-426,-0.845202,101.792582,3.27,54.82,98,2026-09-02T02:25:20.247341,"{""event_id"": ""IOT-0001173"", ""temp"": 3.269317679639892, ""lat"": -0.8452020275317822, ""lon"": 101.79258182441413}"
IOT-0001174,SHP-000205,DEV-757,2.763912,102.101369,3.93,59.74,79,2026-08-30T17:13:20.247341,"{""event_id"": ""IOT-0001174"", ""temp"": 3.9315165153344713, ""lat"": 2.7639119454114214, ""lon"": 102.1013685043003}"
IOT-0001175,SHP-000029,DEV-163,51.239282,6.532600,2.56,45.95,16,2026-09-01T00:08:20.247341,"{""event_id"": ""IOT-0001175"", ""temp"": 2.556209451330502, ""lat"": 51.239282076691914, ""lon"": 6.532599944478555}"
IOT-0001176,SHP-000206,DEV-498,-25.612197,-43.961307,9.60,58.60,58,2026-08-28T13:18:20.247341,"{""event_id"": ""IOT-0001176"", ""temp"": 9.596210214523527, ""lat"": -25.61219703552964, ""lon"": -43.96130681832016}"
IOT-0001177,SHP-000426,DEV-403,32.658729,123.605925,5.15,55.39,66,2026-09-01T05:58:20.247341,"{""event_id"": ""IOT-0001177"", ""temp"": 5.1496817388517915, ""lat"": 32.65872948774208, ""lon"": 123.60592513300345}"
IOT-0001178,SHP-000228,DEV-945,32.691360,119.760636,3.53,50.88,65,2026-08-31T00:12:20.247341,"{""event_id"": ""IOT-0001178"", ""temp"": 3.5339712596576907, ""lat"": 32.691360010178634, ""lon"": 119.76063639585043}"
IOT-0001179,SHP-000408,DEV-809,51.167188,6.906925,6.21,57.71,40,2026-08-29T22:10:20.247341,"{""event_id"": ""IOT-0001179"", ""temp"": 6.2063837981305525, ""lat"": 51.16718785974818, ""lon"": 6.906925091188611}"
IOT-0001180,SHP-000270,DEV-666,55.600196,12.017478,2.04,64.27,77,2026-08-30T17:13:20.247341,"{""event_id"": ""IOT-0001180"", ""temp"": 2.0442699490756278, ""lat"": 55.600195921012286, ""lon"": 12.017477649899874}"
IOT-0001181,SHP-000036,DEV-278,-34.875938,149.426020,4.39,46.42,92,2026-08-30T12:02:20.247341,"{""event_id"": ""IOT-0001181"", ""temp"": 4.387731109350314, ""lat"": -34.8759382867158, ""lon"": 149.426019561224}"
IOT-0001182,SHP-000060,DEV-563,51.920996,3.868641,6.14,59.44,51,2026-08-31T11:57:20.247341,"{""event_id"": ""IOT-0001182"", ""temp"": 6.141120006171455, ""lat"": 51.92099623415465, ""lon"": 3.8686414503130564}"
IOT-0001183,SHP-000153,DEV-437,43.679781,-89.977797,6.19,61.52,90,2026-09-02T01:08:20.247341,"{""event_id"": ""IOT-0001183"", ""temp"": 6.18856148913333, ""lat"": 43.679781227013265, ""lon"": -89.97779689135541}"
IOT-0001184,SHP-000352,DEV-768,43.630210,-88.293693,5.55,72.21,47,2026-08-29T19:56:20.247341,"{""event_id"": ""IOT-0001184"", ""temp"": 5.548943966646455, ""lat"": 43.63021024183771, ""lon"": -88.29369345510614}"
IOT-0001185,SHP-000012,DEV-475,56.024282,12.144923,6.15,46.54,57,2026-08-29T04:49:20.247341,"{""event_id"": ""IOT-0001185"", ""temp"": 6.146651190293689, ""lat"": 56.02428176314318, ""lon"": 12.144922937942567}"
IOT-0001186,SHP-000327,DEV-144,50.785785,6.266063,5.55,69.30,31,2026-08-30T14:02:20.247341,"{""event_id"": ""IOT-0001186"", ""temp"": 5.5540501762732175, ""lat"": 50.785784614786174, ""lon"": 6.2660625154707255}"
IOT-0001187,SHP-000107,DEV-460,49.425365,6.471461,5.42,52.93,47,2026-08-29T12:12:20.247341,"{""event_id"": ""IOT-0001187"", ""temp"": 5.420648677362356, ""lat"": 49.425365221997936, ""lon"": 6.4714609425515315}"
IOT-0001188,SHP-000403,DEV-875,25.215459,52.833391,5.13,72.84,57,2026-08-29T14:03:20.247341,"{""event_id"": ""IOT-0001188"", ""temp"": 5.125173181434317, ""lat"": 25.215459223845055, ""lon"": 52.83339136136497}"
IOT-0001189,SHP-000383,DEV-525,35.577461,138.752747,2.31,42.96,88,2026-08-29T01:07:20.247341,"{""event_id"": ""IOT-0001189"", ""temp"": 2.31209236363329, ""lat"": 35.57746071739995, ""lon"": 138.7527471463707}"
IOT-0001190,SHP-000500,DEV-612,36.094807,-116.593266,2.24,42.42,25,2026-09-01T02:38:20.247341,"{""event_id"": ""IOT-0001190"", ""temp"": 2.2428072352271906, ""lat"": 36.09480680345497, ""lon"": -116.59326618799295}"
IOT-0001191,SHP-000342,DEV-472,-34.968719,152.199362,2.36,68.39,100,2026-09-01T17:48:20.247341,"{""event_id"": ""IOT-0001191"", ""temp"": 2.360981101120713, ""lat"": -34.96871870461359, ""lon"": 152.19936193057208}"
IOT-0001192,SHP-000430,DEV-991,52.570471,11.767279,5.68,52.01,30,2026-08-29T16:16:20.247341,"{""event_id"": ""IOT-0001192"", ""temp"": 5.678763245908246, ""lat"": 52.57047050250923, ""lon"": 11.767279402314923}"
IOT-0001193,SHP-000466,DEV-919,54.044444,4.385840,3.33,66.97,84,2026-08-31T20:33:20.247341,"{""event_id"": ""IOT-0001193"", ""temp"": 3.327099014674558, ""lat"": 54.04444399725627, ""lon"": 4.385839636495461}"
IOT-0001194,SHP-000060,DEV-423,42.918831,-87.185365,5.85,71.24,91,2026-08-30T19:38:20.247341,"{""event_id"": ""IOT-0001194"", ""temp"": 5.849515520578, ""lat"": 42.918830701042545, ""lon"": -87.18536546010951}"
IOT-0001195,SHP-000037,DEV-713,50.545476,6.723287,2.77,51.70,73,2026-09-01T15:30:20.247341,"{""event_id"": ""IOT-0001195"", ""temp"": 2.7731328721766477, ""lat"": 50.54547584025312, ""lon"": 6.7232869005781435}"
IOT-0001196,SHP-000391,DEV-523,-35.528393,152.481271,4.98,74.69,75,2026-08-31T22:04:20.247341,"{""event_id"": ""IOT-0001196"", ""temp"": 4.98466605179604, ""lat"": -35.528392946278665, ""lon"": 152.48127117935547}"
IOT-0001197,SHP-000438,DEV-143,35.775989,-116.667542,5.10,48.65,95,2026-08-30T03:59:20.247341,"{""event_id"": ""IOT-0001197"", ""temp"": 5.103728064661709, ""lat"": 35.77598921259846, ""lon"": -116.66754160621241}"
IOT-0001198,SHP-000311,DEV-170,3.147796,102.720073,4.90,44.18,59,2026-08-30T20:18:20.247341,"{""event_id"": ""IOT-0001198"", ""temp"": 4.904032246222535, ""lat"": 3.1477964084292616, ""lon"": 102.7200729740009}"
IOT-0001199,SHP-000371,DEV-697,26.127435,56.575715,9.06,55.04,50,2026-09-01T08:18:20.247341,"{""event_id"": ""IOT-0001199"", ""temp"": 9.059689607077459, ""lat"": 26.12743525295655, ""lon"": 56.57571458105667}"
IOT-0001200,SHP-000485,DEV-670,1.879075,105.422154,2.65,52.86,25,2026-08-28T03:09:20.247341,"{""event_id"": ""IOT-0001200"", ""temp"": 2.6531928450420734, ""lat"": 1.8790750755197028, ""lon"": 105.42215363982713}"
IOT-0001201,SHP-000422,DEV-255,52.848119,5.602017,6.45,66.70,38,2026-08-29T17:26:20.247341,"{""event_id"": ""IOT-0001201"", ""temp"": 6.446909566245254, ""lat"": 52.8481194961967, ""lon"": 5.602017257455445}"
IOT-0001202,SHP-000084,DEV-278,49.743038,3.318944,3.36,72.87,58,2026-08-31T11:09:20.247341,"{""event_id"": ""IOT-0001202"", ""temp"": 3.359689777648693, ""lat"": 49.743037940706586, ""lon"": 3.318943669064942}"
IOT-0001203,SHP-000346,DEV-254,-34.106814,152.199967,2.74,70.02,57,2026-09-02T02:04:20.247341,"{""event_id"": ""IOT-0001203"", ""temp"": 2.743612418407558, ""lat"": -34.10681393752398, ""lon"": 152.1999670070601}"
IOT-0001204,SHP-000063,DEV-502,-1.056682,102.379016,4.92,51.41,24,2026-08-28T16:59:20.247341,"{""event_id"": ""IOT-0001204"", ""temp"": 4.923291549687098, ""lat"": -1.0566820058554045, ""lon"": 102.37901604288355}"
IOT-0001205,SHP-000033,DEV-482,41.867170,-86.936326,4.47,48.06,90,2026-08-29T15:45:20.247341,"{""event_id"": ""IOT-0001205"", ""temp"": 4.470688166455549, ""lat"": 41.86717044069609, ""lon"": -86.93632561426037}"
IOT-0001206,SHP-000069,DEV-948,49.847503,5.910015,5.71,49.99,63,2026-08-31T13:32:20.247341,"{""event_id"": ""IOT-0001206"", ""temp"": 5.706143796563673, ""lat"": 49.847503232451096, ""lon"": 5.91001465280924}"
IOT-0001207,SHP-000068,DEV-285,0.295708,104.233349,4.87,46.01,21,2026-08-30T03:11:20.247341,"{""event_id"": ""IOT-0001207"", ""temp"": 4.866162113633418, ""lat"": 0.2957078718794188, ""lon"": 104.23334892300494}"
IOT-0001208,SHP-000217,DEV-577,51.460002,4.621842,12.71,70.64,45,2026-08-28T07:45:20.247341,"{""event_id"": ""IOT-0001208"", ""temp"": 12.708876737812819, ""lat"": 51.46000247745569, ""lon"": 4.621841513295809}"
IOT-0001209,SHP-000453,DEV-321,37.598513,138.679622,5.92,53.93,67,2026-09-01T10:45:20.247341,"{""event_id"": ""IOT-0001209"", ""temp"": 5.922248717498231, ""lat"": 37.598512751506114, ""lon"": 138.6796222834673}"
IOT-0001210,SHP-000229,DEV-973,34.988903,139.599496,5.17,50.27,30,2026-08-31T09:24:20.247341,"{""event_id"": ""IOT-0001210"", ""temp"": 5.1744688736169895, ""lat"": 34.98890348113041, ""lon"": 139.59949558721146}"
IOT-0001211,SHP-000446,DEV-792,53.844941,3.319271,4.42,73.71,46,2026-08-29T19:38:20.247341,"{""event_id"": ""IOT-0001211"", ""temp"": 4.4210396836108465, ""lat"": 53.84494066609163, ""lon"": 3.3192712536048}"
IOT-0001212,SHP-000284,DEV-120,35.136958,-118.027509,4.74,68.40,46,2026-08-29T20:06:20.247341,"{""event_id"": ""IOT-0001212"", ""temp"": 4.735399388181326, ""lat"": 35.13695835749631, ""lon"": -118.02750895585723}"
IOT-0001213,SHP-000192,DEV-567,36.476337,-120.390288,2.31,41.26,49,2026-09-01T05:39:20.247341,"{""event_id"": ""IOT-0001213"", ""temp"": 2.30574365049202, ""lat"": 36.4763366188528, ""lon"": -120.39028848437661}"
IOT-0001214,SHP-000032,DEV-363,34.951968,141.905237,4.94,64.57,17,2026-08-28T19:47:20.247341,"{""event_id"": ""IOT-0001214"", ""temp"": 4.943220476645597, ""lat"": 34.95196762542105, ""lon"": 141.9052374702247}"
IOT-0001215,SHP-000248,DEV-112,53.404001,2.976483,5.34,54.00,16,2026-08-28T08:54:20.247341,"{""event_id"": ""IOT-0001215"", ""temp"": 5.336340008292762, ""lat"": 53.40400116992723, ""lon"": 2.9764833622656015}"
IOT-0001216,SHP-000001,DEV-693,32.039023,-117.851239,6.09,70.63,55,2026-08-28T13:43:20.247341,"{""event_id"": ""IOT-0001216"", ""temp"": 6.093496259837636, ""lat"": 32.03902336255594, ""lon"": -117.85123932448407}"
IOT-0001217,SHP-000246,DEV-727,34.736922,-119.226518,6.26,74.51,46,2026-08-28T11:11:20.247341,"{""event_id"": ""IOT-0001217"", ""temp"": 6.261751227109982, ""lat"": 34.73692165450509, ""lon"": -119.22651783358576}"
IOT-0001218,SHP-000140,DEV-970,55.553972,9.967825,3.73,71.87,27,2026-08-30T19:11:20.247341,"{""event_id"": ""IOT-0001218"", ""temp"": 3.72805621853605, ""lat"": 55.553972089291015, ""lon"": 9.96782494420197}"
IOT-0001219,SHP-000302,DEV-924,3.412154,104.396448,17.97,61.60,50,2026-08-30T02:08:20.247341,"{""event_id"": ""IOT-0001219"", ""temp"": 17.972157909043617, ""lat"": 3.4121538361150163, ""lon"": 104.3964476113409}"
IOT-0001220,SHP-000349,DEV-331,26.988026,54.734534,4.43,52.93,68,2026-09-01T18:41:20.247341,"{""event_id"": ""IOT-0001220"", ""temp"": 4.430043847203876, ""lat"": 26.988026097481665, ""lon"": 54.734533794424074}"
IOT-0001221,SHP-000030,DEV-361,42.883954,-86.750447,4.63,49.15,99,2026-08-31T10:10:20.247341,"{""event_id"": ""IOT-0001221"", ""temp"": 4.633166009639739, ""lat"": 42.8839543380884, ""lon"": -86.75044732809874}"
IOT-0001222,SHP-000288,DEV-861,41.245688,-89.976495,2.64,63.51,77,2026-08-30T16:41:20.247341,"{""event_id"": ""IOT-0001222"", ""temp"": 2.6431161378851935, ""lat"": 41.245687864108916, ""lon"": -89.97649500946761}"
IOT-0001223,SHP-000430,DEV-133,40.861322,-89.270511,3.14,49.78,81,2026-08-30T16:49:20.247341,"{""event_id"": ""IOT-0001223"", ""temp"": 3.141463974162446, ""lat"": 40.861322340491824, ""lon"": -89.27051136186165}"
IOT-0001224,SHP-000079,DEV-178,1.524602,104.767748,5.65,62.86,32,2026-08-29T09:31:20.247341,"{""event_id"": ""IOT-0001224"", ""temp"": 5.645153260663644, ""lat"": 1.5246015542854945, ""lon"": 104.76774777802643}"
IOT-0001225,SHP-000260,DEV-102,31.989815,-117.217855,5.47,41.31,40,2026-08-31T02:12:20.247341,"{""event_id"": ""IOT-0001225"", ""temp"": 5.474976459593969, ""lat"": 31.989815453118013, ""lon"": -117.21785460794352}"
IOT-0001226,SHP-000373,DEV-885,31.984887,122.268554,3.48,53.81,76,2026-08-30T17:25:20.247341,"{""event_id"": ""IOT-0001226"", ""temp"": 3.4768057909224455, ""lat"": 31.98488739526616, ""lon"": 122.26855448544272}"
IOT-0001227,SHP-000381,DEV-120,36.730848,138.294713,2.97,58.86,83,2026-08-30T17:58:20.247341,"{""event_id"": ""IOT-0001227"", ""temp"": 2.9713324295542805, ""lat"": 36.7308480098664, ""lon"": 138.29471253926005}"
IOT-0001228,SHP-000191,DEV-354,-0.184941,106.241630,2.90,56.53,73,2026-08-31T06:53:20.247341,"{""event_id"": ""IOT-0001228"", ""temp"": 2.8970225948180364, ""lat"": -0.18494074716247688, ""lon"": 106.24163049785668}"
IOT-0001229,SHP-000309,DEV-457,-21.738265,-44.822964,2.63,66.46,86,2026-08-28T12:03:20.247341,"{""event_id"": ""IOT-0001229"", ""temp"": 2.6265907205765777, ""lat"": -21.738265337166684, ""lon"": -44.822963510101346}"
IOT-0001230,SHP-000319,DEV-429,42.984508,-85.248939,4.75,54.89,89,2026-08-29T19:53:20.247341,"{""event_id"": ""IOT-0001230"", ""temp"": 4.74586484871636, ""lat"": 42.98450808897847, ""lon"": -85.24893887697056}"
IOT-0001231,SHP-000072,DEV-671,28.884974,121.463134,2.51,61.21,16,2026-08-29T08:13:20.247341,"{""event_id"": ""IOT-0001231"", ""temp"": 2.505859079010526, ""lat"": 28.884974083182776, ""lon"": 121.46313431114947}"
IOT-0001232,SHP-000495,DEV-212,54.489902,9.889175,2.60,69.05,75,2026-08-29T21:10:20.247341,"{""event_id"": ""IOT-0001232"", ""temp"": 2.602468294142641, ""lat"": 54.48990164170042, ""lon"": 9.889175363004831}"
IOT-0001233,SHP-000047,DEV-857,26.975391,56.256441,2.20,47.91,43,2026-08-30T10:28:20.247341,"{""event_id"": ""IOT-0001233"", ""temp"": 2.1965231423847724, ""lat"": 26.975391210549947, ""lon"": 56.2564407824604}"
IOT-0001234,SHP-000355,DEV-434,32.237825,120.881517,6.12,73.33,20,2026-08-31T09:06:20.247341,"{""event_id"": ""IOT-0001234"", ""temp"": 6.11501019827111, ""lat"": 32.23782477921152, ""lon"": 120.88151702174537}"
IOT-0001235,SHP-000254,DEV-718,0.083364,102.780514,10.79,60.59,87,2026-08-28T06:38:20.247341,"{""event_id"": ""IOT-0001235"", ""temp"": 10.78528375653915, ""lat"": 0.08336404713518153, ""lon"": 102.78051367970934}"
IOT-0001236,SHP-000151,DEV-708,31.895375,121.721209,5.31,48.56,47,2026-08-31T05:52:20.247341,"{""event_id"": ""IOT-0001236"", ""temp"": 5.309666364915143, ""lat"": 31.89537471082248, ""lon"": 121.72120850750643}"
IOT-0001237,SHP-000308,DEV-238,49.611102,2.322641,4.11,60.30,94,2026-09-01T00:29:20.247341,"{""event_id"": ""IOT-0001237"", ""temp"": 4.1067045863214995, ""lat"": 49.611102488854165, ""lon"": 2.3226408668065295}"
IOT-0001238,SHP-000349,DEV-855,0.351597,105.265708,3.68,55.11,74,2026-09-01T04:27:20.247341,"{""event_id"": ""IOT-0001238"", ""temp"": 3.6796058426034906, ""lat"": 0.351596853908694, ""lon"": 105.26570798038978}"
IOT-0001239,SHP-000306,DEV-470,36.815054,139.991558,4.58,50.55,44,2026-09-01T05:22:20.247341,"{""event_id"": ""IOT-0001239"", ""temp"": 4.579839303889353, ""lat"": 36.815054098227876, ""lon"": 139.99155827107307}"
IOT-0001240,SHP-000210,DEV-892,41.370325,-89.668094,6.29,53.84,18,2026-09-01T14:20:20.247341,"{""event_id"": ""IOT-0001240"", ""temp"": 6.292804123488035, ""lat"": 41.37032460216181, ""lon"": -89.66809376563606}"
IOT-0001241,SHP-000381,DEV-969,25.276045,54.503098,6.43,74.22,69,2026-09-01T08:17:20.247341,"{""event_id"": ""IOT-0001241"", ""temp"": 6.431537205375017, ""lat"": 25.27604453519472, ""lon"": 54.50309791771081}"
IOT-0001242,SHP-000347,DEV-337,-1.144805,102.349013,2.35,42.76,60,2026-08-30T12:27:20.247341,"{""event_id"": ""IOT-0001242"", ""temp"": 2.3486333591848507, ""lat"": -1.1448054605887794, ""lon"": 102.34901341818141}"
IOT-0001243,SHP-000131,DEV-327,-24.001697,-45.447803,5.11,69.08,75,2026-08-30T23:11:20.247341,"{""event_id"": ""IOT-0001243"", ""temp"": 5.111879345275739, ""lat"": -24.00169671994727, ""lon"": -45.44780266041221}"
IOT-0001244,SHP-000062,DEV-193,42.276806,-85.661045,4.09,68.17,98,2026-08-31T12:21:20.247341,"{""event_id"": ""IOT-0001244"", ""temp"": 4.086083509690494, ""lat"": 42.27680594076227, ""lon"": -85.66104503285204}"
IOT-0001245,SHP-000288,DEV-892,32.647080,120.288771,6.45,71.42,67,2026-08-29T03:35:20.247341,"{""event_id"": ""IOT-0001245"", ""temp"": 6.451375725382511, ""lat"": 32.64708007239843, ""lon"": 120.28877065662218}"
IOT-0001246,SHP-000376,DEV-667,43.767534,-85.216645,11.76,71.79,15,2026-08-30T18:36:20.247341,"{""event_id"": ""IOT-0001246"", ""temp"": 11.758152020176308, ""lat"": 43.767533864663115, ""lon"": -85.2166445128735}"
IOT-0001247,SHP-000222,DEV-372,52.975994,3.632405,5.53,42.65,18,2026-08-29T11:19:20.247341,"{""event_id"": ""IOT-0001247"", ""temp"": 5.531520977913759, ""lat"": 52.97599384321318, ""lon"": 3.6324054401834966}"
IOT-0001248,SHP-000287,DEV-635,40.067525,-87.784987,3.03,45.07,98,2026-08-30T16:03:20.247341,"{""event_id"": ""IOT-0001248"", ""temp"": 3.02542844389973, ""lat"": 40.067524826523865, ""lon"": -87.78498688896336}"
IOT-0001249,SHP-000439,DEV-550,33.494485,-117.195061,4.72,45.75,75,2026-09-01T03:42:20.247341,"{""event_id"": ""IOT-0001249"", ""temp"": 4.723553977242595, ""lat"": 33.49448453826349, ""lon"": -117.19506118366297}"
IOT-0001250,SHP-000167,DEV-536,26.745577,57.760509,4.67,55.62,54,2026-08-28T10:16:20.247341,"{""event_id"": ""IOT-0001250"", ""temp"": 4.674419302298868, ""lat"": 26.745576769512134, ""lon"": 57.76050886159121}"
IOT-0001251,SHP-000276,DEV-370,54.465759,7.880842,5.11,49.52,46,2026-08-30T02:26:20.247341,"{""event_id"": ""IOT-0001251"", ""temp"": 5.113226200506301, ""lat"": 54.46575871437267, ""lon"": 7.880842281966015}"
IOT-0001252,SHP-000495,DEV-518,32.835180,120.107375,3.42,65.33,60,2026-08-31T11:10:20.247341,"{""event_id"": ""IOT-0001252"", ""temp"": 3.424491208682953, ""lat"": 32.83518036321601, ""lon"": 120.10737523081245}"
IOT-0001253,SHP-000296,DEV-890,26.235936,52.988639,4.43,41.81,69,2026-08-31T19:01:20.247341,"{""event_id"": ""IOT-0001253"", ""temp"": 4.426190936458707, ""lat"": 26.235936157214155, ""lon"": 52.98863932729234}"
IOT-0001254,SHP-000153,DEV-791,33.016956,122.552492,5.26,51.76,42,2026-08-30T17:14:20.247341,"{""event_id"": ""IOT-0001254"", ""temp"": 5.259995640601579, ""lat"": 33.01695577690122, ""lon"": 122.55249154271276}"
IOT-0001255,SHP-000344,DEV-772,37.917113,137.279958,6.05,52.71,43,2026-08-31T09:02:20.247341,"{""event_id"": ""IOT-0001255"", ""temp"": 6.0460836951470505, ""lat"": 37.91711331297493, ""lon"": 137.27995756548577}"
IOT-0001256,SHP-000046,DEV-118,26.468094,54.725571,3.84,59.34,34,2026-08-31T04:02:20.247341,"{""event_id"": ""IOT-0001256"", ""temp"": 3.8374334559825902, ""lat"": 26.46809387176132, ""lon"": 54.725571116189606}"
IOT-0001257,SHP-000057,DEV-983,1.556291,105.428760,4.83,58.26,46,2026-08-29T21:17:20.247341,"{""event_id"": ""IOT-0001257"", ""temp"": 4.8295602165400835, ""lat"": 1.5562906175851063, ""lon"": 105.42875952187359}"
IOT-0001258,SHP-000281,DEV-923,32.697899,119.911951,6.47,71.61,37,2026-08-31T12:34:20.247341,"{""event_id"": ""IOT-0001258"", ""temp"": 6.47469882323329, ""lat"": 32.69789931470226, ""lon"": 119.91195050536001}"
IOT-0001259,SHP-000168,DEV-962,54.231119,8.353335,4.61,50.16,90,2026-08-31T23:14:20.247341,"{""event_id"": ""IOT-0001259"", ""temp"": 4.6060596576735495, ""lat"": 54.2311191395541, ""lon"": 8.353334798096402}"
IOT-0001260,SHP-000068,DEV-546,2.619094,104.840288,3.70,71.82,92,2026-08-31T06:50:20.247341,"{""event_id"": ""IOT-0001260"", ""temp"": 3.6956753494272068, ""lat"": 2.6190940225830914, ""lon"": 104.84028802972162}"
IOT-0001261,SHP-000335,DEV-629,36.515201,137.648562,3.71,61.57,27,2026-08-28T15:41:20.247341,"{""event_id"": ""IOT-0001261"", ""temp"": 3.712537054685674, ""lat"": 36.51520128061755, ""lon"": 137.6485621443988}"
IOT-0001262,SHP-000443,DEV-216,-32.366223,152.720809,5.34,54.66,94,2026-08-28T16:15:20.247341,"{""event_id"": ""IOT-0001262"", ""temp"": 5.337622573503554, ""lat"": -32.36622298768675, ""lon"": 152.7208089662043}"
IOT-0001263,SHP-000282,DEV-635,2.029933,105.425384,5.74,52.01,36,2026-09-01T02:42:20.247341,"{""event_id"": ""IOT-0001263"", ""temp"": 5.740215139257441, ""lat"": 2.0299334583352806, ""lon"": 105.4253844902774}"
IOT-0001264,SHP-000374,DEV-862,32.087950,-117.001558,4.44,59.11,16,2026-08-29T09:37:20.247341,"{""event_id"": ""IOT-0001264"", ""temp"": 4.435806032615586, ""lat"": 32.0879504491208, ""lon"": -117.00155843571373}"
IOT-0001265,SHP-000434,DEV-198,53.215520,8.806390,4.76,70.09,48,2026-09-01T12:37:20.247341,"{""event_id"": ""IOT-0001265"", ""temp"": 4.756096403495521, ""lat"": 53.215520315475565, ""lon"": 8.806389556379955}"
IOT-0001266,SHP-000413,DEV-253,32.054533,122.370818,3.39,45.82,18,2026-08-29T21:39:20.247341,"{""event_id"": ""IOT-0001266"", ""temp"": 3.3874376385008245, ""lat"": 32.05453254906147, ""lon"": 122.37081759988057}"
IOT-0001267,SHP-000395,DEV-217,36.260744,-117.736991,6.14,60.73,68,2026-08-28T09:21:20.247341,"{""event_id"": ""IOT-0001267"", ""temp"": 6.1361828205898785, ""lat"": 36.26074366594405, ""lon"": -117.73699065430054}"
IOT-0001268,SHP-000488,DEV-815,35.681299,-117.727851,5.71,60.20,82,2026-09-01T23:24:20.247341,"{""event_id"": ""IOT-0001268"", ""temp"": 5.709112530742361, ""lat"": 35.6812988710624, ""lon"": -117.72785095480971}"
IOT-0001269,SHP-000497,DEV-518,-35.683628,148.857446,4.59,48.11,40,2026-09-01T19:52:20.247341,"{""event_id"": ""IOT-0001269"", ""temp"": 4.585206953884292, ""lat"": -35.68362776669626, ""lon"": 148.85744644382228}"
IOT-0001270,SHP-000226,DEV-995,-22.954381,-48.411298,12.95,46.16,56,2026-08-29T18:59:20.247341,"{""event_id"": ""IOT-0001270"", ""temp"": 12.95396271413997, ""lat"": -22.95438063185092, ""lon"": -48.411297924265746}"
IOT-0001271,SHP-000160,DEV-206,27.213493,54.203324,3.61,56.05,56,2026-08-31T04:28:20.247341,"{""event_id"": ""IOT-0001271"", ""temp"": 3.6102171585777576, ""lat"": 27.21349277183447, ""lon"": 54.203324038978536}"
IOT-0001272,SHP-000147,DEV-571,31.405392,121.048649,4.00,64.80,48,2026-08-29T16:23:20.247341,"{""event_id"": ""IOT-0001272"", ""temp"": 4.001895078796089, ""lat"": 31.40539193414111, ""lon"": 121.04864858164844}"
IOT-0001273,SHP-000115,DEV-548,36.078205,139.616575,3.33,58.21,23,2026-08-30T13:31:20.247341,"{""event_id"": ""IOT-0001273"", ""temp"": 3.3317776870172593, ""lat"": 36.07820463830909, ""lon"": 139.616574656915}"
IOT-0001274,SHP-000075,DEV-624,-32.558403,153.217612,4.88,70.61,57,2026-08-29T19:46:20.247341,"{""event_id"": ""IOT-0001274"", ""temp"": 4.878504976927296, ""lat"": -32.55840275239994, ""lon"": 153.21761236335666}"
IOT-0001275,SHP-000154,DEV-908,51.908786,8.139546,5.54,68.87,21,2026-08-29T00:27:20.247341,"{""event_id"": ""IOT-0001275"", ""temp"": 5.54430252276938, ""lat"": 51.90878612955581, ""lon"": 8.139546013440109}"
IOT-0001276,SHP-000419,DEV-595,36.549247,139.153445,14.04,69.97,25,2026-08-29T04:18:20.247341,"{""event_id"": ""IOT-0001276"", ""temp"": 14.040043284901252, ""lat"": 36.54924675419651, ""lon"": 139.15344456486616}"
IOT-0001277,SHP-000312,DEV-981,35.747075,-120.624175,5.02,45.52,84,2026-08-30T08:57:20.247341,"{""event_id"": ""IOT-0001277"", ""temp"": 5.018794022193841, ""lat"": 35.74707451013453, ""lon"": -120.62417512926642}"
IOT-0001278,SHP-000184,DEV-156,49.437606,3.188214,3.21,68.16,79,2026-08-29T06:54:20.247341,"{""event_id"": ""IOT-0001278"", ""temp"": 3.2053294725485766, ""lat"": 49.43760571188642, ""lon"": 3.1882143820895887}"
IOT-0001279,SHP-000120,DEV-182,-22.656725,-48.802423,2.73,66.02,84,2026-08-30T03:56:20.247341,"{""event_id"": ""IOT-0001279"", ""temp"": 2.733065105838813, ""lat"": -22.656725448993114, ""lon"": -48.802422542078325}"
IOT-0001280,SHP-000131,DEV-905,-0.548394,104.904885,4.13,45.62,26,2026-08-31T13:33:20.247341,"{""event_id"": ""IOT-0001280"", ""temp"": 4.126718809046955, ""lat"": -0.5483938542856635, ""lon"": 104.90488494817897}"
IOT-0001281,SHP-000432,DEV-820,27.608506,54.685480,3.11,66.63,66,2026-09-01T13:57:20.247341,"{""event_id"": ""IOT-0001281"", ""temp"": 3.1077074118843475, ""lat"": 27.608505514577782, ""lon"": 54.68548015962386}"
IOT-0001282,SHP-000173,DEV-972,36.810680,137.337587,4.05,40.71,42,2026-08-30T03:31:20.247341,"{""event_id"": ""IOT-0001282"", ""temp"": 4.048505313225607, ""lat"": 36.810680062936775, ""lon"": 137.3375872721832}"
IOT-0001283,SHP-000254,DEV-837,-24.455590,-44.478701,2.83,47.70,39,2026-08-28T06:40:20.247341,"{""event_id"": ""IOT-0001283"", ""temp"": 2.8335107038924194, ""lat"": -24.455590390348448, ""lon"": -44.47870054217157}"
IOT-0001284,SHP-000165,DEV-196,43.601624,-86.619642,4.26,69.66,66,2026-08-30T09:19:20.247341,"{""event_id"": ""IOT-0001284"", ""temp"": 4.263006916997599, ""lat"": 43.601624291581224, ""lon"": -86.6196424399415}"
IOT-0001285,SHP-000351,DEV-269,-32.353767,151.984490,5.49,67.15,38,2026-08-29T21:11:20.247341,"{""event_id"": ""IOT-0001285"", ""temp"": 5.487121109098899, ""lat"": -32.35376682063261, ""lon"": 151.98448964007008}"
IOT-0001286,SHP-000199,DEV-993,33.598571,140.831415,2.18,74.51,100,2026-08-31T18:39:20.247341,"{""event_id"": ""IOT-0001286"", ""temp"": 2.1840453951541208, ""lat"": 33.598570895983656, ""lon"": 140.83141549082742}"
IOT-0001287,SHP-000128,DEV-230,34.842887,-116.333655,3.05,47.04,39,2026-09-01T04:13:20.247341,"{""event_id"": ""IOT-0001287"", ""temp"": 3.0495707410778294, ""lat"": 34.84288653948065, ""lon"": -116.33365521505411}"
IOT-0001288,SHP-000116,DEV-713,-23.286630,-45.769785,4.35,58.72,43,2026-08-28T05:08:20.247341,"{""event_id"": ""IOT-0001288"", ""temp"": 4.3498593839881705, ""lat"": -23.286629893911307, ""lon"": -45.76978529124308}"
IOT-0001289,SHP-000131,DEV-684,51.108962,12.305209,3.39,60.80,19,2026-08-30T13:28:20.247341,"{""event_id"": ""IOT-0001289"", ""temp"": 3.3927858110547655, ""lat"": 51.10896213703785, ""lon"": 12.305209288889966}"
IOT-0001290,SHP-000203,DEV-506,53.717961,12.320968,3.26,48.12,59,2026-08-28T16:22:20.247341,"{""event_id"": ""IOT-0001290"", ""temp"": 3.264248761176317, ""lat"": 53.717960908242276, ""lon"": 12.320968193789295}"
IOT-0001291,SHP-000010,DEV-131,-22.432248,-46.663423,5.84,41.56,71,2026-08-30T05:13:20.247341,"{""event_id"": ""IOT-0001291"", ""temp"": 5.835357773969683, ""lat"": -22.43224769058581, ""lon"": -46.663423428296255}"
IOT-0001292,SHP-000413,DEV-111,-33.061537,150.134383,3.56,53.59,88,2026-08-31T11:21:20.247341,"{""event_id"": ""IOT-0001292"", ""temp"": 3.561225409850733, ""lat"": -33.06153719376531, ""lon"": 150.13438329385147}"
IOT-0001293,SHP-000285,DEV-493,31.495738,122.784364,2.42,46.71,17,2026-08-31T00:26:20.247341,"{""event_id"": ""IOT-0001293"", ""temp"": 2.416033807006525, ""lat"": 31.49573781443343, ""lon"": 122.78436434518663}"
IOT-0001294,SHP-000124,DEV-930,37.493638,141.520332,3.01,62.65,33,2026-08-31T23:23:20.247341,"{""event_id"": ""IOT-0001294"", ""temp"": 3.0106262359754883, ""lat"": 37.493638130683536, ""lon"": 141.52033182242207}"
IOT-0001295,SHP-000434,DEV-436,2.342406,102.898984,2.63,56.91,40,2026-08-29T06:00:20.247341,"{""event_id"": ""IOT-0001295"", ""temp"": 2.626362660874797, ""lat"": 2.3424056591244957, ""lon"": 102.89898361315679}"
IOT-0001296,SHP-000403,DEV-128,51.597041,3.995800,3.33,73.72,100,2026-08-30T09:18:20.247341,"{""event_id"": ""IOT-0001296"", ""temp"": 3.327811785325843, ""lat"": 51.59704076325416, ""lon"": 3.995800433064405}"
IOT-0001297,SHP-000206,DEV-470,53.873258,10.868829,3.99,57.30,26,2026-09-01T13:09:20.247341,"{""event_id"": ""IOT-0001297"", ""temp"": 3.9909568627191927, ""lat"": 53.87325769083406, ""lon"": 10.86882889983361}"
IOT-0001298,SHP-000379,DEV-749,33.942619,138.602225,5.20,63.60,19,2026-08-28T12:35:20.247341,"{""event_id"": ""IOT-0001298"", ""temp"": 5.199364778472581, ""lat"": 33.942618769751846, ""lon"": 138.60222481717938}"
IOT-0001299,SHP-000449,DEV-680,34.522831,-120.119315,13.53,69.33,71,2026-08-28T23:28:20.247341,"{""event_id"": ""IOT-0001299"", ""temp"": 13.53196106506282, ""lat"": 34.522831048348834, ""lon"": -120.11931495135015}"
IOT-0001300,SHP-000367,DEV-397,27.613834,54.631999,2.19,40.89,55,2026-09-01T16:56:20.247341,"{""event_id"": ""IOT-0001300"", ""temp"": 2.1889361797644775, ""lat"": 27.613833587390342, ""lon"": 54.63199869304104}"
IOT-0001301,SHP-000115,DEV-304,24.194687,56.197005,3.47,44.53,39,2026-08-31T14:06:20.247341,"{""event_id"": ""IOT-0001301"", ""temp"": 3.4676352281158116, ""lat"": 24.194687179320233, ""lon"": 56.19700499380749}"
IOT-0001302,SHP-000415,DEV-382,36.235961,-118.263495,2.28,64.48,75,2026-09-02T00:56:20.247341,"{""event_id"": ""IOT-0001302"", ""temp"": 2.2762624597100496, ""lat"": 36.23596078791836, ""lon"": -118.26349498037499}"
IOT-0001303,SHP-000254,DEV-421,33.653314,121.946040,5.51,47.84,30,2026-08-30T02:53:20.247341,"{""event_id"": ""IOT-0001303"", ""temp"": 5.505852004442385, ""lat"": 33.65331382093218, ""lon"": 121.94604049253888}"
IOT-0001304,SHP-000348,DEV-786,2.180793,103.321879,4.42,43.31,86,2026-09-01T14:04:20.247341,"{""event_id"": ""IOT-0001304"", ""temp"": 4.417032815265337, ""lat"": 2.1807932230220572, ""lon"": 103.32187929721557}"
IOT-0001305,SHP-000238,DEV-806,36.572523,137.880642,5.22,61.51,72,2026-08-29T14:22:20.247341,"{""event_id"": ""IOT-0001305"", ""temp"": 5.217893126915583, ""lat"": 36.57252339442824, ""lon"": 137.88064221697942}"
IOT-0001306,SHP-000348,DEV-579,27.545045,55.684761,3.95,72.47,88,2026-09-01T12:05:20.247341,"{""event_id"": ""IOT-0001306"", ""temp"": 3.947679545405137, ""lat"": 27.545045077276985, ""lon"": 55.68476099200946}"
IOT-0001307,SHP-000333,DEV-310,51.681295,6.174707,5.03,48.18,70,2026-08-30T23:46:20.247341,"{""event_id"": ""IOT-0001307"", ""temp"": 5.02931555569257, ""lat"": 51.68129480132866, ""lon"": 6.174707183481347}"
IOT-0001308,SHP-000255,DEV-278,26.809054,55.194878,4.59,47.56,87,2026-08-28T21:52:20.247341,"{""event_id"": ""IOT-0001308"", ""temp"": 4.59481404312402, ""lat"": 26.80905422724229, ""lon"": 55.194877878457326}"
IOT-0001309,SHP-000087,DEV-456,27.263569,52.864569,2.45,58.36,80,2026-08-31T04:22:20.247341,"{""event_id"": ""IOT-0001309"", ""temp"": 2.449353783595583, ""lat"": 27.26356871114323, ""lon"": 52.864569151458475}"
IOT-0001310,SHP-000314,DEV-137,51.144931,5.877351,4.83,41.05,57,2026-08-28T23:14:20.247341,"{""event_id"": ""IOT-0001310"", ""temp"": 4.827251472333009, ""lat"": 51.144930789795666, ""lon"": 5.877351363543648}"
IOT-0001311,SHP-000436,DEV-755,37.952668,137.747905,3.65,46.23,56,2026-09-02T00:32:20.247341,"{""event_id"": ""IOT-0001311"", ""temp"": 3.6507024274677544, ""lat"": 37.95266795535556, ""lon"": 137.74790486166017}"
IOT-0001312,SHP-000434,DEV-878,54.645659,10.875618,3.61,45.91,52,2026-08-31T17:03:20.247341,"{""event_id"": ""IOT-0001312"", ""temp"": 3.6121127884080053, ""lat"": 54.645659108024915, ""lon"": 10.875618028467777}"
IOT-0001313,SHP-000114,DEV-526,-23.759792,-48.055787,12.55,41.85,83,2026-08-29T15:37:20.247341,"{""event_id"": ""IOT-0001313"", ""temp"": 12.549248172726841, ""lat"": -23.759791641512816, ""lon"": -48.05578660274377}"
IOT-0001314,SHP-000009,DEV-462,34.809359,140.307916,3.64,64.40,32,2026-09-01T06:15:20.247341,"{""event_id"": ""IOT-0001314"", ""temp"": 3.639684302898808, ""lat"": 34.80935894622372, ""lon"": 140.3079157613853}"
IOT-0001315,SHP-000400,DEV-215,54.594136,11.375412,2.16,51.80,20,2026-08-31T14:14:20.247341,"{""event_id"": ""IOT-0001315"", ""temp"": 2.1555850072062093, ""lat"": 54.594135938424365, ""lon"": 11.37541165650281}"
IOT-0001316,SHP-000474,DEV-414,36.778301,140.437970,4.27,54.68,51,2026-08-30T23:49:20.247341,"{""event_id"": ""IOT-0001316"", ""temp"": 4.2664441576657115, ""lat"": 36.778300778959306, ""lon"": 140.4379696899806}"
IOT-0001317,SHP-000430,DEV-693,-0.397176,104.137348,3.93,61.86,47,2026-08-28T03:13:20.247341,"{""event_id"": ""IOT-0001317"", ""temp"": 3.9325168321554473, ""lat"": -0.39717620603644965, ""lon"": 104.13734752911171}"
IOT-0001318,SHP-000207,DEV-369,54.089943,8.752821,3.06,58.42,80,2026-08-28T21:04:20.247341,"{""event_id"": ""IOT-0001318"", ""temp"": 3.056955435081033, ""lat"": 54.0899426075451, ""lon"": 8.752820573084898}"
IOT-0001319,SHP-000197,DEV-401,31.968184,120.581642,3.51,64.57,52,2026-08-31T10:44:20.247341,"{""event_id"": ""IOT-0001319"", ""temp"": 3.514681603547177, ""lat"": 31.96818393027818, ""lon"": 120.58164153072777}"
IOT-0001320,SHP-000255,DEV-589,53.759589,3.751666,6.19,51.30,35,2026-08-29T05:17:20.247341,"{""event_id"": ""IOT-0001320"", ""temp"": 6.190922796823249, ""lat"": 53.7595885699406, ""lon"": 3.7516663922164772}"
IOT-0001321,SHP-000135,DEV-787,37.150930,137.402525,2.25,62.97,30,2026-08-31T19:26:20.247341,"{""event_id"": ""IOT-0001321"", ""temp"": 2.251066174524359, ""lat"": 37.15092978043599, ""lon"": 137.40252477915504}"
IOT-0001322,SHP-000486,DEV-558,27.355332,54.362054,3.10,44.60,28,2026-09-01T13:39:20.247341,"{""event_id"": ""IOT-0001322"", ""temp"": 3.1030317596134207, ""lat"": 27.355331512648657, ""lon"": 54.362054246411454}"
IOT-0001323,SHP-000415,DEV-793,35.290232,-119.377122,3.30,62.50,41,2026-08-30T19:29:20.247341,"{""event_id"": ""IOT-0001323"", ""temp"": 3.3045425980770435, ""lat"": 35.29023201216863, ""lon"": -119.37712210656676}"
IOT-0001324,SHP-000182,DEV-301,-22.355167,-47.709952,4.75,40.74,28,2026-08-31T03:56:20.247341,"{""event_id"": ""IOT-0001324"", ""temp"": 4.751616858312422, ""lat"": -22.3551668499047, ""lon"": -47.7099521091963}"
IOT-0001325,SHP-000159,DEV-472,-22.139113,-45.353280,6.22,61.75,69,2026-08-30T23:32:20.247341,"{""event_id"": ""IOT-0001325"", ""temp"": 6.218745926692064, ""lat"": -22.139112519569014, ""lon"": -45.3532796476754}"
IOT-0001326,SHP-000128,DEV-771,40.937098,-89.578077,5.64,54.21,59,2026-08-30T10:26:20.247341,"{""event_id"": ""IOT-0001326"", ""temp"": 5.64284575718889, ""lat"": 40.93709813064363, ""lon"": -89.57807743239998}"
IOT-0001327,SHP-000397,DEV-329,35.720902,140.506657,6.49,43.95,71,2026-08-31T14:03:20.247341,"{""event_id"": ""IOT-0001327"", ""temp"": 6.490222526815401, ""lat"": 35.720902057973014, ""lon"": 140.50665700709754}"
IOT-0001328,SHP-000347,DEV-371,-24.556254,-43.847418,15.45,44.59,74,2026-08-29T19:32:20.247341,"{""event_id"": ""IOT-0001328"", ""temp"": 15.450541244484075, ""lat"": -24.556254195313034, ""lon"": -43.847418308946715}"
IOT-0001329,SHP-000346,DEV-477,-25.822080,-48.797848,5.49,70.47,91,2026-08-29T05:59:20.247341,"{""event_id"": ""IOT-0001329"", ""temp"": 5.4946905291262595, ""lat"": -25.822080045849532, ""lon"": -48.79784840215097}"
IOT-0001330,SHP-000427,DEV-536,54.383052,12.444216,3.01,66.96,54,2026-08-31T10:33:20.247341,"{""event_id"": ""IOT-0001330"", ""temp"": 3.0090169872276484, ""lat"": 54.3830522757202, ""lon"": 12.444215946905938}"
IOT-0001331,SHP-000344,DEV-696,36.310381,137.193155,2.13,49.85,92,2026-08-31T23:48:20.247341,"{""event_id"": ""IOT-0001331"", ""temp"": 2.126998986724735, ""lat"": 36.31038052137556, ""lon"": 137.19315501571288}"
IOT-0001332,SHP-000274,DEV-328,-25.673451,-48.248064,3.80,57.17,90,2026-08-30T23:19:20.247341,"{""event_id"": ""IOT-0001332"", ""temp"": 3.798523281511237, ""lat"": -25.67345147399897, ""lon"": -48.24806433883728}"
IOT-0001333,SHP-000328,DEV-150,27.543993,55.549103,3.42,50.82,63,2026-09-02T02:15:20.247341,"{""event_id"": ""IOT-0001333"", ""temp"": 3.416082142061441, ""lat"": 27.54399305911526, ""lon"": 55.54910320493954}"
IOT-0001334,SHP-000102,DEV-100,55.865885,8.819634,5.02,58.15,85,2026-09-01T15:25:20.247341,"{""event_id"": ""IOT-0001334"", ""temp"": 5.017627653849491, ""lat"": 55.865884831023564, ""lon"": 8.8196342403771}"
IOT-0001335,SHP-000313,DEV-198,35.887630,-119.609333,3.82,58.31,16,2026-08-31T12:33:20.247341,"{""event_id"": ""IOT-0001335"", ""temp"": 3.8209821261061885, ""lat"": 35.88762972637762, ""lon"": -119.60933291406737}"
IOT-0001336,SHP-000412,DEV-443,30.351812,123.335615,5.46,53.15,88,2026-08-30T03:18:20.247341,"{""event_id"": ""IOT-0001336"", ""temp"": 5.462037900827155, ""lat"": 30.351812095220332, ""lon"": 123.3356149758796}"
IOT-0001337,SHP-000242,DEV-882,36.433947,-117.665251,13.02,49.34,25,2026-08-28T16:34:20.247341,"{""event_id"": ""IOT-0001337"", ""temp"": 13.017328830248442, ""lat"": 36.433946536281326, ""lon"": -117.66525092936787}"
IOT-0001338,SHP-000149,DEV-555,40.382420,-89.945925,5.95,46.70,16,2026-08-29T01:48:20.247341,"{""event_id"": ""IOT-0001338"", ""temp"": 5.951698069842783, ""lat"": 40.38242036133489, ""lon"": -89.94592469829239}"
IOT-0001339,SHP-000203,DEV-414,32.799309,119.798330,2.44,41.57,30,2026-08-29T12:59:20.247341,"{""event_id"": ""IOT-0001339"", ""temp"": 2.436919709972617, ""lat"": 32.799309135222686, ""lon"": 119.79832985929319}"
IOT-0001340,SHP-000444,DEV-810,-32.289040,152.600714,3.97,74.15,43,2026-08-30T15:19:20.247341,"{""event_id"": ""IOT-0001340"", ""temp"": 3.9731467747783276, ""lat"": -32.2890397152562, ""lon"": 152.6007139615473}"
IOT-0001341,SHP-000123,DEV-386,-25.177532,-46.498064,2.32,60.04,32,2026-08-28T13:46:20.247341,"{""event_id"": ""IOT-0001341"", ""temp"": 2.3198557525662005, ""lat"": -25.177531911030094, ""lon"": -46.4980638743567}"
IOT-0001342,SHP-000382,DEV-521,34.421570,-117.312962,2.73,58.54,24,2026-08-30T07:41:20.247341,"{""event_id"": ""IOT-0001342"", ""temp"": 2.7272132780531493, ""lat"": 34.421570487606, ""lon"": -117.31296166234475}"
IOT-0001343,SHP-000442,DEV-384,53.577452,4.028682,15.66,54.33,37,2026-09-02T00:24:20.247341,"{""event_id"": ""IOT-0001343"", ""temp"": 15.657038851376512, ""lat"": 53.57745217371118, ""lon"": 4.028681877353099}"
IOT-0001344,SHP-000437,DEV-298,32.239940,-118.506509,3.99,64.29,44,2026-08-29T21:20:20.247341,"{""event_id"": ""IOT-0001344"", ""temp"": 3.9882594367730637, ""lat"": 32.239939648533, ""lon"": -118.50650903967643}"
IOT-0001345,SHP-000086,DEV-355,40.771589,-85.363221,2.29,73.86,32,2026-09-01T08:45:20.247341,"{""event_id"": ""IOT-0001345"", ""temp"": 2.285812410871077, ""lat"": 40.77158888104855, ""lon"": -85.36322091502308}"
IOT-0001346,SHP-000290,DEV-952,41.040150,-87.929540,5.17,40.85,65,2026-08-28T11:57:20.247341,"{""event_id"": ""IOT-0001346"", ""temp"": 5.173906958472898, ""lat"": 41.040150358572625, ""lon"": -87.92954006393961}"
IOT-0001347,SHP-000328,DEV-345,-33.834570,150.330601,3.41,57.72,48,2026-08-31T20:43:20.247341,"{""event_id"": ""IOT-0001347"", ""temp"": 3.413609408297937, ""lat"": -33.834569746421145, ""lon"": 150.3306008988656}"
IOT-0001348,SHP-000141,DEV-366,2.258807,103.712814,2.48,42.48,72,2026-08-30T20:10:20.247341,"{""event_id"": ""IOT-0001348"", ""temp"": 2.4751748978254127, ""lat"": 2.2588069566595537, ""lon"": 103.71281366035367}"
IOT-0001349,SHP-000146,DEV-534,27.385943,55.770129,5.44,47.57,27,2026-08-30T22:28:20.247341,"{""event_id"": ""IOT-0001349"", ""temp"": 5.442495206508958, ""lat"": 27.385942876106487, ""lon"": 55.77012902424118}"
IOT-0001350,SHP-000335,DEV-659,54.069903,4.668794,5.21,67.24,43,2026-08-31T07:21:20.247341,"{""event_id"": ""IOT-0001350"", ""temp"": 5.210561831872676, ""lat"": 54.06990344273093, ""lon"": 4.668794466079482}"
IOT-0001351,SHP-000344,DEV-184,0.635819,101.931941,2.44,45.38,87,2026-08-31T11:42:20.247341,"{""event_id"": ""IOT-0001351"", ""temp"": 2.440676041072448, ""lat"": 0.6358192248048589, ""lon"": 101.93194124135776}"
IOT-0001352,SHP-000246,DEV-383,40.187022,-88.062750,5.87,61.35,56,2026-08-31T18:32:20.247341,"{""event_id"": ""IOT-0001352"", ""temp"": 5.874859271914874, ""lat"": 40.187022128322354, ""lon"": -88.06275029557666}"
IOT-0001353,SHP-000311,DEV-160,-23.310006,-45.334038,4.39,73.34,81,2026-09-01T05:22:20.247341,"{""event_id"": ""IOT-0001353"", ""temp"": 4.393058477027421, ""lat"": -23.310005821108952, ""lon"": -45.334038409440936}"
IOT-0001354,SHP-000067,DEV-197,-25.474731,-44.023653,3.19,62.95,40,2026-08-30T06:52:20.247341,"{""event_id"": ""IOT-0001354"", ""temp"": 3.194231946911685, ""lat"": -25.474731331235887, ""lon"": -44.02365292622977}"
IOT-0001355,SHP-000103,DEV-393,41.372043,-85.891900,5.76,74.10,18,2026-09-01T07:37:20.247341,"{""event_id"": ""IOT-0001355"", ""temp"": 5.76269611718337, ""lat"": 41.37204251844957, ""lon"": -85.89189983828076}"
IOT-0001356,SHP-000471,DEV-301,51.687573,3.090628,2.22,44.93,31,2026-08-30T03:29:20.247341,"{""event_id"": ""IOT-0001356"", ""temp"": 2.2219846566857604, ""lat"": 51.68757337670301, ""lon"": 3.090628396415218}"
IOT-0001357,SHP-000435,DEV-264,-33.979951,151.005812,5.73,68.25,66,2026-08-29T22:20:20.247341,"{""event_id"": ""IOT-0001357"", ""temp"": 5.726669175113914, ""lat"": -33.97995128370206, ""lon"": 151.00581173872368}"
IOT-0001358,SHP-000107,DEV-288,41.196301,-88.605313,3.57,65.34,88,2026-08-29T21:57:20.247341,"{""event_id"": ""IOT-0001358"", ""temp"": 3.5704023382397256, ""lat"": 41.19630067516357, ""lon"": -88.60531324240091}"
IOT-0001359,SHP-000208,DEV-157,51.577692,11.352112,11.95,65.04,85,2026-08-30T07:13:20.247341,"{""event_id"": ""IOT-0001359"", ""temp"": 11.949844298752014, ""lat"": 51.57769158381968, ""lon"": 11.352111953445466}"
IOT-0001360,SHP-000246,DEV-178,-25.684810,-47.372961,3.68,43.88,45,2026-09-01T03:38:20.247341,"{""event_id"": ""IOT-0001360"", ""temp"": 3.6839204650456123, ""lat"": -25.68481012575341, ""lon"": -47.37296072590915}"
IOT-0001361,SHP-000069,DEV-645,31.902480,-116.558753,3.38,49.05,84,2026-08-30T22:32:20.247341,"{""event_id"": ""IOT-0001361"", ""temp"": 3.380252877664958, ""lat"": 31.902480170402978, ""lon"": -116.55875328841978}"
IOT-0001362,SHP-000212,DEV-569,-23.289932,-45.533265,2.53,41.53,24,2026-08-31T07:14:20.247341,"{""event_id"": ""IOT-0001362"", ""temp"": 2.5324437852780974, ""lat"": -23.28993235831186, ""lon"": -45.533264992637065}"
IOT-0001363,SHP-000175,DEV-152,37.327426,141.651041,14.00,41.70,23,2026-08-31T15:36:20.247341,"{""event_id"": ""IOT-0001363"", ""temp"": 13.999481909302766, ""lat"": 37.32742565631143, ""lon"": 141.65104091256245}"
IOT-0001364,SHP-000026,DEV-685,-21.803525,-48.592851,14.18,47.21,17,2026-09-01T10:24:20.247341,"{""event_id"": ""IOT-0001364"", ""temp"": 14.178247679380515, ""lat"": -21.803524659148117, ""lon"": -48.5928513625408}"
IOT-0001365,SHP-000011,DEV-797,-34.587963,149.976892,5.96,72.09,99,2026-08-30T15:39:20.247341,"{""event_id"": ""IOT-0001365"", ""temp"": 5.959315587092473, ""lat"": -34.587962901122545, ""lon"": 149.97689244573633}"
IOT-0001366,SHP-000129,DEV-277,35.960246,141.420857,2.68,56.38,86,2026-08-29T06:22:20.247341,"{""event_id"": ""IOT-0001366"", ""temp"": 2.675973645277529, ""lat"": 35.96024609010731, ""lon"": 141.42085708104378}"
IOT-0001367,SHP-000455,DEV-274,33.732395,-115.947599,2.37,56.56,17,2026-09-01T03:39:20.247341,"{""event_id"": ""IOT-0001367"", ""temp"": 2.367276314854091, ""lat"": 33.73239460501835, ""lon"": -115.94759905893095}"
IOT-0001368,SHP-000264,DEV-595,23.416678,56.695933,5.27,54.77,34,2026-09-01T03:51:20.247341,"{""event_id"": ""IOT-0001368"", ""temp"": 5.271468692766759, ""lat"": 23.41667838046274, ""lon"": 56.6959327638162}"
IOT-0001369,SHP-000427,DEV-828,41.135622,-88.603605,4.85,43.74,20,2026-08-31T02:55:20.247341,"{""event_id"": ""IOT-0001369"", ""temp"": 4.8544183532361505, ""lat"": 41.1356219813443, ""lon"": -88.60360519776873}"
IOT-0001370,SHP-000262,DEV-608,-32.681847,150.023591,3.36,57.31,25,2026-08-29T00:48:20.247341,"{""event_id"": ""IOT-0001370"", ""temp"": 3.3589682605447155, ""lat"": -32.68184714333019, ""lon"": 150.02359101247734}"
IOT-0001371,SHP-000171,DEV-604,-34.277034,149.732363,5.33,57.19,26,2026-08-29T06:29:20.247341,"{""event_id"": ""IOT-0001371"", ""temp"": 5.3255675185440845, ""lat"": -34.27703368207312, ""lon"": 149.7323626991376}"
IOT-0001372,SHP-000082,DEV-505,-22.355097,-44.309217,5.03,43.62,31,2026-08-28T21:27:20.247341,"{""event_id"": ""IOT-0001372"", ""temp"": 5.030649390735862, ""lat"": -22.35509725514622, ""lon"": -44.30921665171481}"
IOT-0001373,SHP-000109,DEV-157,33.732132,-118.503737,4.22,73.99,48,2026-08-31T23:38:20.247341,"{""event_id"": ""IOT-0001373"", ""temp"": 4.219691723977267, ""lat"": 33.73213247872357, ""lon"": -118.50373700257255}"
IOT-0001374,SHP-000189,DEV-156,53.216365,12.423450,2.07,43.38,92,2026-08-30T23:04:20.247341,"{""event_id"": ""IOT-0001374"", ""temp"": 2.0658432985861626, ""lat"": 53.216364564803946, ""lon"": 12.423449621109505}"
IOT-0001375,SHP-000031,DEV-859,50.461602,3.832317,2.69,54.52,66,2026-08-29T06:42:20.247341,"{""event_id"": ""IOT-0001375"", ""temp"": 2.6934717271049102, ""lat"": 50.461602117644155, ""lon"": 3.832316869450173}"
IOT-0001376,SHP-000419,DEV-269,28.977173,119.207114,4.60,65.67,54,2026-09-01T04:57:20.247341,"{""event_id"": ""IOT-0001376"", ""temp"": 4.603896859696422, ""lat"": 28.97717323149606, ""lon"": 119.20711396457686}"
IOT-0001377,SHP-000386,DEV-130,2.085918,105.811405,2.71,43.66,73,2026-08-29T02:36:20.247341,"{""event_id"": ""IOT-0001377"", ""temp"": 2.708873287254022, ""lat"": 2.0859175969630064, ""lon"": 105.81140483353012}"
IOT-0001378,SHP-000489,DEV-618,-22.557336,-44.981032,3.03,61.08,28,2026-08-30T05:53:20.247341,"{""event_id"": ""IOT-0001378"", ""temp"": 3.02613676147442, ""lat"": -22.557335704792806, ""lon"": -44.98103189427902}"
IOT-0001379,SHP-000195,DEV-998,-22.359020,-44.937119,3.90,66.38,90,2026-08-31T09:12:20.247341,"{""event_id"": ""IOT-0001379"", ""temp"": 3.904877003549947, ""lat"": -22.359020028169954, ""lon"": -44.93711943095306}"
IOT-0001380,SHP-000468,DEV-713,34.987889,-116.480585,4.77,54.13,28,2026-09-02T00:54:20.247341,"{""event_id"": ""IOT-0001380"", ""temp"": 4.7677624623800945, ""lat"": 34.98788877026199, ""lon"": -116.48058543676527}"
IOT-0001381,SHP-000297,DEV-968,50.406321,2.316320,4.30,49.44,55,2026-08-28T03:19:20.247341,"{""event_id"": ""IOT-0001381"", ""temp"": 4.2979987106020445, ""lat"": 50.40632096165882, ""lon"": 2.3163201373297184}"
IOT-0001382,SHP-000081,DEV-733,-25.117949,-45.655616,2.86,44.63,82,2026-08-30T04:36:20.247341,"{""event_id"": ""IOT-0001382"", ""temp"": 2.8556835498144357, ""lat"": -25.117948590478758, ""lon"": -45.65561582384019}"
IOT-0001383,SHP-000232,DEV-425,0.592092,102.745840,3.15,40.04,53,2026-08-30T23:25:20.247341,"{""event_id"": ""IOT-0001383"", ""temp"": 3.151375726069305, ""lat"": 0.5920922280595056, ""lon"": 102.74583975940848}"
IOT-0001384,SHP-000469,DEV-485,52.279728,11.100635,2.97,73.53,44,2026-08-31T07:31:20.247341,"{""event_id"": ""IOT-0001384"", ""temp"": 2.9670490488819876, ""lat"": 52.27972757574057, ""lon"": 11.100635437183131}"
IOT-0001385,SHP-000053,DEV-596,52.691411,12.034115,4.98,61.18,48,2026-08-31T23:42:20.247341,"{""event_id"": ""IOT-0001385"", ""temp"": 4.979838471612324, ""lat"": 52.69141143900386, ""lon"": 12.034114516894004}"
IOT-0001386,SHP-000238,DEV-333,52.106959,2.630453,5.88,58.13,62,2026-08-30T05:06:20.247341,"{""event_id"": ""IOT-0001386"", ""temp"": 5.88172183915366, ""lat"": 52.10695935940494, ""lon"": 2.630453291135166}"
IOT-0001387,SHP-000204,DEV-268,50.845107,2.250187,2.80,52.38,44,2026-08-31T17:25:20.247341,"{""event_id"": ""IOT-0001387"", ""temp"": 2.7965603401333565, ""lat"": 50.84510702614315, ""lon"": 2.250186874150055}"
IOT-0001388,SHP-000435,DEV-888,33.338183,137.164196,5.96,40.92,48,2026-08-29T07:45:20.247341,"{""event_id"": ""IOT-0001388"", ""temp"": 5.958521954605111, ""lat"": 33.33818330406149, ""lon"": 137.16419591626016}"
IOT-0001389,SHP-000054,DEV-949,53.081671,3.825685,14.58,43.44,87,2026-08-30T00:41:20.247341,"{""event_id"": ""IOT-0001389"", ""temp"": 14.580532974223566, ""lat"": 53.081670862304904, ""lon"": 3.8256846689144064}"
IOT-0001390,SHP-000058,DEV-167,-24.413211,-46.336375,4.08,65.45,94,2026-08-29T12:55:20.247341,"{""event_id"": ""IOT-0001390"", ""temp"": 4.082349536365192, ""lat"": -24.41321081291189, ""lon"": -46.33637458280636}"
IOT-0001391,SHP-000296,DEV-367,39.414253,-86.668047,5.83,62.48,56,2026-09-01T13:09:20.247341,"{""event_id"": ""IOT-0001391"", ""temp"": 5.832492060195761, ""lat"": 39.41425257097288, ""lon"": -86.66804715262403}"
IOT-0001392,SHP-000180,DEV-995,-32.609348,153.040655,3.30,42.15,90,2026-08-31T05:46:20.247341,"{""event_id"": ""IOT-0001392"", ""temp"": 3.296141878443297, ""lat"": -32.60934783399432, ""lon"": 153.04065536511345}"
IOT-0001393,SHP-000439,DEV-786,-0.365259,103.283663,4.21,67.59,89,2026-08-30T19:23:20.247341,"{""event_id"": ""IOT-0001393"", ""temp"": 4.207468217838003, ""lat"": -0.36525924107943797, ""lon"": 103.28366263716858}"
IOT-0001394,SHP-000430,DEV-724,32.347049,-118.385590,5.36,40.69,45,2026-08-29T21:42:20.247341,"{""event_id"": ""IOT-0001394"", ""temp"": 5.35828985911422, ""lat"": 32.34704905342145, ""lon"": -118.385589728935}"
IOT-0001395,SHP-000053,DEV-122,3.528781,103.285755,2.48,64.74,22,2026-08-30T00:18:20.247341,"{""event_id"": ""IOT-0001395"", ""temp"": 2.479177509613931, ""lat"": 3.528780800741986, ""lon"": 103.28575480148116}"
IOT-0001396,SHP-000002,DEV-225,29.446126,122.354707,5.62,40.88,71,2026-08-29T13:27:20.247341,"{""event_id"": ""IOT-0001396"", ""temp"": 5.624064704402388, ""lat"": 29.446126277042925, ""lon"": 122.35470709355891}"
IOT-0001397,SHP-000272,DEV-573,34.777328,-117.212143,2.27,46.52,46,2026-08-31T15:50:20.247341,"{""event_id"": ""IOT-0001397"", ""temp"": 2.27338233671609, ""lat"": 34.77732836235556, ""lon"": -117.21214304058155}"
IOT-0001398,SHP-000430,DEV-685,31.492752,123.967269,6.49,42.81,36,2026-08-31T08:13:20.247341,"{""event_id"": ""IOT-0001398"", ""temp"": 6.493924054390077, ""lat"": 31.492752114725466, ""lon"": 123.96726858478041}"
IOT-0001399,SHP-000485,DEV-751,43.443474,-89.834595,3.02,65.58,96,2026-08-30T23:49:20.247341,"{""event_id"": ""IOT-0001399"", ""temp"": 3.0228373380972258, ""lat"": 43.443473592716586, ""lon"": -89.83459465287572}"
IOT-0001400,SHP-000365,DEV-334,30.267348,121.371500,5.35,62.38,56,2026-08-30T01:45:20.247341,"{""event_id"": ""IOT-0001400"", ""temp"": 5.347230703822055, ""lat"": 30.267347945032313, ""lon"": 121.37150027546575}"
IOT-0001401,SHP-000356,DEV-944,0.699060,104.860670,2.05,45.13,17,2026-09-01T09:12:20.247341,"{""event_id"": ""IOT-0001401"", ""temp"": 2.0520050523403683, ""lat"": 0.6990599549590426, ""lon"": 104.86067009400924}"
IOT-0001402,SHP-000113,DEV-859,53.231275,2.381965,2.34,73.04,56,2026-08-29T14:21:20.247341,"{""event_id"": ""IOT-0001402"", ""temp"": 2.339228431261606, ""lat"": 53.231275144486204, ""lon"": 2.381964646884774}"
IOT-0001403,SHP-000156,DEV-392,52.216539,6.932401,2.45,63.12,41,2026-08-29T21:52:20.247341,"{""event_id"": ""IOT-0001403"", ""temp"": 2.4524047091845778, ""lat"": 52.21653895132992, ""lon"": 6.93240140232646}"
IOT-0001404,SHP-000170,DEV-887,-25.339802,-48.199578,6.31,70.63,44,2026-08-31T19:45:20.247341,"{""event_id"": ""IOT-0001404"", ""temp"": 6.311845007625071, ""lat"": -25.33980226825481, ""lon"": -48.19957798264419}"
IOT-0001405,SHP-000158,DEV-701,52.920739,2.499800,4.37,60.87,64,2026-08-31T08:32:20.247341,"{""event_id"": ""IOT-0001405"", ""temp"": 4.368606437853238, ""lat"": 52.92073856336898, ""lon"": 2.4997998500047816}"
IOT-0001406,SHP-000437,DEV-489,1.084748,105.677126,5.05,64.37,80,2026-09-01T03:46:20.247341,"{""event_id"": ""IOT-0001406"", ""temp"": 5.0498790529578095, ""lat"": 1.0847477095957014, ""lon"": 105.6771260875926}"
IOT-0001407,SHP-000007,DEV-207,37.021844,139.140621,5.87,67.63,45,2026-08-30T21:38:20.247341,"{""event_id"": ""IOT-0001407"", ""temp"": 5.867540150733897, ""lat"": 37.02184406179096, ""lon"": 139.1406211403903}"
IOT-0001408,SHP-000307,DEV-556,36.687714,140.940391,6.50,72.20,85,2026-08-31T20:59:20.247341,"{""event_id"": ""IOT-0001408"", ""temp"": 6.495638329089288, ""lat"": 36.687714289654586, ""lon"": 140.9403907098642}"
IOT-0001409,SHP-000062,DEV-379,40.687873,-87.775704,4.24,71.47,40,2026-08-30T15:14:20.247341,"{""event_id"": ""IOT-0001409"", ""temp"": 4.237349110848005, ""lat"": 40.68787307861871, ""lon"": -87.7757035520152}"
IOT-0001410,SHP-000493,DEV-868,29.494254,119.944615,2.01,54.10,27,2026-08-30T01:22:20.247341,"{""event_id"": ""IOT-0001410"", ""temp"": 2.005301316318549, ""lat"": 29.494254450420954, ""lon"": 119.944614504612}"
IOT-0001411,SHP-000141,DEV-278,26.381068,55.571945,2.64,73.39,55,2026-08-30T15:31:20.247341,"{""event_id"": ""IOT-0001411"", ""temp"": 2.6388718064387553, ""lat"": 26.38106784071247, ""lon"": 55.571944950681896}"
IOT-0001412,SHP-000423,DEV-614,50.293654,6.712508,2.82,67.43,44,2026-09-01T01:47:20.247341,"{""event_id"": ""IOT-0001412"", ""temp"": 2.817014045368871, ""lat"": 50.29365357363744, ""lon"": 6.712507778702908}"
IOT-0001413,SHP-000302,DEV-618,33.775933,-117.167478,2.88,41.60,58,2026-08-29T21:36:20.247341,"{""event_id"": ""IOT-0001413"", ""temp"": 2.8834065948532204, ""lat"": 33.77593330286466, ""lon"": -117.16747841525492}"
IOT-0001414,SHP-000396,DEV-396,41.158167,-88.651055,3.77,59.80,16,2026-09-01T06:38:20.247341,"{""event_id"": ""IOT-0001414"", ""temp"": 3.7743648106129175, ""lat"": 41.158166953491545, ""lon"": -88.65105465559988}"
IOT-0001415,SHP-000346,DEV-969,29.568651,119.120700,3.79,68.87,94,2026-08-28T21:18:20.247341,"{""event_id"": ""IOT-0001415"", ""temp"": 3.7919976024508513, ""lat"": 29.568651491793414, ""lon"": 119.12069964368364}"
IOT-0001416,SHP-000357,DEV-410,34.220514,138.373176,3.33,72.04,50,2026-08-29T15:27:20.247341,"{""event_id"": ""IOT-0001416"", ""temp"": 3.3335216881945335, ""lat"": 34.220513824478616, ""lon"": 138.37317648432798}"
IOT-0001417,SHP-000338,DEV-493,-31.893485,151.080855,3.11,71.70,41,2026-08-30T15:25:20.247341,"{""event_id"": ""IOT-0001417"", ""temp"": 3.113535297714239, ""lat"": -31.893484837021465, ""lon"": 151.08085468763042}"
IOT-0001418,SHP-000457,DEV-579,32.294414,120.739775,3.09,58.15,46,2026-08-31T21:33:20.247341,"{""event_id"": ""IOT-0001418"", ""temp"": 3.0852359248865255, ""lat"": 32.294413920711804, ""lon"": 120.7397748380163}"
IOT-0001419,SHP-000335,DEV-266,26.601378,53.635797,5.36,47.66,60,2026-08-29T09:15:20.247341,"{""event_id"": ""IOT-0001419"", ""temp"": 5.3612298742008155, ""lat"": 26.601378088765042, ""lon"": 53.635796967471954}"
IOT-0001420,SHP-000409,DEV-258,-0.718322,104.192604,4.35,57.86,61,2026-08-31T09:53:20.247341,"{""event_id"": ""IOT-0001420"", ""temp"": 4.350917334420219, ""lat"": -0.7183215609353, ""lon"": 104.19260416208299}"
IOT-0001421,SHP-000008,DEV-685,3.055295,104.940599,17.47,67.69,49,2026-08-30T18:55:20.247341,"{""event_id"": ""IOT-0001421"", ""temp"": 17.466131233164596, ""lat"": 3.0552954743311265, ""lon"": 104.94059890497539}"
IOT-0001422,SHP-000125,DEV-673,-33.575496,151.383202,5.95,67.20,79,2026-08-30T17:57:20.247341,"{""event_id"": ""IOT-0001422"", ""temp"": 5.95359597765026, ""lat"": -33.575495701530336, ""lon"": 151.38320235827248}"
IOT-0001423,SHP-000049,DEV-447,29.102839,121.610682,3.33,72.14,87,2026-08-31T08:43:20.247341,"{""event_id"": ""IOT-0001423"", ""temp"": 3.3291248945287646, ""lat"": 29.102838664854367, ""lon"": 121.61068212932913}"
IOT-0001424,SHP-000493,DEV-518,29.820246,120.247391,6.18,54.29,50,2026-08-30T02:53:20.247341,"{""event_id"": ""IOT-0001424"", ""temp"": 6.182167739281325, ""lat"": 29.820246051572514, ""lon"": 120.24739104536981}"
IOT-0001425,SHP-000039,DEV-633,53.771017,3.795630,6.37,72.65,38,2026-08-29T08:52:20.247341,"{""event_id"": ""IOT-0001425"", ""temp"": 6.365781064102139, ""lat"": 53.77101654003147, ""lon"": 3.79562995477428}"
IOT-0001426,SHP-000030,DEV-594,34.466437,140.141851,3.24,70.91,40,2026-09-02T02:32:20.247341,"{""event_id"": ""IOT-0001426"", ""temp"": 3.2411796588218045, ""lat"": 34.46643727305597, ""lon"": 140.14185144922223}"
IOT-0001427,SHP-000299,DEV-916,-33.792719,148.818781,4.56,48.66,52,2026-08-29T19:45:20.247341,"{""event_id"": ""IOT-0001427"", ""temp"": 4.56369840814167, ""lat"": -33.79271922586851, ""lon"": 148.8187811989074}"
IOT-0001428,SHP-000094,DEV-275,-26.045750,-44.618401,4.82,49.00,84,2026-08-29T09:42:20.247341,"{""event_id"": ""IOT-0001428"", ""temp"": 4.820506710658671, ""lat"": -26.04575031639915, ""lon"": -44.61840147868177}"
IOT-0001429,SHP-000246,DEV-177,-21.900968,-44.663204,5.90,43.95,89,2026-08-31T20:29:20.247341,"{""event_id"": ""IOT-0001429"", ""temp"": 5.895654855852934, ""lat"": -21.900967850879056, ""lon"": -44.66320373400684}"
IOT-0001430,SHP-000186,DEV-397,54.361951,9.696649,3.55,44.01,43,2026-08-30T06:56:20.247341,"{""event_id"": ""IOT-0001430"", ""temp"": 3.547504646900718, ""lat"": 54.361951255505375, ""lon"": 9.696649319067806}"
IOT-0001431,SHP-000202,DEV-530,-24.792685,-48.704426,5.78,41.28,19,2026-08-28T17:56:20.247341,"{""event_id"": ""IOT-0001431"", ""temp"": 5.78405317985944, ""lat"": -24.792684995056664, ""lon"": -48.70442637131514}"
IOT-0001432,SHP-000356,DEV-539,23.493488,54.184961,4.22,67.65,88,2026-09-01T17:10:20.247341,"{""event_id"": ""IOT-0001432"", ""temp"": 4.216180947484606, ""lat"": 23.493488406574972, ""lon"": 54.184960561550696}"
IOT-0001433,SHP-000468,DEV-583,32.993172,122.263377,3.87,59.68,98,2026-09-01T21:03:20.247341,"{""event_id"": ""IOT-0001433"", ""temp"": 3.874737066330393, ""lat"": 32.99317168611826, ""lon"": 122.26337689568454}"
IOT-0001434,SHP-000001,DEV-428,50.152829,2.969922,3.56,74.92,65,2026-08-29T12:55:20.247341,"{""event_id"": ""IOT-0001434"", ""temp"": 3.558767809889846, ""lat"": 50.15282948223902, ""lon"": 2.969922174300516}"
IOT-0001435,SHP-000159,DEV-251,49.541271,2.233053,12.22,62.31,19,2026-08-31T00:58:20.247341,"{""event_id"": ""IOT-0001435"", ""temp"": 12.223513001856102, ""lat"": 49.541270974921076, ""lon"": 2.23305331677935}"
IOT-0001436,SHP-000045,DEV-139,0.228716,105.024903,6.24,61.43,15,2026-08-29T19:10:20.247341,"{""event_id"": ""IOT-0001436"", ""temp"": 6.2393094479076945, ""lat"": 0.22871582832375026, ""lon"": 105.0249032864752}"
IOT-0001437,SHP-000344,DEV-910,51.814078,4.664871,5.20,65.17,70,2026-08-29T23:00:20.247341,"{""event_id"": ""IOT-0001437"", ""temp"": 5.197214419388239, ""lat"": 51.8140778925249, ""lon"": 4.664870996548219}"
IOT-0001438,SHP-000188,DEV-169,42.196672,-88.129778,6.02,64.17,65,2026-08-30T23:40:20.247341,"{""event_id"": ""IOT-0001438"", ""temp"": 6.015155886729261, ""lat"": 42.196672405859914, ""lon"": -88.12977786641068}"
IOT-0001439,SHP-000180,DEV-687,-0.919313,104.016476,4.46,72.63,63,2026-08-30T03:53:20.247341,"{""event_id"": ""IOT-0001439"", ""temp"": 4.46292534248654, ""lat"": -0.9193132504243189, ""lon"": 104.01647633118074}"
IOT-0001440,SHP-000111,DEV-416,-31.542348,149.638749,4.44,74.64,54,2026-08-31T18:06:20.247341,"{""event_id"": ""IOT-0001440"", ""temp"": 4.44040038525643, ""lat"": -31.54234804173005, ""lon"": 149.63874877233718}"
IOT-0001441,SHP-000466,DEV-956,51.556276,3.961715,3.25,49.39,63,2026-08-31T23:39:20.247341,"{""event_id"": ""IOT-0001441"", ""temp"": 3.2509472277951796, ""lat"": 51.55627635716519, ""lon"": 3.9617154561027363}"
IOT-0001442,SHP-000162,DEV-944,-24.413842,-46.578766,5.17,50.38,25,2026-08-29T09:16:20.247341,"{""event_id"": ""IOT-0001442"", ""temp"": 5.17443973603914, ""lat"": -24.41384233943725, ""lon"": -46.57876568296265}"
IOT-0001443,SHP-000109,DEV-491,36.550819,141.018422,3.41,49.81,63,2026-09-01T02:23:20.247341,"{""event_id"": ""IOT-0001443"", ""temp"": 3.407110685470389, ""lat"": 36.550818626294756, ""lon"": 141.0184218473119}"
IOT-0001444,SHP-000323,DEV-734,24.930715,55.277516,4.09,52.27,58,2026-09-01T19:24:20.247341,"{""event_id"": ""IOT-0001444"", ""temp"": 4.092350737068388, ""lat"": 24.93071526737843, ""lon"": 55.277515811441134}"
IOT-0001445,SHP-000494,DEV-363,36.589248,140.901284,5.97,44.22,41,2026-08-29T18:41:20.247341,"{""event_id"": ""IOT-0001445"", ""temp"": 5.971753646618577, ""lat"": 36.58924822489981, ""lon"": 140.90128371613304}"
IOT-0001446,SHP-000463,DEV-575,55.518672,11.928725,2.52,72.86,76,2026-09-02T02:09:20.247341,"{""event_id"": ""IOT-0001446"", ""temp"": 2.5192254410838117, ""lat"": 55.51867242143004, ""lon"": 11.928724734638074}"
IOT-0001447,SHP-000022,DEV-747,33.714383,119.868651,4.86,68.35,54,2026-08-31T08:01:20.247341,"{""event_id"": ""IOT-0001447"", ""temp"": 4.860782073808693, ""lat"": 33.71438323791266, ""lon"": 119.86865134617655}"
IOT-0001448,SHP-000372,DEV-125,-23.302827,-48.458511,3.74,48.78,78,2026-09-01T11:34:20.247341,"{""event_id"": ""IOT-0001448"", ""temp"": 3.7443338774526778, ""lat"": -23.30282711069491, ""lon"": -48.458510619804336}"
IOT-0001449,SHP-000329,DEV-144,54.231340,11.982224,2.16,73.39,51,2026-08-29T00:53:20.247341,"{""event_id"": ""IOT-0001449"", ""temp"": 2.164400307334722, ""lat"": 54.23133952941322, ""lon"": 11.982223748236267}"
IOT-0001450,SHP-000398,DEV-535,53.178829,3.120064,2.28,74.77,100,2026-08-31T12:27:20.247341,"{""event_id"": ""IOT-0001450"", ""temp"": 2.283787448223637, ""lat"": 53.17882904449136, ""lon"": 3.120064021518227}"
IOT-0001451,SHP-000163,DEV-334,53.871177,8.243280,16.22,64.19,69,2026-08-28T08:09:20.247341,"{""event_id"": ""IOT-0001451"", ""temp"": 16.217542646003757, ""lat"": 53.87117655402546, ""lon"": 8.24328019422671}"
IOT-0001452,SHP-000471,DEV-926,-25.428704,-47.454782,4.52,50.09,41,2026-08-29T10:25:20.247341,"{""event_id"": ""IOT-0001452"", ""temp"": 4.5245830181909215, ""lat"": -25.428704364722535, ""lon"": -47.45478247346428}"
IOT-0001453,SHP-000040,DEV-299,37.559589,138.646479,9.96,42.58,22,2026-08-30T14:02:20.247341,"{""event_id"": ""IOT-0001453"", ""temp"": 9.958809141314301, ""lat"": 37.559588744949544, ""lon"": 138.64647948188747}"
IOT-0001454,SHP-000291,DEV-381,43.855896,-87.264936,4.00,51.73,58,2026-08-28T11:25:20.247341,"{""event_id"": ""IOT-0001454"", ""temp"": 3.996978488392365, ""lat"": 43.8558958501442, ""lon"": -87.2649361408864}"
IOT-0001455,SHP-000059,DEV-676,52.942414,4.538149,2.80,40.75,99,2026-08-28T04:54:20.247341,"{""event_id"": ""IOT-0001455"", ""temp"": 2.8033626511890617, ""lat"": 52.94241405206153, ""lon"": 4.538149081913263}"
IOT-0001456,SHP-000101,DEV-547,1.761225,102.614953,6.29,50.53,59,2026-09-01T19:41:20.247341,"{""event_id"": ""IOT-0001456"", ""temp"": 6.286003538259251, ""lat"": 1.7612249987890705, ""lon"": 102.61495325151581}"
IOT-0001457,SHP-000019,DEV-357,30.726832,121.412179,5.25,66.49,40,2026-09-01T19:48:20.247341,"{""event_id"": ""IOT-0001457"", ""temp"": 5.254963247144725, ""lat"": 30.72683167930742, ""lon"": 121.41217894485543}"
IOT-0001458,SHP-000070,DEV-192,-22.592873,-46.870264,2.52,68.44,78,2026-08-29T21:01:20.247341,"{""event_id"": ""IOT-0001458"", ""temp"": 2.518476623743382, ""lat"": -22.592873475375626, ""lon"": -46.870264336033074}"
IOT-0001459,SHP-000157,DEV-124,32.682507,-118.226661,4.41,70.40,70,2026-08-30T09:21:20.247341,"{""event_id"": ""IOT-0001459"", ""temp"": 4.408961112692384, ""lat"": 32.68250724893419, ""lon"": -118.22666059116581}"
IOT-0001460,SHP-000351,DEV-541,2.574187,105.379181,4.13,58.31,40,2026-08-30T06:46:20.247341,"{""event_id"": ""IOT-0001460"", ""temp"": 4.1334559633700785, ""lat"": 2.5741871328816632, ""lon"": 105.37918101283276}"
IOT-0001461,SHP-000039,DEV-310,55.133005,9.294438,2.86,63.09,68,2026-09-01T15:50:20.247341,"{""event_id"": ""IOT-0001461"", ""temp"": 2.8561604361722908, ""lat"": 55.13300496057372, ""lon"": 9.294437995751522}"
IOT-0001462,SHP-000042,DEV-583,2.314607,101.802765,3.80,49.27,32,2026-08-31T04:45:20.247341,"{""event_id"": ""IOT-0001462"", ""temp"": 3.8049809350039343, ""lat"": 2.3146065373814597, ""lon"": 101.80276488078285}"
IOT-0001463,SHP-000047,DEV-487,23.136195,52.920308,4.55,57.79,15,2026-08-29T07:37:20.247341,"{""event_id"": ""IOT-0001463"", ""temp"": 4.547687135058407, ""lat"": 23.136195374244025, ""lon"": 52.92030837731874}"
IOT-0001464,SHP-000332,DEV-773,24.347097,53.298416,17.43,43.00,31,2026-08-31T05:28:20.247341,"{""event_id"": ""IOT-0001464"", ""temp"": 17.42598771470513, ""lat"": 24.347097356772142, ""lon"": 53.29841571251287}"
IOT-0001465,SHP-000495,DEV-464,50.782172,2.873101,3.27,70.15,80,2026-09-01T20:34:20.247341,"{""event_id"": ""IOT-0001465"", ""temp"": 3.2701421370686043, ""lat"": 50.78217242091185, ""lon"": 2.8731012968408898}"
IOT-0001466,SHP-000034,DEV-731,39.760122,-87.369902,2.83,71.89,86,2026-08-30T16:11:20.247341,"{""event_id"": ""IOT-0001466"", ""temp"": 2.830233360817286, ""lat"": 39.76012175200449, ""lon"": -87.3699017723453}"
IOT-0001467,SHP-000023,DEV-393,53.290250,3.575392,4.27,60.13,84,2026-08-29T13:26:20.247341,"{""event_id"": ""IOT-0001467"", ""temp"": 4.266498026768222, ""lat"": 53.29025044088865, ""lon"": 3.575391836057359}"
IOT-0001468,SHP-000309,DEV-218,33.561525,138.885638,6.10,70.45,61,2026-08-31T09:52:20.247341,"{""event_id"": ""IOT-0001468"", ""temp"": 6.101398476569983, ""lat"": 33.561524838463725, ""lon"": 138.88563752912597}"
IOT-0001469,SHP-000146,DEV-584,1.929690,105.407790,6.31,42.55,78,2026-08-30T18:25:20.247341,"{""event_id"": ""IOT-0001469"", ""temp"": 6.311657371821282, ""lat"": 1.9296895208537275, ""lon"": 105.40778961287224}"
IOT-0001470,SHP-000400,DEV-270,40.290210,-89.708449,4.80,61.52,80,2026-08-28T17:59:20.247341,"{""event_id"": ""IOT-0001470"", ""temp"": 4.8022114516136725, ""lat"": 40.290209852230994, ""lon"": -89.7084485176711}"
IOT-0001471,SHP-000405,DEV-768,-22.807360,-48.819419,6.38,62.02,79,2026-08-29T21:58:20.247341,"{""event_id"": ""IOT-0001471"", ""temp"": 6.381610346245174, ""lat"": -22.807359712647905, ""lon"": -48.81941889330781}"
IOT-0001472,SHP-000125,DEV-255,-34.362782,151.287866,3.03,45.39,37,2026-08-31T22:15:20.247341,"{""event_id"": ""IOT-0001472"", ""temp"": 3.031889997020089, ""lat"": -34.36278201638372, ""lon"": 151.28786612653408}"
IOT-0001473,SHP-000139,DEV-859,40.556568,-87.468185,4.56,63.67,39,2026-08-30T18:53:20.247341,"{""event_id"": ""IOT-0001473"", ""temp"": 4.564095244962612, ""lat"": 40.55656765986645, ""lon"": -87.46818450173312}"
IOT-0001474,SHP-000419,DEV-951,31.248298,123.636699,3.03,53.05,48,2026-08-28T10:46:20.247341,"{""event_id"": ""IOT-0001474"", ""temp"": 3.028137956611423, ""lat"": 31.248297860065012, ""lon"": 123.63669850797271}"
IOT-0001475,SHP-000080,DEV-870,40.272583,-88.488978,2.21,64.66,22,2026-08-28T04:35:20.247341,"{""event_id"": ""IOT-0001475"", ""temp"": 2.2120728110375447, ""lat"": 40.27258343291798, ""lon"": -88.48897752943506}"
IOT-0001476,SHP-000082,DEV-424,28.756078,120.224342,5.90,43.67,75,2026-08-28T11:32:20.247341,"{""event_id"": ""IOT-0001476"", ""temp"": 5.898939362852984, ""lat"": 28.756078190591474, ""lon"": 120.22434183013985}"
IOT-0001477,SHP-000485,DEV-930,53.773896,9.544314,3.09,68.46,34,2026-08-31T10:46:20.247341,"{""event_id"": ""IOT-0001477"", ""temp"": 3.0942819533977426, ""lat"": 53.77389614467446, ""lon"": 9.544313626584364}"
IOT-0001478,SHP-000233,DEV-437,-32.515585,150.535196,2.16,61.17,99,2026-08-29T02:29:20.247341,"{""event_id"": ""IOT-0001478"", ""temp"": 2.156303842574035, ""lat"": -32.51558528392696, ""lon"": 150.53519647777682}"
IOT-0001479,SHP-000054,DEV-548,-34.491197,150.181066,4.42,51.70,83,2026-08-28T19:04:20.247341,"{""event_id"": ""IOT-0001479"", ""temp"": 4.424595575534392, ""lat"": -34.49119690694301, ""lon"": 150.181066225502}"
IOT-0001480,SHP-000210,DEV-676,54.763878,10.727648,6.03,41.73,60,2026-08-29T11:47:20.247341,"{""event_id"": ""IOT-0001480"", ""temp"": 6.031960517227667, ""lat"": 54.763878456034064, ""lon"": 10.72764823168432}"
IOT-0001481,SHP-000337,DEV-691,33.584406,-116.626692,4.27,49.33,25,2026-08-29T03:06:20.247341,"{""event_id"": ""IOT-0001481"", ""temp"": 4.273266586196611, ""lat"": 33.5844063436474, ""lon"": -116.62669179557619}"
IOT-0001482,SHP-000384,DEV-924,52.484341,10.589453,5.52,40.65,20,2026-08-28T16:15:20.247341,"{""event_id"": ""IOT-0001482"", ""temp"": 5.521719904464055, ""lat"": 52.48434104817158, ""lon"": 10.589452655410703}"
IOT-0001483,SHP-000211,DEV-443,2.108149,103.574121,3.39,66.32,83,2026-08-29T01:01:20.247341,"{""event_id"": ""IOT-0001483"", ""temp"": 3.3904644353725337, ""lat"": 2.1081487980943194, ""lon"": 103.57412106164404}"
IOT-0001484,SHP-000390,DEV-379,30.738812,119.113853,3.03,59.50,57,2026-08-31T02:11:20.247341,"{""event_id"": ""IOT-0001484"", ""temp"": 3.0320550768881906, ""lat"": 30.738812128273906, ""lon"": 119.11385336831106}"
IOT-0001485,SHP-000494,DEV-868,39.437303,-88.499441,2.79,43.15,52,2026-08-28T16:57:20.247341,"{""event_id"": ""IOT-0001485"", ""temp"": 2.788363861883597, ""lat"": 39.43730266550378, ""lon"": -88.49944053808937}"
IOT-0001486,SHP-000169,DEV-601,53.626550,6.690833,9.14,44.07,96,2026-08-31T21:05:20.247341,"{""event_id"": ""IOT-0001486"", ""temp"": 9.1385238328333, ""lat"": 53.62654959646767, ""lon"": 6.690833047760871}"
IOT-0001487,SHP-000010,DEV-872,36.938233,140.514138,5.71,53.29,90,2026-09-01T09:36:20.247341,"{""event_id"": ""IOT-0001487"", ""temp"": 5.706911406105792, ""lat"": 36.93823283354294, ""lon"": 140.51413783169326}"
IOT-0001488,SHP-000119,DEV-324,27.483133,57.487366,4.21,48.49,88,2026-09-01T03:22:20.247341,"{""event_id"": ""IOT-0001488"", ""temp"": 4.209537601163794, ""lat"": 27.483133427502363, ""lon"": 57.48736594250025}"
IOT-0001489,SHP-000492,DEV-582,27.068855,55.093630,10.65,42.54,32,2026-08-29T08:13:20.247341,"{""event_id"": ""IOT-0001489"", ""temp"": 10.651246442516648, ""lat"": 27.068854755590717, ""lon"": 55.093629531609714}"
IOT-0001490,SHP-000384,DEV-121,0.644740,104.610158,3.74,51.92,92,2026-09-01T17:37:20.247341,"{""event_id"": ""IOT-0001490"", ""temp"": 3.735591143167387, ""lat"": 0.6447396384242772, ""lon"": 104.61015774301238}"
IOT-0001491,SHP-000033,DEV-125,31.440702,120.265380,3.25,57.98,93,2026-08-31T00:31:20.247341,"{""event_id"": ""IOT-0001491"", ""temp"": 3.253870298874972, ""lat"": 31.440702459572922, ""lon"": 120.26537992041354}"
IOT-0001492,SHP-000296,DEV-131,52.792126,5.917024,3.69,52.22,71,2026-09-01T23:17:20.247341,"{""event_id"": ""IOT-0001492"", ""temp"": 3.6888245429872186, ""lat"": 52.79212574809642, ""lon"": 5.917023928141042}"
IOT-0001493,SHP-000337,DEV-444,33.147178,-118.358901,5.45,54.01,59,2026-08-30T02:52:20.247341,"{""event_id"": ""IOT-0001493"", ""temp"": 5.450688137569987, ""lat"": 33.14717838580517, ""lon"": -118.358900662546}"
IOT-0001494,SHP-000446,DEV-191,2.178098,103.587928,5.12,47.95,36,2026-08-29T17:40:20.247341,"{""event_id"": ""IOT-0001494"", ""temp"": 5.123281015859901, ""lat"": 2.178097749130737, ""lon"": 103.58792795017197}"
IOT-0001495,SHP-000096,DEV-641,29.858391,122.806513,5.14,58.90,95,2026-08-30T12:36:20.247341,"{""event_id"": ""IOT-0001495"", ""temp"": 5.137376784748996, ""lat"": 29.858391269720602, ""lon"": 122.806513261217}"
IOT-0001496,SHP-000488,DEV-119,43.583531,-88.076709,6.34,55.97,35,2026-08-31T16:06:20.247341,"{""event_id"": ""IOT-0001496"", ""temp"": 6.342251110342143, ""lat"": 43.58353119066109, ""lon"": -88.07670886551871}"
IOT-0001497,SHP-000067,DEV-920,32.852359,123.896761,4.31,56.68,15,2026-09-01T20:01:20.247341,"{""event_id"": ""IOT-0001497"", ""temp"": 4.309542957898451, ""lat"": 32.852358727642354, ""lon"": 123.89676114423713}"
IOT-0001498,SHP-000357,DEV-964,50.725419,5.457583,3.49,45.38,53,2026-08-29T13:34:20.247341,"{""event_id"": ""IOT-0001498"", ""temp"": 3.489080930613137, ""lat"": 50.7254186245572, ""lon"": 5.457583401156823}"
IOT-0001499,SHP-000232,DEV-314,32.012496,-119.134824,4.63,71.67,53,2026-08-30T15:57:20.247341,"{""event_id"": ""IOT-0001499"", ""temp"": 4.6269183014581845, ""lat"": 32.012495804182876, ""lon"": -119.13482360785535}"
IOT-0001500,SHP-000290,DEV-359,33.167224,123.574923,4.97,65.11,76,2026-08-28T08:24:20.247341,"{""event_id"": ""IOT-0001500"", ""temp"": 4.973929578193376, ""lat"": 33.167224448623976, ""lon"": 123.57492297441895}"
