event_id,shipment_id,device_id,latitude,longitude,temperature_c,humidity_pct,battery_level,recorded_at,is_temp_breach
IOT-0000001,SHP-000543,DEV-853,24.68938,53.39155,4.34,74.91,46,2026-08-08 21:44:44.489038,False
IOT-0000002,SHP-000511,DEV-212,30.027223,120.214388,6.48,52.16,91,2026-08-08 11:54:44.489038,False
IOT-0000003,SHP-000316,DEV-196,-34.120505,149.012698,5.07,69.97,56,2026-08-10 03:22:44.489038,False
IOT-0000004,SHP-000470,DEV-512,34.367955,-117.649926,3.16,64.44,46,2026-08-12 17:56:44.489038,False
IOT-0000005,SHP-000292,DEV-203,35.518824,-120.175859,5.18,44.68,85,2026-08-09 09:21:44.489038,False
IOT-0000006,SHP-000511,DEV-217,54.017715,11.768181,2.53,72.49,15,2026-08-11 14:29:44.489038,False
IOT-0000007,SHP-000466,DEV-935,49.493073,5.782191,3.5,72.93,99,2026-08-09 22:10:44.489038,False
IOT-0000008,SHP-000557,DEV-741,26.881397,57.612225,3.54,49.54,21,2026-08-12 20:58:44.489038,False
IOT-0000009,SHP-000199,DEV-273,-26.201131,-46.088977,6.43,67.67,40,2026-08-11 01:45:44.489038,False
IOT-0000010,SHP-000376,DEV-258,27.548169,52.774326,2.77,57.26,58,2026-08-08 23:07:44.489038,False
IOT-0000011,SHP-000071,DEV-793,51.414191,7.855238,4.57,63.76,69,2026-08-11 01:46:44.489038,False
IOT-0000012,SHP-000435,DEV-969,2.945551,103.023408,4.6,48.17,72,2026-08-08 14:19:44.489038,False
IOT-0000013,SHP-000300,DEV-604,-24.312825,-47.924576,2.02,71.78,48,2026-08-09 10:24:44.489038,False
IOT-0000014,SHP-000347,DEV-903,52.543718,2.530356,2.58,61.05,53,2026-08-10 04:57:44.489038,False
IOT-0000015,SHP-000073,DEV-220,36.972116,140.662111,4.79,64.93,84,2026-08-08 20:21:44.489038,False
IOT-0000016,SHP-000199,DEV-801,-1.13431,104.337568,5.3,51.43,55,2026-08-11 05:06:44.489038,False
IOT-0000017,SHP-000150,DEV-499,32.127498,-118.081836,12.22,44.63,16,2026-08-11 23:42:44.489038,True
IOT-0000018,SHP-000584,DEV-828,32.359433,120.813935,5.31,64.64,62,2026-08-12 05:16:44.489038,False
IOT-0000019,SHP-000202,DEV-794,35.398004,139.138941,5.43,53.29,40,2026-08-10 15:16:44.489038,False
IOT-0000020,SHP-000275,DEV-721,-23.311613,-47.447618,2.36,71.63,17,2026-08-13 01:36:44.489038,False
IOT-0000021,SHP-000310,DEV-835,43.975191,-87.712695,5.68,73.23,22,2026-08-11 22:50:44.489038,False
IOT-0000022,SHP-000472,DEV-969,53.551163,7.602455,3.88,47.88,47,2026-08-12 02:42:44.489038,False
IOT-0000023,SHP-000051,DEV-604,39.468488,-86.739609,2.52,41.67,40,2026-08-09 08:39:44.489038,False
IOT-0000024,SHP-000536,DEV-274,33.696419,141.576465,3.78,50.03,64,2026-08-08 09:28:44.489038,False
IOT-0000025,SHP-000189,DEV-914,33.150214,122.649197,3.75,67.66,93,2026-08-09 12:37:44.489038,False
IOT-0000026,SHP-000514,DEV-602,37.165199,139.900602,3.07,71.04,20,2026-08-08 16:34:44.489038,False
IOT-0000027,SHP-000432,DEV-268,44.20619,-87.432408,5.42,72.63,83,2026-08-09 14:35:44.489038,False
IOT-0000028,SHP-000420,DEV-320,-34.816594,149.777419,4.53,43.56,47,2026-08-11 08:17:44.489038,False
IOT-0000029,SHP-000105,DEV-119,51.16167,8.763612,3.27,73.73,87,2026-08-10 02:50:44.489038,False
IOT-0000030,SHP-000598,DEV-126,34.281041,-116.332789,6.13,41.34,51,2026-08-11 21:23:44.489038,False
IOT-0000031,SHP-000119,DEV-992,-1.127844,105.162572,4.11,64.42,40,2026-08-10 21:34:44.489038,False
IOT-0000032,SHP-000137,DEV-269,54.540434,10.781396,6.05,50.19,24,2026-08-09 22:32:44.489038,False
IOT-0000033,SHP-000415,DEV-649,26.133091,56.545082,5.77,60.08,76,2026-08-12 09:57:44.489038,False
IOT-0000034,SHP-000250,DEV-466,53.872142,9.739289,5.64,51.34,73,2026-08-12 17:13:44.489038,False
IOT-0000035,SHP-000131,DEV-206,36.334758,137.737058,2.82,50.51,45,2026-08-11 10:48:44.489038,False
IOT-0000036,SHP-000269,DEV-404,-35.034023,150.634247,2.15,44.38,59,2026-08-08 12:08:44.489038,False
IOT-0000037,SHP-000389,DEV-881,55.856409,8.212193,5.88,46.25,81,2026-08-12 08:51:44.489038,False
IOT-0000038,SHP-000364,DEV-851,30.834491,119.904258,2.2,72.95,80,2026-08-10 01:07:44.489038,False
IOT-0000039,SHP-000577,DEV-377,-26.254663,-43.992188,5.45,48.5,19,2026-08-10 12:25:44.489038,False
IOT-0000040,SHP-000466,DEV-767,49.640979,2.786184,2.56,61.17,57,2026-08-11 10:11:44.489038,False
IOT-0000041,SHP-000523,DEV-938,-31.893385,148.842015,3.2,67.77,81,2026-08-09 01:02:44.489038,False
IOT-0000042,SHP-000210,DEV-536,0.829376,104.568659,5.98,42.99,62,2026-08-10 16:47:44.489038,False
IOT-0000043,SHP-000482,DEV-256,34.775502,-120.722539,2.19,64.23,81,2026-08-10 04:35:44.489038,False
IOT-0000044,SHP-000544,DEV-966,-23.04302,-48.644743,2.83,43.78,21,2026-08-08 22:34:44.489038,False
IOT-0000045,SHP-000583,DEV-961,35.331382,-119.494746,2.83,69.61,32,2026-08-12 10:54:44.489038,False
IOT-0000046,SHP-000456,DEV-771,42.832168,-89.857275,5.61,60.32,48,2026-08-10 00:19:44.489038,False
IOT-0000047,SHP-000585,DEV-104,31.707172,-119.96475,3.52,67.64,100,2026-08-11 16:33:44.489038,False
IOT-0000048,SHP-000241,DEV-185,-23.237244,-43.976658,5.3,67.73,39,2026-08-11 21:52:44.489038,False
IOT-0000049,SHP-000206,DEV-306,41.298065,-87.441375,3.83,70.79,82,2026-08-09 22:37:44.489038,False
IOT-0000050,SHP-000523,DEV-452,52.62508,6.049951,6.22,46.48,30,2026-08-09 03:03:44.489038,False
IOT-0000051,SHP-000315,DEV-287,27.378309,54.214966,2.88,43.26,30,2026-08-11 23:30:44.489038,False
IOT-0000052,SHP-000197,DEV-200,-21.842891,-44.780183,4.59,71.36,65,2026-08-08 09:53:44.489038,False
IOT-0000053,SHP-000116,DEV-574,-25.468482,-45.078981,5.3,71.45,65,2026-08-10 21:59:44.489038,False
IOT-0000054,SHP-000155,DEV-157,-25.744328,-44.808397,5.61,66.4,83,2026-08-08 20:23:44.489038,False
IOT-0000055,SHP-000464,DEV-479,-24.774032,-44.444557,2.74,42.12,92,2026-08-10 12:28:44.489038,False
IOT-0000056,SHP-000112,DEV-654,36.212912,-116.126531,3.86,43.28,21,2026-08-10 06:38:44.489038,False
IOT-0000057,SHP-000084,DEV-187,52.805441,8.260285,4.53,50.79,25,2026-08-10 18:38:44.489038,False
IOT-0000058,SHP-000498,DEV-920,30.25773,123.16786,3.58,64.43,68,2026-08-12 12:47:44.489038,False
IOT-0000059,SHP-000413,DEV-815,3.767424,105.41871,5.5,53.17,81,2026-08-09 12:02:44.489038,False
IOT-0000060,SHP-000292,DEV-894,-31.737598,151.225474,2.33,69.52,43,2026-08-11 21:44:44.489038,False
IOT-0000061,SHP-000302,DEV-225,54.136604,3.584065,3.02,42.52,80,2026-08-12 12:19:44.489038,False
IOT-0000062,SHP-000508,DEV-377,31.1334,123.129555,4.1,44.54,52,2026-08-12 08:08:44.489038,False
IOT-0000063,SHP-000202,DEV-617,24.368659,57.188158,10.89,55.26,47,2026-08-09 06:31:44.489038,True
IOT-0000064,SHP-000105,DEV-106,36.062941,-117.217152,3.7,65.37,79,2026-08-09 02:53:44.489038,False
IOT-0000065,SHP-000583,DEV-852,42.903416,-86.745105,4.09,73.04,48,2026-08-11 22:40:44.489038,False
IOT-0000066,SHP-000563,DEV-542,52.102832,6.655747,3.17,59.73,36,2026-08-11 01:29:44.489038,False
IOT-0000067,SHP-000049,DEV-148,33.297559,-119.099914,3.29,57.86,98,2026-08-10 03:16:44.489038,False
IOT-0000068,SHP-000499,DEV-530,30.483107,121.496287,6.15,59.98,38,2026-08-10 12:41:44.489038,False
IOT-0000069,SHP-000565,DEV-680,54.585085,9.093215,2.47,42.92,34,2026-08-10 14:17:44.489038,False
IOT-0000070,SHP-000552,DEV-668,33.092716,-115.925703,2.34,72.14,45,2026-08-11 02:50:44.489038,False
IOT-0000071,SHP-000001,DEV-946,-22.659337,-47.800804,4.6,67.39,78,2026-08-10 09:05:44.489038,False
IOT-0000072,SHP-000420,DEV-998,26.6992,54.339314,4.68,40.95,51,2026-08-10 15:09:44.489038,False
IOT-0000073,SHP-000311,DEV-488,35.14574,139.828414,17.73,57.36,33,2026-08-09 20:48:44.489038,True
IOT-0000074,SHP-000523,DEV-100,30.432749,121.807059,4.78,49.92,39,2026-08-08 16:41:44.489038,False
IOT-0000075,SHP-000597,DEV-572,-25.787786,-45.422607,3.58,44.83,30,2026-08-12 13:44:44.489038,False
IOT-0000076,SHP-000151,DEV-174,37.097558,138.389564,6.23,49.3,22,2026-08-09 10:13:44.489038,False
IOT-0000077,SHP-000052,DEV-320,-35.349863,152.141076,3.72,43.35,93,2026-08-11 11:06:44.489038,False
IOT-0000078,SHP-000129,DEV-462,43.632764,-88.581049,3.32,70.61,29,2026-08-12 12:10:44.489038,False
IOT-0000079,SHP-000233,DEV-796,33.330977,123.164342,2.43,65.18,41,2026-08-11 15:15:44.489038,False
IOT-0000080,SHP-000130,DEV-930,52.870818,6.587289,2.47,58.38,71,2026-08-12 17:44:44.489038,False
IOT-0000081,SHP-000265,DEV-248,35.647806,139.537262,5.45,69.24,98,2026-08-11 08:24:44.489038,False
IOT-0000082,SHP-000203,DEV-590,52.611405,9.384883,4.02,65.4,24,2026-08-08 10:57:44.489038,False
IOT-0000083,SHP-000512,DEV-629,-23.006206,-46.191249,3.4,41.54,40,2026-08-13 03:39:44.489038,False
IOT-0000084,SHP-000462,DEV-258,52.352496,5.086695,4.51,69.71,93,2026-08-12 20:23:44.489038,False
IOT-0000085,SHP-000225,DEV-566,-35.874538,151.598454,3.33,42.49,41,2026-08-10 10:29:44.489038,False
IOT-0000086,SHP-000563,DEV-916,35.509803,141.945274,17.37,60.48,45,2026-08-11 13:58:44.489038,True
IOT-0000087,SHP-000303,DEV-990,53.451491,12.080998,4.75,63.5,60,2026-08-11 06:13:44.489038,False
IOT-0000088,SHP-000414,DEV-610,25.082018,53.370487,3.83,54.05,28,2026-08-11 00:44:44.489038,False
IOT-0000089,SHP-000581,DEV-527,33.743043,137.411371,6.47,62.56,40,2026-08-12 02:48:44.489038,False
IOT-0000090,SHP-000008,DEV-427,53.373359,10.925061,6.17,57.31,15,2026-08-08 17:45:44.489038,False
IOT-0000091,SHP-000517,DEV-941,51.815522,2.045911,13.16,64.79,50,2026-08-11 04:45:44.489038,True
IOT-0000092,SHP-000054,DEV-147,-35.683162,149.780844,2.93,40.04,19,2026-08-08 15:04:44.489038,False
IOT-0000093,SHP-000325,DEV-151,42.902076,-85.487039,4.85,46.71,25,2026-08-11 15:53:44.489038,False
IOT-0000094,SHP-000179,DEV-966,32.701451,123.920701,3.06,65.27,36,2026-08-12 20:44:44.489038,False
IOT-0000095,SHP-000220,DEV-672,43.300652,-87.976524,3.32,56.95,28,2026-08-09 05:25:44.489038,False
IOT-0000096,SHP-000342,DEV-218,43.510607,-89.216064,4.79,44.52,86,2026-08-08 12:35:44.489038,False
IOT-0000097,SHP-000083,DEV-568,32.982048,121.183515,2.61,73.58,51,2026-08-09 05:09:44.489038,False
IOT-0000098,SHP-000516,DEV-679,27.527529,54.429343,3.89,72.49,26,2026-08-08 20:59:44.489038,False
IOT-0000099,SHP-000457,DEV-957,30.787243,121.754626,3.97,68.0,74,2026-08-11 16:15:44.489038,False
IOT-0000100,SHP-000062,DEV-151,33.285928,121.813761,4.86,60.19,24,2026-08-12 11:17:44.489038,False
IOT-0000101,SHP-000572,DEV-602,41.697815,-85.906238,6.1,42.81,95,2026-08-09 08:52:44.489038,False
IOT-0000102,SHP-000108,DEV-390,54.181508,12.23296,4.8,67.01,90,2026-08-10 09:29:44.489038,False
IOT-0000103,SHP-000381,DEV-462,2.23097,104.088344,5.06,47.95,60,2026-08-12 02:56:44.489038,False
IOT-0000104,SHP-000505,DEV-963,33.613893,-119.545938,4.86,72.14,46,2026-08-11 22:16:44.489038,False
IOT-0000105,SHP-000487,DEV-975,24.625957,55.184803,17.85,67.18,19,2026-08-10 04:47:44.489038,True
IOT-0000106,SHP-000533,DEV-481,32.326849,-116.656089,2.07,60.88,81,2026-08-08 16:59:44.489038,False
IOT-0000107,SHP-000302,DEV-790,-26.253747,-44.229484,4.52,72.81,56,2026-08-08 13:40:44.489038,False
IOT-0000108,SHP-000349,DEV-761,25.554339,54.031557,2.01,70.28,79,2026-08-09 02:14:44.489038,False
IOT-0000109,SHP-000431,DEV-322,-31.806487,151.445332,5.99,63.97,98,2026-08-13 02:45:44.489038,False
IOT-0000110,SHP-000426,DEV-127,33.833806,-119.502951,3.73,47.2,55,2026-08-12 18:45:44.489038,False
IOT-0000111,SHP-000047,DEV-326,50.990857,4.536091,5.92,57.04,65,2026-08-09 14:56:44.489038,False
IOT-0000112,SHP-000122,DEV-190,-26.393618,-45.996014,2.42,45.56,49,2026-08-10 22:40:44.489038,False
IOT-0000113,SHP-000185,DEV-937,23.596062,53.597758,2.6,61.87,41,2026-08-09 03:55:44.489038,False
IOT-0000114,SHP-000176,DEV-313,35.315617,141.74854,5.57,54.27,93,2026-08-09 15:26:44.489038,False
IOT-0000115,SHP-000139,DEV-490,26.0234,57.232451,6.07,64.99,60,2026-08-10 05:32:44.489038,False
IOT-0000116,SHP-000173,DEV-381,42.413302,-85.185167,6.18,62.59,41,2026-08-11 07:47:44.489038,False
IOT-0000117,SHP-000207,DEV-854,51.000992,4.693091,3.62,40.37,85,2026-08-09 16:48:44.489038,False
IOT-0000118,SHP-000545,DEV-931,-33.158763,150.821569,5.06,67.93,76,2026-08-12 09:40:44.489038,False
IOT-0000119,SHP-000243,DEV-948,24.394399,56.987079,3.33,70.33,32,2026-08-09 20:12:44.489038,False
IOT-0000120,SHP-000165,DEV-530,42.730362,-89.392395,6.19,59.81,97,2026-08-08 21:07:44.489038,False
IOT-0000121,SHP-000588,DEV-255,34.25838,-118.622883,4.83,61.39,18,2026-08-12 03:07:44.489038,False
IOT-0000122,SHP-000217,DEV-244,41.896761,-87.116737,4.04,53.04,93,2026-08-09 18:11:44.489038,False
IOT-0000123,SHP-000470,DEV-189,51.816113,2.273048,4.79,42.45,53,2026-08-09 23:46:44.489038,False
IOT-0000124,SHP-000367,DEV-427,52.178818,10.518063,5.39,44.94,41,2026-08-09 01:44:44.489038,False
IOT-0000125,SHP-000423,DEV-516,49.476717,4.50202,4.63,45.12,93,2026-08-09 18:43:44.489038,False
IOT-0000126,SHP-000133,DEV-853,34.931664,-120.026347,3.52,64.47,66,2026-08-10 21:44:44.489038,False
IOT-0000127,SHP-000593,DEV-867,53.230548,10.894922,5.2,40.01,97,2026-08-11 13:41:44.489038,False
IOT-0000128,SHP-000337,DEV-496,40.635463,-85.906114,2.66,72.75,53,2026-08-13 00:41:44.489038,False
IOT-0000129,SHP-000480,DEV-384,27.274691,55.250458,3.33,42.88,47,2026-08-12 04:40:44.489038,False
IOT-0000130,SHP-000389,DEV-390,29.054131,120.126781,3.14,74.16,72,2026-08-11 16:59:44.489038,False
IOT-0000131,SHP-000089,DEV-774,-32.938532,149.613519,3.25,50.67,88,2026-08-09 12:17:44.489038,False
IOT-0000132,SHP-000135,DEV-316,-32.052047,150.547952,4.0,73.04,97,2026-08-09 13:36:44.489038,False
IOT-0000133,SHP-000220,DEV-463,52.507348,5.181553,6.08,52.54,21,2026-08-09 04:00:44.489038,False
IOT-0000134,SHP-000544,DEV-384,-31.915748,152.920016,2.34,64.12,92,2026-08-10 07:44:44.489038,False
IOT-0000135,SHP-000033,DEV-316,33.969513,137.181466,2.0,68.09,48,2026-08-08 21:57:44.489038,False
IOT-0000136,SHP-000422,DEV-946,0.248843,104.576005,3.02,48.01,92,2026-08-12 23:49:44.489038,False
IOT-0000137,SHP-000109,DEV-490,23.105327,53.266318,4.36,58.58,71,2026-08-09 04:01:44.489038,False
IOT-0000138,SHP-000379,DEV-426,52.181599,10.185215,10.34,65.14,78,2026-08-13 02:22:44.489038,True
IOT-0000139,SHP-000220,DEV-932,0.300818,105.378932,2.29,73.81,82,2026-08-11 04:03:44.489038,False
IOT-0000140,SHP-000357,DEV-524,42.167025,-88.454391,4.88,66.29,42,2026-08-11 21:44:44.489038,False
IOT-0000141,SHP-000375,DEV-272,40.181687,-86.404562,3.93,49.92,91,2026-08-12 04:51:44.489038,False
IOT-0000142,SHP-000259,DEV-340,42.28067,-87.020349,12.05,42.1,15,2026-08-11 20:02:44.489038,True
IOT-0000143,SHP-000011,DEV-299,51.746679,3.60098,5.41,63.81,18,2026-08-09 07:39:44.489038,False
IOT-0000144,SHP-000054,DEV-130,52.288227,3.245297,4.95,73.92,78,2026-08-10 10:47:44.489038,False
IOT-0000145,SHP-000447,DEV-684,29.567295,119.1581,5.81,62.53,92,2026-08-08 11:21:44.489038,False
IOT-0000146,SHP-000137,DEV-175,30.860468,122.149814,6.35,64.89,43,2026-08-12 11:30:44.489038,False
IOT-0000147,SHP-000354,DEV-192,1.532782,104.160919,10.1,46.18,91,2026-08-08 08:48:44.489038,True
IOT-0000148,SHP-000284,DEV-155,32.125702,-117.501422,4.21,53.06,82,2026-08-08 05:44:44.489038,False
IOT-0000149,SHP-000041,DEV-804,43.874832,-86.799075,5.11,42.8,53,2026-08-11 19:53:44.489038,False
IOT-0000150,SHP-000047,DEV-140,27.504615,57.583107,3.2,49.29,81,2026-08-09 02:32:44.489038,False
IOT-0000151,SHP-000106,DEV-487,35.520468,-116.346548,9.19,41.8,20,2026-08-10 19:02:44.489038,True
IOT-0000152,SHP-000366,DEV-191,41.290746,-86.632835,4.39,45.25,35,2026-08-12 01:12:44.489038,False
IOT-0000153,SHP-000100,DEV-813,33.324793,-117.178195,3.14,45.19,31,2026-08-11 20:29:44.489038,False
IOT-0000154,SHP-000506,DEV-643,29.318998,119.880636,4.29,49.35,36,2026-08-11 15:05:44.489038,False
IOT-0000155,SHP-000461,DEV-909,51.913019,5.684822,4.01,73.3,62,2026-08-11 08:33:44.489038,False
IOT-0000156,SHP-000515,DEV-772,52.789414,2.395929,5.32,47.79,23,2026-08-11 20:38:44.489038,False
IOT-0000157,SHP-000239,DEV-143,-25.64556,-45.291585,2.67,44.01,41,2026-08-13 04:14:44.489038,False
IOT-0000158,SHP-000594,DEV-122,0.615383,103.496049,5.34,46.08,54,2026-08-10 14:56:44.489038,False
IOT-0000159,SHP-000162,DEV-203,50.928244,6.896962,3.19,71.98,81,2026-08-09 05:27:44.489038,False
IOT-0000160,SHP-000014,DEV-995,33.799888,-119.213416,3.68,43.69,17,2026-08-11 17:47:44.489038,False
IOT-0000161,SHP-000404,DEV-120,-22.367811,-48.820486,3.93,61.9,61,2026-08-12 04:03:44.489038,False
IOT-0000162,SHP-000168,DEV-288,36.262089,-119.982485,4.54,53.58,35,2026-08-10 04:19:44.489038,False
IOT-0000163,SHP-000286,DEV-197,-32.241055,149.948767,3.11,51.94,47,2026-08-12 15:27:44.489038,False
IOT-0000164,SHP-000580,DEV-748,-32.522077,149.714592,5.3,71.83,38,2026-08-09 01:16:44.489038,False
IOT-0000165,SHP-000300,DEV-840,49.887632,3.702812,2.42,57.95,64,2026-08-08 18:43:44.489038,False
IOT-0000166,SHP-000364,DEV-441,-23.556262,-44.050717,3.79,72.77,65,2026-08-09 20:47:44.489038,False
IOT-0000167,SHP-000316,DEV-343,42.084815,-88.462402,3.11,71.6,72,2026-08-09 04:13:44.489038,False
IOT-0000168,SHP-000272,DEV-696,25.41799,56.191747,6.49,47.56,96,2026-08-12 07:46:44.489038,False
IOT-0000169,SHP-000003,DEV-274,0.470564,105.199929,4.88,50.43,67,2026-08-11 10:44:44.489038,False
IOT-0000170,SHP-000366,DEV-390,55.005554,8.02516,5.97,42.95,21,2026-08-10 09:52:44.489038,False
IOT-0000171,SHP-000060,DEV-863,43.438791,-86.998887,4.41,73.01,96,2026-08-12 19:32:44.489038,False
IOT-0000172,SHP-000056,DEV-483,-31.934246,149.458631,5.48,59.09,81,2026-08-09 01:54:44.489038,False
IOT-0000173,SHP-000319,DEV-366,-32.047384,151.13896,3.85,43.04,57,2026-08-12 15:09:44.489038,False
IOT-0000174,SHP-000370,DEV-140,-25.496236,-44.276811,2.78,47.29,87,2026-08-09 04:11:44.489038,False
IOT-0000175,SHP-000488,DEV-477,35.011137,-119.328183,2.54,44.4,92,2026-08-08 10:10:44.489038,False
IOT-0000176,SHP-000534,DEV-974,-34.519244,149.242223,2.79,63.02,62,2026-08-09 09:39:44.489038,False
IOT-0000177,SHP-000112,DEV-989,35.497327,138.804093,5.86,49.42,36,2026-08-08 18:12:44.489038,False
IOT-0000178,SHP-000571,DEV-667,37.348341,139.736883,4.16,68.02,80,2026-08-09 15:23:44.489038,False
IOT-0000179,SHP-000116,DEV-937,34.77443,-120.288072,3.27,71.4,32,2026-08-08 06:46:44.489038,False
IOT-0000180,SHP-000597,DEV-323,1.491437,103.696139,6.12,61.78,65,2026-08-09 12:45:44.489038,False
IOT-0000181,SHP-000280,DEV-873,-24.654898,-46.470838,2.07,58.19,16,2026-08-09 10:38:44.489038,False
IOT-0000182,SHP-000554,DEV-635,-23.512096,-47.393771,2.51,63.46,17,2026-08-08 14:51:44.489038,False
IOT-0000183,SHP-000314,DEV-646,-24.778267,-46.574609,3.66,40.13,100,2026-08-09 13:31:44.489038,False
IOT-0000184,SHP-000400,DEV-312,1.283556,103.847872,6.36,49.22,96,2026-08-10 16:12:44.489038,False
IOT-0000185,SHP-000531,DEV-364,-26.045934,-44.562403,3.42,60.23,48,2026-08-08 08:04:44.489038,False
IOT-0000186,SHP-000026,DEV-654,-0.633423,102.743438,3.72,49.12,70,2026-08-09 13:14:44.489038,False
IOT-0000187,SHP-000374,DEV-300,37.644163,137.697609,2.02,54.24,98,2026-08-08 08:56:44.489038,False
IOT-0000188,SHP-000011,DEV-884,26.543576,55.825814,6.05,42.96,41,2026-08-08 16:27:44.489038,False
IOT-0000189,SHP-000471,DEV-678,33.994874,-118.298191,10.27,44.03,89,2026-08-12 04:13:44.489038,True
IOT-0000190,SHP-000397,DEV-929,-1.11106,101.339877,6.0,68.23,96,2026-08-12 23:12:44.489038,False
IOT-0000191,SHP-000566,DEV-799,29.310186,122.424077,3.74,54.73,21,2026-08-11 11:01:44.489038,False
IOT-0000192,SHP-000433,DEV-763,33.336395,138.409878,3.22,59.33,25,2026-08-12 19:38:44.489038,False
IOT-0000193,SHP-000183,DEV-496,-32.840528,150.926539,6.25,52.61,17,2026-08-08 16:36:44.489038,False
IOT-0000194,SHP-000130,DEV-505,-24.116717,-47.682631,2.63,62.71,80,2026-08-11 18:12:44.489038,False
IOT-0000195,SHP-000198,DEV-821,53.394597,11.469887,5.95,70.8,81,2026-08-10 08:23:44.489038,False
IOT-0000196,SHP-000282,DEV-281,34.496047,138.483647,6.25,74.63,57,2026-08-08 18:16:44.489038,False
IOT-0000197,SHP-000028,DEV-553,-21.888146,-47.977519,2.37,58.17,29,2026-08-09 03:58:44.489038,False
IOT-0000198,SHP-000008,DEV-584,44.170414,-89.448854,6.08,59.39,87,2026-08-13 05:16:44.489038,False
IOT-0000199,SHP-000280,DEV-134,-21.950135,-47.838432,5.41,53.14,64,2026-08-12 14:49:44.489038,False
IOT-0000200,SHP-000462,DEV-987,33.685293,119.502377,2.09,61.84,64,2026-08-10 15:16:44.489038,False
IOT-0000201,SHP-000344,DEV-474,40.470376,-89.222999,2.19,49.45,73,2026-08-08 23:25:44.489038,False
IOT-0000202,SHP-000200,DEV-777,51.592919,10.589964,5.65,67.06,19,2026-08-10 05:49:44.489038,False
IOT-0000203,SHP-000125,DEV-460,-35.872785,152.403179,14.15,59.46,87,2026-08-12 08:27:44.489038,True
IOT-0000204,SHP-000069,DEV-950,52.073465,3.673518,5.91,66.09,30,2026-08-10 21:02:44.489038,False
IOT-0000205,SHP-000415,DEV-728,33.84081,-119.394186,2.51,62.14,93,2026-08-13 00:24:44.489038,False
IOT-0000206,SHP-000238,DEV-102,2.407326,105.713369,3.27,65.29,67,2026-08-10 21:21:44.489038,False
IOT-0000207,SHP-000118,DEV-949,51.282871,2.104424,4.65,57.02,90,2026-08-09 18:10:44.489038,False
IOT-0000208,SHP-000387,DEV-554,-0.875576,102.610243,3.74,62.78,74,2026-08-10 13:31:44.489038,False
IOT-0000209,SHP-000351,DEV-584,51.289932,7.548811,5.03,72.27,45,2026-08-08 06:16:44.489038,False
IOT-0000210,SHP-000111,DEV-113,54.972565,9.28834,3.15,74.51,62,2026-08-13 04:57:44.489038,False
IOT-0000211,SHP-000504,DEV-600,-0.333243,101.981761,5.83,40.43,70,2026-08-09 04:48:44.489038,False
IOT-0000212,SHP-000575,DEV-799,-25.815589,-46.547784,6.48,60.16,86,2026-08-11 03:50:44.489038,False
IOT-0000213,SHP-000282,DEV-556,51.309777,5.182192,5.4,73.28,17,2026-08-08 07:51:44.489038,False
IOT-0000214,SHP-000588,DEV-734,39.703522,-86.229358,2.9,67.97,60,2026-08-11 19:19:44.489038,False
IOT-0000215,SHP-000446,DEV-909,52.840211,3.945859,5.59,53.66,62,2026-08-10 12:09:44.489038,False
IOT-0000216,SHP-000234,DEV-245,34.703681,-116.141984,6.2,52.95,17,2026-08-12 17:24:44.489038,False
IOT-0000217,SHP-000468,DEV-570,3.479732,103.799602,2.69,43.96,57,2026-08-13 00:30:44.489038,False
IOT-0000218,SHP-000454,DEV-898,33.579327,137.348828,6.37,67.03,79,2026-08-09 21:53:44.489038,False
IOT-0000219,SHP-000254,DEV-968,32.843796,-116.120369,3.15,58.1,34,2026-08-11 09:14:44.489038,False
IOT-0000220,SHP-000292,DEV-410,-0.784474,104.88543,13.43,46.71,100,2026-08-09 00:19:44.489038,True
IOT-0000221,SHP-000275,DEV-756,40.214982,-85.191058,5.71,67.17,62,2026-08-08 22:09:44.489038,False
IOT-0000222,SHP-000061,DEV-983,32.590766,121.174739,4.08,50.5,34,2026-08-12 23:11:44.489038,False
IOT-0000223,SHP-000206,DEV-950,39.789649,-88.988118,5.24,63.2,79,2026-08-11 06:51:44.489038,False
IOT-0000224,SHP-000012,DEV-269,42.565822,-89.738688,3.75,60.53,43,2026-08-10 22:33:44.489038,False
IOT-0000225,SHP-000307,DEV-734,41.459906,-89.682134,5.22,56.78,83,2026-08-12 03:52:44.489038,False
IOT-0000226,SHP-000327,DEV-940,30.382055,121.222666,6.18,62.83,50,2026-08-11 04:00:44.489038,False
IOT-0000227,SHP-000295,DEV-348,34.283384,137.44604,16.28,40.46,58,2026-08-08 16:29:44.489038,True
IOT-0000228,SHP-000118,DEV-381,49.9282,4.002003,12.79,70.04,19,2026-08-11 08:27:44.489038,True
IOT-0000229,SHP-000556,DEV-264,52.146705,10.224115,4.93,41.57,70,2026-08-09 01:13:44.489038,False
IOT-0000230,SHP-000373,DEV-500,1.856818,104.043895,4.65,54.78,46,2026-08-11 05:57:44.489038,False
IOT-0000231,SHP-000086,DEV-531,3.763398,104.424833,4.09,53.61,33,2026-08-11 06:34:44.489038,False
IOT-0000232,SHP-000582,DEV-353,2.625663,103.8158,5.07,46.16,49,2026-08-08 22:21:44.489038,False
IOT-0000233,SHP-000416,DEV-835,55.710306,10.52222,2.52,59.63,98,2026-08-11 05:33:44.489038,False
IOT-0000234,SHP-000450,DEV-188,34.475499,-120.570938,6.41,46.69,17,2026-08-11 23:21:44.489038,False
IOT-0000235,SHP-000408,DEV-233,40.252191,-89.033085,2.59,53.36,26,2026-08-10 04:25:44.489038,False
IOT-0000236,SHP-000098,DEV-420,30.890865,119.23992,5.51,50.74,27,2026-08-10 08:27:44.489038,False
IOT-0000237,SHP-000502,DEV-647,29.646569,120.285165,3.78,46.48,50,2026-08-08 10:56:44.489038,False
IOT-0000238,SHP-000368,DEV-304,32.825114,-117.945096,13.55,74.58,29,2026-08-12 06:41:44.489038,True
IOT-0000239,SHP-000408,DEV-682,34.670382,138.194681,2.54,71.0,76,2026-08-10 05:28:44.489038,False
IOT-0000240,SHP-000477,DEV-328,51.991511,5.777633,3.62,71.59,43,2026-08-12 16:29:44.489038,False
IOT-0000241,SHP-000281,DEV-612,51.033124,5.033637,6.35,48.6,72,2026-08-11 03:25:44.489038,False
IOT-0000242,SHP-000557,DEV-342,50.810341,2.646165,5.4,46.37,15,2026-08-11 13:06:44.489038,False
IOT-0000243,SHP-000161,DEV-583,40.382657,-86.964832,3.94,71.6,43,2026-08-12 15:56:44.489038,False
IOT-0000244,SHP-000090,DEV-765,41.363657,-86.917434,3.83,40.09,48,2026-08-09 00:50:44.489038,False
IOT-0000245,SHP-000242,DEV-330,31.923701,-118.731719,13.61,67.01,39,2026-08-11 03:20:44.489038,True
IOT-0000246,SHP-000004,DEV-862,34.215031,137.989421,3.42,64.78,19,2026-08-12 23:18:44.489038,False
IOT-0000247,SHP-000550,DEV-214,24.201977,55.115875,2.12,46.57,39,2026-08-09 12:51:44.489038,False
IOT-0000248,SHP-000530,DEV-731,30.919347,123.09653,5.42,47.95,39,2026-08-09 11:37:44.489038,False
IOT-0000249,SHP-000095,DEV-607,35.97561,138.117567,15.33,67.23,68,2026-08-09 01:52:44.489038,True
IOT-0000250,SHP-000471,DEV-558,-24.080987,-45.074812,5.95,64.18,18,2026-08-09 06:12:44.489038,False
IOT-0000251,SHP-000141,DEV-284,35.345071,141.027685,4.3,51.78,69,2026-08-13 03:36:44.489038,False
IOT-0000252,SHP-000563,DEV-656,-25.783987,-47.403352,6.38,73.79,48,2026-08-11 18:44:44.489038,False
IOT-0000253,SHP-000564,DEV-539,35.098622,140.475232,6.23,48.88,96,2026-08-10 05:32:44.489038,False
IOT-0000254,SHP-000597,DEV-532,-32.991521,152.630934,9.71,61.25,16,2026-08-10 17:59:44.489038,True
IOT-0000255,SHP-000471,DEV-523,-23.906406,-48.151919,6.17,60.13,39,2026-08-10 03:34:44.489038,False
IOT-0000256,SHP-000024,DEV-462,32.239682,-120.078837,5.48,71.58,61,2026-08-11 08:48:44.489038,False
IOT-0000257,SHP-000469,DEV-597,-23.876255,-44.707057,5.65,63.7,97,2026-08-10 14:39:44.489038,False
IOT-0000258,SHP-000512,DEV-919,32.126794,122.365115,5.99,65.71,63,2026-08-13 01:59:44.489038,False
IOT-0000259,SHP-000443,DEV-232,53.34472,2.213493,5.25,56.02,96,2026-08-11 08:59:44.489038,False
IOT-0000260,SHP-000325,DEV-748,43.513412,-87.124337,3.11,66.25,28,2026-08-13 00:07:44.489038,False
IOT-0000261,SHP-000338,DEV-816,35.392772,138.429383,2.14,53.72,48,2026-08-11 01:59:44.489038,False
IOT-0000262,SHP-000465,DEV-354,0.138339,102.571409,12.77,51.58,69,2026-08-11 15:51:44.489038,True
IOT-0000263,SHP-000151,DEV-753,0.665954,106.164014,3.63,45.0,18,2026-08-12 19:08:44.489038,False
IOT-0000264,SHP-000322,DEV-947,40.043888,-89.290167,5.14,71.11,55,2026-08-12 06:35:44.489038,False
IOT-0000265,SHP-000107,DEV-528,39.42519,-89.423508,14.7,54.64,89,2026-08-08 23:22:44.489038,True
IOT-0000266,SHP-000547,DEV-491,-31.922265,151.697821,2.4,64.88,47,2026-08-09 08:04:44.489038,False
IOT-0000267,SHP-000584,DEV-864,-33.250564,148.880881,3.19,58.08,24,2026-08-11 02:54:44.489038,False
IOT-0000268,SHP-000527,DEV-479,55.430287,8.90617,4.47,68.45,58,2026-08-11 00:37:44.489038,False
IOT-0000269,SHP-000429,DEV-297,29.1955,121.476739,4.0,43.0,35,2026-08-11 12:12:44.489038,False
IOT-0000270,SHP-000581,DEV-673,52.144008,10.025389,2.83,68.19,18,2026-08-11 14:16:44.489038,False
IOT-0000271,SHP-000232,DEV-180,-25.43456,-47.947421,3.99,46.8,71,2026-08-10 14:16:44.489038,False
IOT-0000272,SHP-000455,DEV-947,-33.74666,153.525685,4.46,44.38,19,2026-08-10 03:16:44.489038,False
IOT-0000273,SHP-000171,DEV-993,26.962728,55.715765,2.95,62.67,91,2026-08-09 05:30:44.489038,False
IOT-0000274,SHP-000025,DEV-673,55.935003,12.256219,6.45,41.79,20,2026-08-11 05:30:44.489038,False
IOT-0000275,SHP-000200,DEV-433,43.366445,-86.675239,4.3,64.02,24,2026-08-11 04:46:44.489038,False
IOT-0000276,SHP-000156,DEV-529,26.046156,56.270789,3.94,45.47,76,2026-08-11 17:18:44.489038,False
IOT-0000277,SHP-000155,DEV-192,-22.930154,-45.655228,5.02,60.32,89,2026-08-09 19:17:44.489038,False
IOT-0000278,SHP-000456,DEV-752,1.805047,103.849443,5.49,59.37,54,2026-08-11 14:05:44.489038,False
IOT-0000279,SHP-000198,DEV-622,34.982238,141.028562,3.65,54.75,87,2026-08-11 12:10:44.489038,False
IOT-0000280,SHP-000001,DEV-427,0.27803,104.15971,3.22,47.64,96,2026-08-08 23:10:44.489038,False
IOT-0000281,SHP-000145,DEV-920,-33.102237,152.099142,2.17,74.09,99,2026-08-12 16:02:44.489038,False
IOT-0000282,SHP-000579,DEV-235,-33.570797,149.908516,5.17,70.37,30,2026-08-09 03:04:44.489038,False
IOT-0000283,SHP-000114,DEV-544,36.082191,-120.211501,4.33,63.99,59,2026-08-12 03:59:44.489038,False
IOT-0000284,SHP-000221,DEV-638,-22.280943,-46.110524,6.3,64.43,49,2026-08-12 18:06:44.489038,False
IOT-0000285,SHP-000428,DEV-555,31.006781,121.436824,2.83,46.22,38,2026-08-12 22:42:44.489038,False
IOT-0000286,SHP-000013,DEV-465,41.286618,-87.473106,2.31,44.01,73,2026-08-13 03:01:44.489038,False
IOT-0000287,SHP-000351,DEV-602,55.543757,11.627747,3.2,51.06,94,2026-08-11 20:13:44.489038,False
IOT-0000288,SHP-000429,DEV-199,54.820515,10.970312,3.91,52.74,75,2026-08-11 07:36:44.489038,False
IOT-0000289,SHP-000519,DEV-629,42.259204,-89.962898,4.03,49.75,76,2026-08-13 05:01:44.489038,False
IOT-0000290,SHP-000298,DEV-493,-33.32198,150.344462,4.93,47.7,45,2026-08-08 17:45:44.489038,False
IOT-0000291,SHP-000437,DEV-278,29.497767,119.351181,2.66,64.3,94,2026-08-10 23:53:44.489038,False
IOT-0000292,SHP-000420,DEV-188,42.232855,-88.437716,4.43,59.37,74,2026-08-09 09:31:44.489038,False
IOT-0000293,SHP-000287,DEV-169,39.445052,-88.576875,3.69,69.09,37,2026-08-10 20:28:44.489038,False
IOT-0000294,SHP-000484,DEV-308,35.316118,-115.840935,2.08,45.93,31,2026-08-08 21:23:44.489038,False
IOT-0000295,SHP-000303,DEV-583,22.805624,53.467371,2.57,63.67,74,2026-08-12 14:40:44.489038,False
IOT-0000296,SHP-000046,DEV-124,40.211846,-85.292196,2.15,73.4,67,2026-08-09 21:33:44.489038,False
IOT-0000297,SHP-000575,DEV-786,35.574744,139.195322,2.09,71.76,31,2026-08-09 07:04:44.489038,False
IOT-0000298,SHP-000239,DEV-297,33.5945,-115.971381,4.93,72.77,68,2026-08-08 12:21:44.489038,False
IOT-0000299,SHP-000210,DEV-219,54.260529,5.34782,5.42,40.45,27,2026-08-10 07:43:44.489038,False
IOT-0000300,SHP-000007,DEV-135,25.02978,55.116796,6.14,51.1,100,2026-08-09 01:44:44.489038,False
IOT-0000301,SHP-000284,DEV-102,3.499727,102.277969,3.04,58.62,83,2026-08-12 00:03:44.489038,False
IOT-0000302,SHP-000085,DEV-226,3.076125,105.006378,5.7,51.97,66,2026-08-09 04:38:44.489038,False
IOT-0000303,SHP-000271,DEV-380,-24.769504,-44.937912,6.22,51.86,42,2026-08-11 16:54:44.489038,False
IOT-0000304,SHP-000310,DEV-250,22.870166,55.417265,3.54,54.09,66,2026-08-08 09:29:44.489038,False
IOT-0000305,SHP-000076,DEV-990,43.780129,-89.607904,2.98,40.02,18,2026-08-11 06:24:44.489038,False
IOT-0000306,SHP-000372,DEV-286,52.300338,6.687822,4.89,42.19,67,2026-08-10 02:40:44.489038,False
IOT-0000307,SHP-000255,DEV-599,0.630796,102.304209,9.15,43.85,90,2026-08-10 02:13:44.489038,True
IOT-0000308,SHP-000324,DEV-750,-34.592774,152.671957,3.11,43.44,62,2026-08-12 04:20:44.489038,False
IOT-0000309,SHP-000439,DEV-135,34.760846,139.286732,4.68,45.95,57,2026-08-08 17:45:44.489038,False
IOT-0000310,SHP-000385,DEV-337,54.867031,11.423544,14.93,59.62,29,2026-08-11 10:03:44.489038,True
IOT-0000311,SHP-000541,DEV-364,33.588644,139.027137,3.03,46.03,60,2026-08-08 23:25:44.489038,False
IOT-0000312,SHP-000455,DEV-745,26.333289,54.816499,3.89,42.35,80,2026-08-10 12:14:44.489038,False
IOT-0000313,SHP-000592,DEV-808,30.420779,119.822289,2.32,42.09,40,2026-08-11 10:31:44.489038,False
IOT-0000314,SHP-000259,DEV-307,23.43617,53.898524,3.3,52.21,77,2026-08-12 08:19:44.489038,False
IOT-0000315,SHP-000104,DEV-792,3.316696,102.856652,5.05,72.97,23,2026-08-08 20:05:44.489038,False
IOT-0000316,SHP-000524,DEV-841,33.368403,119.107873,4.24,47.91,86,2026-08-08 07:36:44.489038,False
IOT-0000317,SHP-000088,DEV-875,22.854924,56.538603,3.06,73.98,67,2026-08-09 18:15:44.489038,False
IOT-0000318,SHP-000319,DEV-718,52.039561,8.131428,2.22,56.56,69,2026-08-11 08:18:44.489038,False
IOT-0000319,SHP-000433,DEV-223,-23.526724,-47.72583,2.75,57.79,92,2026-08-09 01:11:44.489038,False
IOT-0000320,SHP-000468,DEV-180,51.25636,8.567654,4.77,68.64,74,2026-08-13 02:54:44.489038,False
IOT-0000321,SHP-000143,DEV-120,34.250667,-120.676944,5.22,72.45,67,2026-08-09 06:19:44.489038,False
IOT-0000322,SHP-000195,DEV-282,54.286584,2.141473,2.89,56.54,96,2026-08-12 11:18:44.489038,False
IOT-0000323,SHP-000461,DEV-804,-21.516082,-46.514538,2.48,56.13,29,2026-08-11 07:19:44.489038,False
IOT-0000324,SHP-000308,DEV-378,41.379106,-88.790574,3.92,41.0,27,2026-08-08 20:57:44.489038,False
IOT-0000325,SHP-000349,DEV-117,28.847122,123.749676,9.34,66.52,18,2026-08-11 03:19:44.489038,True
IOT-0000326,SHP-000305,DEV-519,52.023947,9.062022,2.12,58.22,27,2026-08-12 19:48:44.489038,False
IOT-0000327,SHP-000052,DEV-120,36.062617,-119.270293,5.07,63.63,37,2026-08-12 00:58:44.489038,False
IOT-0000328,SHP-000322,DEV-114,-24.769988,-45.514039,2.86,67.46,18,2026-08-12 04:09:44.489038,False
IOT-0000329,SHP-000297,DEV-596,32.596127,-116.558947,3.45,52.05,30,2026-08-12 01:08:44.489038,False
IOT-0000330,SHP-000450,DEV-864,42.319147,-85.777382,5.37,67.76,93,2026-08-09 20:44:44.489038,False
IOT-0000331,SHP-000346,DEV-218,55.837639,7.742931,2.37,57.97,44,2026-08-11 22:08:44.489038,False
IOT-0000332,SHP-000311,DEV-255,41.402791,-88.272194,5.93,64.65,83,2026-08-08 05:10:44.489038,False
IOT-0000333,SHP-000222,DEV-908,-35.73731,151.500812,5.23,73.96,55,2026-08-11 17:57:44.489038,False
IOT-0000334,SHP-000097,DEV-147,50.442087,4.314913,3.3,69.54,23,2026-08-13 02:49:44.489038,False
IOT-0000335,SHP-000327,DEV-468,25.27554,55.728115,2.81,61.9,29,2026-08-08 12:13:44.489038,False
IOT-0000336,SHP-000307,DEV-497,-25.482477,-45.425688,3.71,41.51,62,2026-08-09 02:53:44.489038,False
IOT-0000337,SHP-000123,DEV-199,-24.671208,-44.690203,5.05,41.82,31,2026-08-13 03:24:44.489038,False
IOT-0000338,SHP-000376,DEV-713,-21.557996,-47.767435,3.41,59.94,52,2026-08-08 22:01:44.489038,False
IOT-0000339,SHP-000350,DEV-110,-33.660332,149.893394,4.83,59.04,69,2026-08-09 00:21:44.489038,False
IOT-0000340,SHP-000481,DEV-717,33.491378,-120.017533,5.05,67.96,88,2026-08-09 22:46:44.489038,False
IOT-0000341,SHP-000466,DEV-382,39.893804,-85.566356,3.08,42.99,49,2026-08-08 08:29:44.489038,False
IOT-0000342,SHP-000432,DEV-815,30.217665,119.002709,3.91,73.38,62,2026-08-13 03:05:44.489038,False
IOT-0000343,SHP-000311,DEV-493,24.699584,56.395589,2.71,66.25,94,2026-08-09 06:53:44.489038,False
IOT-0000344,SHP-000488,DEV-383,52.919163,6.745515,9.36,70.44,28,2026-08-12 05:44:44.489038,True
IOT-0000345,SHP-000547,DEV-481,33.292719,122.703015,3.99,70.2,16,2026-08-12 16:33:44.489038,False
IOT-0000346,SHP-000285,DEV-183,33.697955,-116.324908,2.61,57.48,23,2026-08-12 15:14:44.489038,False
IOT-0000347,SHP-000526,DEV-496,41.101121,-86.640936,10.56,68.21,65,2026-08-11 04:06:44.489038,True
IOT-0000348,SHP-000001,DEV-125,1.444146,102.438774,4.72,55.0,34,2026-08-11 18:46:44.489038,False
IOT-0000349,SHP-000092,DEV-623,39.581717,-85.616134,4.91,43.81,30,2026-08-11 13:17:44.489038,False
IOT-0000350,SHP-000242,DEV-777,42.30256,-86.323862,5.85,54.64,42,2026-08-08 05:06:44.489038,False
IOT-0000351,SHP-000424,DEV-345,31.582412,-117.631669,3.97,58.79,58,2026-08-12 19:58:44.489038,False
IOT-0000352,SHP-000522,DEV-431,27.070098,56.647002,2.68,74.56,56,2026-08-10 16:35:44.489038,False
IOT-0000353,SHP-000476,DEV-582,25.438403,54.153832,3.91,54.98,50,2026-08-09 20:17:44.489038,False
IOT-0000354,SHP-000088,DEV-279,34.324383,-116.2952,3.93,55.46,60,2026-08-12 17:38:44.489038,False
IOT-0000355,SHP-000260,DEV-923,50.442334,3.631832,6.05,47.59,59,2026-08-11 08:36:44.489038,False
IOT-0000356,SHP-000025,DEV-949,3.107634,101.850772,5.76,59.58,66,2026-08-09 12:13:44.489038,False
IOT-0000357,SHP-000313,DEV-506,24.889701,56.53706,2.42,52.74,33,2026-08-12 14:15:44.489038,False
IOT-0000358,SHP-000462,DEV-126,23.049672,57.667801,2.72,41.03,32,2026-08-11 12:55:44.489038,False
IOT-0000359,SHP-000480,DEV-869,1.369389,104.445966,6.24,69.58,29,2026-08-10 07:25:44.489038,False
IOT-0000360,SHP-000447,DEV-696,32.279985,119.431827,3.48,48.13,78,2026-08-11 17:45:44.489038,False
IOT-0000361,SHP-000316,DEV-766,-21.670257,-44.207558,4.87,48.71,52,2026-08-09 16:23:44.489038,False
IOT-0000362,SHP-000476,DEV-704,3.074346,101.848861,4.62,45.48,74,2026-08-12 21:05:44.489038,False
IOT-0000363,SHP-000076,DEV-591,53.780117,10.275975,2.58,56.45,27,2026-08-11 13:49:44.489038,False
IOT-0000364,SHP-000414,DEV-697,-22.189559,-46.919124,2.07,49.29,100,2026-08-12 11:48:44.489038,False
IOT-0000365,SHP-000543,DEV-576,-32.026736,152.044069,5.9,42.12,20,2026-08-13 00:13:44.489038,False
IOT-0000366,SHP-000197,DEV-951,32.352467,120.532322,9.97,71.02,38,2026-08-10 13:52:44.489038,True
IOT-0000367,SHP-000111,DEV-860,33.096397,123.34925,4.08,65.59,58,2026-08-12 15:14:44.489038,False
IOT-0000368,SHP-000311,DEV-177,-25.251824,-44.988082,5.13,68.85,81,2026-08-09 14:07:44.489038,False
IOT-0000369,SHP-000113,DEV-716,50.823806,5.115451,6.26,42.26,46,2026-08-12 12:19:44.489038,False
IOT-0000370,SHP-000085,DEV-233,25.810295,57.107299,5.54,48.57,29,2026-08-09 23:07:44.489038,False
IOT-0000371,SHP-000103,DEV-550,36.138892,-119.076844,5.39,41.57,82,2026-08-09 04:15:44.489038,False
IOT-0000372,SHP-000054,DEV-686,23.268191,55.225007,2.23,60.33,92,2026-08-09 08:07:44.489038,False
IOT-0000373,SHP-000385,DEV-922,35.477264,-118.348549,5.56,46.87,33,2026-08-09 03:13:44.489038,False
IOT-0000374,SHP-000447,DEV-319,36.136832,-117.214727,2.26,53.48,29,2026-08-12 08:51:44.489038,False
IOT-0000375,SHP-000185,DEV-283,32.507207,119.415151,3.04,72.44,83,2026-08-10 05:09:44.489038,False
IOT-0000376,SHP-000033,DEV-681,32.008367,123.812886,2.36,52.85,16,2026-08-09 03:41:44.489038,False
IOT-0000377,SHP-000477,DEV-205,33.337355,137.340442,4.45,53.71,84,2026-08-12 16:10:44.489038,False
IOT-0000378,SHP-000313,DEV-131,39.702871,-89.126774,5.01,47.76,62,2026-08-12 00:33:44.489038,False
IOT-0000379,SHP-000027,DEV-748,-25.819831,-48.556386,6.41,40.14,17,2026-08-08 17:25:44.489038,False
IOT-0000380,SHP-000187,DEV-516,36.828725,140.360821,4.68,47.52,19,2026-08-09 21:23:44.489038,False
IOT-0000381,SHP-000574,DEV-265,-21.509775,-44.884986,5.35,51.18,35,2026-08-09 03:56:44.489038,False
IOT-0000382,SHP-000203,DEV-195,53.541664,3.180791,5.41,64.46,69,2026-08-11 09:27:44.489038,False
IOT-0000383,SHP-000153,DEV-255,36.655876,142.047018,4.41,68.1,97,2026-08-09 11:45:44.489038,False
IOT-0000384,SHP-000168,DEV-217,-35.12342,149.915542,2.45,58.44,17,2026-08-12 21:30:44.489038,False
IOT-0000385,SHP-000514,DEV-184,35.146919,141.723448,4.44,47.33,71,2026-08-08 22:31:44.489038,False
IOT-0000386,SHP-000488,DEV-823,50.196282,3.629666,4.79,45.45,39,2026-08-10 18:06:44.489038,False
IOT-0000387,SHP-000468,DEV-462,32.625419,-116.960805,2.07,46.5,66,2026-08-10 21:35:44.489038,False
IOT-0000388,SHP-000080,DEV-423,-33.403437,150.621361,3.76,69.48,42,2026-08-10 18:52:44.489038,False
IOT-0000389,SHP-000510,DEV-617,54.908918,9.911038,3.29,55.73,56,2026-08-10 02:39:44.489038,False
IOT-0000390,SHP-000506,DEV-899,24.645475,56.573844,2.16,71.29,20,2026-08-10 22:15:44.489038,False
IOT-0000391,SHP-000185,DEV-776,33.020702,-117.420002,12.02,41.02,30,2026-08-12 11:58:44.489038,True
IOT-0000392,SHP-000220,DEV-427,41.50716,-88.557157,4.23,50.07,98,2026-08-09 19:31:44.489038,False
IOT-0000393,SHP-000187,DEV-458,35.923252,-120.041866,5.26,62.29,59,2026-08-12 01:02:44.489038,False
IOT-0000394,SHP-000533,DEV-645,55.459198,12.467091,4.55,51.31,88,2026-08-12 21:44:44.489038,False
IOT-0000395,SHP-000169,DEV-935,34.297745,138.909239,4.8,74.12,80,2026-08-11 17:29:44.489038,False
IOT-0000396,SHP-000253,DEV-723,39.640791,-85.29076,5.05,65.71,77,2026-08-08 13:59:44.489038,False
IOT-0000397,SHP-000161,DEV-614,53.25428,2.728775,2.02,53.67,28,2026-08-13 00:15:44.489038,False
IOT-0000398,SHP-000372,DEV-311,-26.270117,-48.077068,4.36,43.11,45,2026-08-10 19:39:44.489038,False
IOT-0000399,SHP-000126,DEV-233,37.849138,142.003106,4.19,70.25,21,2026-08-09 22:24:44.489038,False
IOT-0000400,SHP-000071,DEV-301,54.775693,9.060574,3.15,72.66,71,2026-08-12 16:33:44.489038,False
IOT-0000401,SHP-000213,DEV-876,25.975199,56.422841,12.06,64.09,55,2026-08-09 18:37:44.489038,True
IOT-0000402,SHP-000527,DEV-765,31.59216,-117.578147,4.08,69.71,76,2026-08-10 00:48:44.489038,False
IOT-0000403,SHP-000010,DEV-603,-23.812982,-47.87108,2.9,40.79,19,2026-08-08 12:46:44.489038,False
IOT-0000404,SHP-000358,DEV-115,32.802656,120.318881,6.19,63.08,35,2026-08-12 01:09:44.489038,False
IOT-0000405,SHP-000563,DEV-895,23.907124,54.909146,4.84,58.63,76,2026-08-10 16:51:44.489038,False
IOT-0000406,SHP-000084,DEV-694,55.408304,8.003559,5.17,60.49,58,2026-08-11 13:30:44.489038,False
IOT-0000407,SHP-000441,DEV-761,51.456842,12.4814,5.88,68.22,36,2026-08-12 13:31:44.489038,False
IOT-0000408,SHP-000339,DEV-250,23.224632,57.521293,6.48,41.37,98,2026-08-11 04:53:44.489038,False
IOT-0000409,SHP-000509,DEV-454,31.745568,120.689969,5.29,74.98,39,2026-08-08 15:56:44.489038,False
IOT-0000410,SHP-000135,DEV-359,-21.736878,-48.534473,3.44,43.88,56,2026-08-09 21:38:44.489038,False
IOT-0000411,SHP-000361,DEV-321,23.85998,56.647713,4.3,48.89,93,2026-08-11 11:04:44.489038,False
IOT-0000412,SHP-000531,DEV-969,25.072196,53.765485,5.04,46.46,27,2026-08-13 01:26:44.489038,False
IOT-0000413,SHP-000423,DEV-383,38.097798,138.726362,6.36,74.31,99,2026-08-09 04:28:44.489038,False
IOT-0000414,SHP-000420,DEV-171,55.095083,11.555094,6.43,52.35,86,2026-08-08 07:21:44.489038,False
IOT-0000415,SHP-000069,DEV-838,41.196388,-89.685298,5.29,72.29,96,2026-08-13 05:36:44.489038,False
IOT-0000416,SHP-000378,DEV-881,55.367799,12.419575,5.86,40.03,44,2026-08-09 02:07:44.489038,False
IOT-0000417,SHP-000578,DEV-131,52.04857,3.103188,5.39,61.46,27,2026-08-10 10:53:44.489038,False
IOT-0000418,SHP-000266,DEV-856,33.129158,-118.524411,10.12,43.42,58,2026-08-10 07:20:44.489038,True
IOT-0000419,SHP-000447,DEV-474,-31.686099,151.613992,5.0,43.46,59,2026-08-11 06:39:44.489038,False
IOT-0000420,SHP-000227,DEV-207,-34.069121,153.253355,9.45,54.4,39,2026-08-08 08:43:44.489038,True
IOT-0000421,SHP-000205,DEV-161,50.638742,3.99969,5.57,65.17,31,2026-08-10 08:35:44.489038,False
IOT-0000422,SHP-000112,DEV-525,50.273541,3.385581,4.67,56.54,43,2026-08-09 12:35:44.489038,False
IOT-0000423,SHP-000104,DEV-632,35.604987,-118.859659,3.96,68.84,47,2026-08-12 04:02:44.489038,False
IOT-0000424,SHP-000509,DEV-555,3.1109,104.497016,3.88,54.33,90,2026-08-08 18:12:44.489038,False
IOT-0000425,SHP-000319,DEV-986,-32.452378,152.075222,6.49,52.85,96,2026-08-09 06:22:44.489038,False
IOT-0000426,SHP-000534,DEV-787,43.053656,-85.969971,2.53,41.79,54,2026-08-08 19:38:44.489038,False
IOT-0000427,SHP-000031,DEV-746,39.498631,-89.981725,4.71,62.17,76,2026-08-12 03:23:44.489038,False
IOT-0000428,SHP-000509,DEV-997,55.302795,8.624618,5.61,43.68,27,2026-08-10 18:44:44.489038,False
IOT-0000429,SHP-000462,DEV-215,36.248665,-119.220186,3.27,60.11,63,2026-08-11 22:20:44.489038,False
IOT-0000430,SHP-000125,DEV-718,51.249202,9.931405,3.69,52.44,58,2026-08-11 13:29:44.489038,False
IOT-0000431,SHP-000045,DEV-653,40.59937,-89.403497,3.14,62.38,41,2026-08-10 22:06:44.489038,False
IOT-0000432,SHP-000005,DEV-367,-23.774342,-45.016048,4.65,73.1,60,2026-08-12 18:35:44.489038,False
IOT-0000433,SHP-000237,DEV-286,-35.773017,150.666357,11.72,68.06,69,2026-08-08 12:17:44.489038,True
IOT-0000434,SHP-000575,DEV-195,31.595513,119.400536,2.57,49.43,22,2026-08-11 11:12:44.489038,False
IOT-0000435,SHP-000584,DEV-161,-25.757859,-47.864181,3.13,61.49,71,2026-08-12 07:58:44.489038,False
IOT-0000436,SHP-000361,DEV-626,53.896175,12.299998,2.41,51.6,70,2026-08-12 13:25:44.489038,False
IOT-0000437,SHP-000475,DEV-442,25.506921,55.019837,2.2,56.06,90,2026-08-08 08:22:44.489038,False
IOT-0000438,SHP-000298,DEV-289,-34.546458,150.481067,5.14,48.22,90,2026-08-11 03:11:44.489038,False
IOT-0000439,SHP-000117,DEV-171,-32.889812,149.989367,3.65,41.2,77,2026-08-10 09:00:44.489038,False
IOT-0000440,SHP-000583,DEV-746,-34.516804,149.639501,2.99,69.14,56,2026-08-08 16:46:44.489038,False
IOT-0000441,SHP-000491,DEV-245,31.962422,120.541353,5.41,69.19,57,2026-08-08 19:32:44.489038,False
IOT-0000442,SHP-000431,DEV-852,26.188735,57.372168,14.69,42.17,32,2026-08-09 21:19:44.489038,True
IOT-0000443,SHP-000504,DEV-709,25.908436,53.284756,2.45,46.4,92,2026-08-08 07:00:44.489038,False
IOT-0000444,SHP-000513,DEV-140,35.269574,140.639382,4.49,68.36,15,2026-08-12 04:49:44.489038,False
IOT-0000445,SHP-000532,DEV-786,30.984108,121.780514,3.43,44.6,46,2026-08-11 22:51:44.489038,False
IOT-0000446,SHP-000110,DEV-860,-22.914002,-45.1076,4.52,58.87,85,2026-08-10 18:59:44.489038,False
IOT-0000447,SHP-000221,DEV-353,50.167912,4.705824,5.75,71.41,22,2026-08-09 21:42:44.489038,False
IOT-0000448,SHP-000454,DEV-975,52.535031,3.614775,4.86,56.47,89,2026-08-10 02:16:44.489038,False
IOT-0000449,SHP-000201,DEV-915,-34.342097,150.564506,2.31,64.14,56,2026-08-11 17:27:44.489038,False
IOT-0000450,SHP-000326,DEV-273,37.928977,139.865348,2.56,70.42,68,2026-08-11 16:15:44.489038,False
IOT-0000451,SHP-000431,DEV-831,36.010264,138.793405,2.23,63.67,82,2026-08-11 13:02:44.489038,False
IOT-0000452,SHP-000415,DEV-597,37.669909,138.216279,17.39,42.4,77,2026-08-12 19:50:44.489038,True
IOT-0000453,SHP-000364,DEV-790,33.75108,-117.068541,3.15,44.56,56,2026-08-08 18:08:44.489038,False
IOT-0000454,SHP-000014,DEV-948,-35.803375,150.372053,5.95,62.15,98,2026-08-10 05:14:44.489038,False
IOT-0000455,SHP-000460,DEV-976,-22.541178,-45.478149,4.44,73.44,19,2026-08-08 14:33:44.489038,False
IOT-0000456,SHP-000116,DEV-996,-23.64417,-48.000817,5.37,59.29,99,2026-08-09 04:06:44.489038,False
IOT-0000457,SHP-000449,DEV-179,27.060369,54.48071,3.04,55.93,50,2026-08-11 09:26:44.489038,False
IOT-0000458,SHP-000177,DEV-928,-31.600962,153.667939,6.36,64.66,72,2026-08-11 00:13:44.489038,False
IOT-0000459,SHP-000293,DEV-282,35.382764,140.352544,4.96,42.1,35,2026-08-10 00:45:44.489038,False
IOT-0000460,SHP-000356,DEV-701,36.868172,139.412936,5.83,57.62,70,2026-08-08 22:44:44.489038,False
IOT-0000461,SHP-000421,DEV-311,-32.930108,149.845607,4.45,66.62,62,2026-08-11 18:49:44.489038,False
IOT-0000462,SHP-000132,DEV-358,55.664244,8.311856,2.22,53.51,31,2026-08-10 08:32:44.489038,False
IOT-0000463,SHP-000522,DEV-668,37.469121,140.216307,5.75,69.42,25,2026-08-13 05:07:44.489038,False
IOT-0000464,SHP-000006,DEV-647,31.944647,119.406125,5.72,74.26,24,2026-08-09 14:53:44.489038,False
IOT-0000465,SHP-000199,DEV-569,-21.840054,-45.239947,3.84,67.89,63,2026-08-13 00:37:44.489038,False
IOT-0000466,SHP-000508,DEV-652,40.072705,-86.764332,3.2,40.58,51,2026-08-11 15:32:44.489038,False
IOT-0000467,SHP-000314,DEV-764,51.203926,9.35747,4.28,52.71,100,2026-08-13 00:11:44.489038,False
IOT-0000468,SHP-000275,DEV-591,35.196277,141.978928,3.61,68.35,28,2026-08-13 01:01:44.489038,False
IOT-0000469,SHP-000439,DEV-133,29.723263,122.199629,3.36,73.77,60,2026-08-09 05:26:44.489038,False
IOT-0000470,SHP-000039,DEV-566,-31.4744,149.548532,4.57,74.89,19,2026-08-11 13:25:44.489038,False
IOT-0000471,SHP-000305,DEV-851,1.463393,102.523751,3.63,51.93,69,2026-08-09 10:47:44.489038,False
IOT-0000472,SHP-000485,DEV-267,51.174699,8.723031,2.04,50.6,27,2026-08-11 14:43:44.489038,False
IOT-0000473,SHP-000275,DEV-762,35.711345,-119.424211,4.21,58.55,70,2026-08-09 12:53:44.489038,False
IOT-0000474,SHP-000159,DEV-492,40.809447,-89.572474,3.0,41.35,84,2026-08-08 20:01:44.489038,False
IOT-0000475,SHP-000327,DEV-995,43.646711,-88.355438,15.3,49.25,93,2026-08-10 08:29:44.489038,True
IOT-0000476,SHP-000267,DEV-800,30.601355,121.368267,3.81,43.82,32,2026-08-09 04:45:44.489038,False
IOT-0000477,SHP-000171,DEV-715,34.028957,-116.451476,5.21,63.78,55,2026-08-11 07:26:44.489038,False
IOT-0000478,SHP-000584,DEV-353,-33.932006,151.57857,5.45,50.39,28,2026-08-11 18:00:44.489038,False
IOT-0000479,SHP-000257,DEV-719,-23.728152,-46.150722,2.94,68.06,49,2026-08-12 07:45:44.489038,False
IOT-0000480,SHP-000044,DEV-530,39.56384,-87.121807,3.62,60.45,90,2026-08-08 13:31:44.489038,False
IOT-0000481,SHP-000066,DEV-729,54.219175,4.939843,5.75,57.3,38,2026-08-09 18:12:44.489038,False
IOT-0000482,SHP-000367,DEV-704,37.689323,137.485375,5.79,41.96,40,2026-08-08 06:04:44.489038,False
IOT-0000483,SHP-000537,DEV-480,31.182046,120.967309,2.82,71.47,84,2026-08-08 12:38:44.489038,False
IOT-0000484,SHP-000301,DEV-686,32.915855,119.906472,15.51,60.06,63,2026-08-11 19:17:44.489038,True
IOT-0000485,SHP-000524,DEV-685,54.228379,4.04072,3.15,68.01,67,2026-08-12 03:31:44.489038,False
IOT-0000486,SHP-000151,DEV-699,52.476576,11.229695,6.46,61.17,31,2026-08-11 18:44:44.489038,False
IOT-0000487,SHP-000569,DEV-338,52.930061,7.917357,3.46,66.97,51,2026-08-09 15:28:44.489038,False
IOT-0000488,SHP-000113,DEV-934,36.405771,138.021456,4.23,45.4,81,2026-08-10 06:08:44.489038,False
IOT-0000489,SHP-000266,DEV-232,23.216605,54.58913,3.19,61.35,19,2026-08-12 01:09:44.489038,False
IOT-0000490,SHP-000574,DEV-240,2.259142,103.569253,2.04,48.51,60,2026-08-09 13:09:44.489038,False
IOT-0000491,SHP-000588,DEV-617,-24.507238,-47.968738,4.8,57.67,63,2026-08-12 08:40:44.489038,False
IOT-0000492,SHP-000254,DEV-297,36.042506,-118.960256,4.78,45.07,83,2026-08-08 07:04:44.489038,False
IOT-0000493,SHP-000482,DEV-111,2.418499,106.073514,2.01,49.06,91,2026-08-10 16:14:44.489038,False
IOT-0000494,SHP-000230,DEV-806,31.698188,-119.125836,2.32,64.9,85,2026-08-13 03:23:44.489038,False
IOT-0000495,SHP-000513,DEV-963,-23.373127,-48.03814,2.31,43.27,46,2026-08-13 00:43:44.489038,False
IOT-0000496,SHP-000437,DEV-950,-32.921896,153.414212,2.22,61.3,96,2026-08-08 11:56:44.489038,False
IOT-0000497,SHP-000308,DEV-561,42.549433,-88.693921,3.48,54.6,32,2026-08-11 23:56:44.489038,False
IOT-0000498,SHP-000390,DEV-171,42.666611,-88.286487,5.22,68.44,81,2026-08-12 09:56:44.489038,False
IOT-0000499,SHP-000241,DEV-779,-21.68989,-43.987005,6.15,55.44,94,2026-08-10 09:16:44.489038,False
IOT-0000500,SHP-000327,DEV-884,53.946006,10.314838,6.02,51.58,61,2026-08-09 05:08:44.489038,False
IOT-0000501,SHP-000152,DEV-780,-32.704447,149.477369,10.04,73.0,97,2026-08-10 16:22:44.489038,True
IOT-0000502,SHP-000580,DEV-231,32.912344,-118.967988,11.05,66.13,60,2026-08-09 10:17:44.489038,True
IOT-0000503,SHP-000582,DEV-725,-36.176655,152.947771,2.67,42.79,73,2026-08-11 00:23:44.489038,False
IOT-0000504,SHP-000234,DEV-759,33.841734,138.754166,9.4,62.52,46,2026-08-12 13:27:44.489038,True
IOT-0000505,SHP-000092,DEV-408,53.694251,8.066338,5.7,71.68,61,2026-08-10 23:17:44.489038,False
IOT-0000506,SHP-000372,DEV-898,32.357497,119.713623,2.75,72.85,19,2026-08-09 07:17:44.489038,False
IOT-0000507,SHP-000347,DEV-728,54.611562,9.730076,2.29,49.87,17,2026-08-09 19:59:44.489038,False
IOT-0000508,SHP-000491,DEV-586,32.656756,120.654153,4.16,50.6,44,2026-08-10 00:29:44.489038,False
IOT-0000509,SHP-000319,DEV-501,35.460568,140.197846,4.16,61.29,16,2026-08-12 02:29:44.489038,False
IOT-0000510,SHP-000409,DEV-141,41.004004,-89.489184,4.19,63.46,33,2026-08-08 14:32:44.489038,False
IOT-0000511,SHP-000290,DEV-678,31.083962,122.716875,5.25,62.23,65,2026-08-08 19:35:44.489038,False
IOT-0000512,SHP-000521,DEV-437,24.647531,55.997957,6.13,59.62,67,2026-08-10 23:21:44.489038,False
IOT-0000513,SHP-000166,DEV-705,3.288683,104.131547,3.1,40.3,76,2026-08-10 09:56:44.489038,False
IOT-0000514,SHP-000078,DEV-461,0.705151,103.582278,5.03,57.77,76,2026-08-10 11:56:44.489038,False
IOT-0000515,SHP-000529,DEV-196,50.248562,2.961468,5.39,73.51,58,2026-08-09 00:52:44.489038,False
IOT-0000516,SHP-000340,DEV-243,22.82037,54.37831,2.49,40.12,56,2026-08-11 06:36:44.489038,False
IOT-0000517,SHP-000510,DEV-586,23.293028,54.805322,4.29,43.97,93,2026-08-11 03:29:44.489038,False
IOT-0000518,SHP-000409,DEV-196,2.77165,105.405079,5.78,46.44,19,2026-08-08 19:33:44.489038,False
IOT-0000519,SHP-000183,DEV-421,29.633676,120.291497,3.1,49.5,68,2026-08-09 18:36:44.489038,False
IOT-0000520,SHP-000404,DEV-630,50.652582,5.790187,2.77,65.6,98,2026-08-12 14:26:44.489038,False
IOT-0000521,SHP-000040,DEV-642,39.786474,-85.170224,4.83,52.76,28,2026-08-12 12:13:44.489038,False
IOT-0000522,SHP-000580,DEV-485,53.006226,12.452068,13.38,61.08,51,2026-08-09 22:05:44.489038,True
IOT-0000523,SHP-000358,DEV-431,-31.525084,149.628705,2.95,46.85,93,2026-08-11 15:42:44.489038,False
IOT-0000524,SHP-000536,DEV-769,35.326421,-118.095832,4.56,71.55,28,2026-08-10 02:54:44.489038,False
IOT-0000525,SHP-000148,DEV-385,33.71946,-115.909133,6.07,63.96,83,2026-08-13 02:18:44.489038,False
IOT-0000526,SHP-000089,DEV-609,-23.850877,-45.889417,4.33,70.52,86,2026-08-12 20:00:44.489038,False
IOT-0000527,SHP-000307,DEV-780,-25.040038,-45.568718,2.88,40.74,26,2026-08-08 06:05:44.489038,False
IOT-0000528,SHP-000542,DEV-924,-31.791237,151.574573,4.42,43.43,89,2026-08-12 15:55:44.489038,False
IOT-0000529,SHP-000023,DEV-948,-25.887799,-47.400973,4.66,44.37,29,2026-08-08 11:47:44.489038,False
IOT-0000530,SHP-000256,DEV-420,53.90734,8.443645,6.1,58.35,50,2026-08-08 16:53:44.489038,False
IOT-0000531,SHP-000579,DEV-559,-0.342829,105.314497,2.56,68.07,80,2026-08-10 09:14:44.489038,False
IOT-0000532,SHP-000195,DEV-799,52.31544,7.525593,4.08,50.97,34,2026-08-09 03:41:44.489038,False
IOT-0000533,SHP-000415,DEV-871,52.470305,11.621985,3.53,64.25,94,2026-08-08 05:58:44.489038,False
IOT-0000534,SHP-000589,DEV-271,32.53199,119.057295,3.07,54.29,79,2026-08-08 16:36:44.489038,False
IOT-0000535,SHP-000106,DEV-264,-26.424637,-47.578122,3.05,41.21,16,2026-08-11 08:06:44.489038,False
IOT-0000536,SHP-000005,DEV-557,32.272561,-118.965884,6.07,61.79,72,2026-08-10 15:09:44.489038,False
IOT-0000537,SHP-000194,DEV-688,33.571747,137.359966,17.79,43.85,43,2026-08-09 14:38:44.489038,True
IOT-0000538,SHP-000162,DEV-222,-33.224796,150.327132,3.76,73.42,91,2026-08-09 18:32:44.489038,False
IOT-0000539,SHP-000306,DEV-809,41.433623,-87.561363,5.69,56.94,76,2026-08-09 16:52:44.489038,False
IOT-0000540,SHP-000321,DEV-515,-34.455458,151.629444,3.61,58.17,38,2026-08-10 08:38:44.489038,False
IOT-0000541,SHP-000390,DEV-665,28.848718,119.749065,5.97,67.94,91,2026-08-10 21:17:44.489038,False
IOT-0000542,SHP-000427,DEV-808,34.363352,141.305274,5.48,51.64,68,2026-08-12 00:44:44.489038,False
IOT-0000543,SHP-000595,DEV-939,-32.114444,150.436096,3.16,56.56,47,2026-08-08 06:00:44.489038,False
IOT-0000544,SHP-000272,DEV-174,32.634165,-120.131611,4.36,59.61,20,2026-08-11 11:42:44.489038,False
IOT-0000545,SHP-000032,DEV-174,34.509476,-119.404238,12.31,65.05,41,2026-08-08 09:15:44.489038,True
IOT-0000546,SHP-000301,DEV-327,30.091869,123.904846,4.88,58.38,39,2026-08-12 09:44:44.489038,False
IOT-0000547,SHP-000227,DEV-890,34.02775,140.387432,4.07,57.57,15,2026-08-08 06:55:44.489038,False
IOT-0000548,SHP-000011,DEV-890,49.937765,3.840102,4.03,52.81,36,2026-08-12 03:49:44.489038,False
IOT-0000549,SHP-000398,DEV-945,1.087347,101.529474,5.78,52.63,45,2026-08-08 13:33:44.489038,False
IOT-0000550,SHP-000046,DEV-669,-31.891188,151.380798,3.09,48.98,33,2026-08-10 20:29:44.489038,False
IOT-0000551,SHP-000232,DEV-312,33.916212,138.82958,3.88,63.94,48,2026-08-08 15:57:44.489038,False
IOT-0000552,SHP-000335,DEV-869,2.567529,103.541426,13.77,43.87,77,2026-08-11 09:47:44.489038,True
IOT-0000553,SHP-000378,DEV-539,36.397296,-116.292975,4.09,63.63,80,2026-08-11 16:29:44.489038,False
IOT-0000554,SHP-000372,DEV-631,1.336036,105.518593,5.01,66.09,16,2026-08-11 05:19:44.489038,False
IOT-0000555,SHP-000306,DEV-664,2.04543,105.04938,9.83,46.04,63,2026-08-12 23:18:44.489038,True
IOT-0000556,SHP-000491,DEV-442,54.351029,3.793491,3.42,65.97,24,2026-08-09 10:53:44.489038,False
IOT-0000557,SHP-000259,DEV-899,-34.615767,153.430721,6.39,62.09,35,2026-08-11 21:48:44.489038,False
IOT-0000558,SHP-000536,DEV-617,35.906363,138.959215,6.43,40.08,80,2026-08-08 08:11:44.489038,False
IOT-0000559,SHP-000095,DEV-590,40.13594,-89.625498,4.12,49.12,69,2026-08-12 20:42:44.489038,False
IOT-0000560,SHP-000595,DEV-109,56.00231,11.675693,3.79,72.23,93,2026-08-10 12:22:44.489038,False
IOT-0000561,SHP-000248,DEV-333,34.302684,140.516681,4.51,68.01,26,2026-08-09 12:05:44.489038,False
IOT-0000562,SHP-000596,DEV-391,3.831699,102.044413,2.58,54.82,23,2026-08-11 07:44:44.489038,False
IOT-0000563,SHP-000358,DEV-100,-0.892764,102.554126,14.9,59.62,60,2026-08-12 22:09:44.489038,True
IOT-0000564,SHP-000469,DEV-513,-21.998078,-48.444197,6.42,70.14,57,2026-08-12 20:44:44.489038,False
IOT-0000565,SHP-000134,DEV-253,2.121195,104.854165,3.33,48.78,67,2026-08-11 20:39:44.489038,False
IOT-0000566,SHP-000254,DEV-275,32.861686,-119.450949,6.04,49.85,46,2026-08-12 19:33:44.489038,False
IOT-0000567,SHP-000060,DEV-873,-26.145445,-47.610814,4.51,42.42,66,2026-08-11 04:19:44.489038,False
IOT-0000568,SHP-000164,DEV-956,23.411245,53.139782,6.04,40.06,46,2026-08-11 19:10:44.489038,False
IOT-0000569,SHP-000455,DEV-808,24.954472,55.855072,5.65,50.88,32,2026-08-08 18:13:44.489038,False
IOT-0000570,SHP-000344,DEV-530,52.60286,6.476141,3.29,53.09,59,2026-08-10 00:28:44.489038,False
IOT-0000571,SHP-000592,DEV-195,2.886764,102.561312,4.72,48.27,56,2026-08-13 03:55:44.489038,False
IOT-0000572,SHP-000057,DEV-705,33.127249,-117.924812,5.42,50.87,39,2026-08-11 13:49:44.489038,False
IOT-0000573,SHP-000519,DEV-956,37.08181,141.888291,4.04,62.7,31,2026-08-08 07:28:44.489038,False
IOT-0000574,SHP-000189,DEV-218,34.865574,141.192925,4.11,69.61,45,2026-08-12 15:17:44.489038,False
IOT-0000575,SHP-000262,DEV-793,50.787992,3.189848,2.03,48.14,84,2026-08-10 20:11:44.489038,False
IOT-0000576,SHP-000002,DEV-446,40.839109,-87.368573,4.42,69.4,85,2026-08-11 12:48:44.489038,False
IOT-0000577,SHP-000246,DEV-175,35.64002,-116.799065,4.75,47.27,60,2026-08-12 11:05:44.489038,False
IOT-0000578,SHP-000145,DEV-181,37.214771,139.384707,2.74,55.27,72,2026-08-13 05:43:44.489038,False
IOT-0000579,SHP-000045,DEV-168,-24.34803,-47.372058,12.43,53.3,17,2026-08-11 06:53:44.489038,True
IOT-0000580,SHP-000293,DEV-838,40.716375,-89.768119,3.03,72.31,73,2026-08-08 16:10:44.489038,False
IOT-0000581,SHP-000581,DEV-579,52.259276,2.73363,6.31,61.13,81,2026-08-11 03:52:44.489038,False
IOT-0000582,SHP-000304,DEV-893,-24.852878,-46.575383,13.84,58.69,47,2026-08-11 07:22:44.489038,True
IOT-0000583,SHP-000241,DEV-705,-32.105626,151.394709,5.04,41.07,69,2026-08-08 16:06:44.489038,False
IOT-0000584,SHP-000502,DEV-261,36.185913,141.419437,3.44,52.83,18,2026-08-11 16:22:44.489038,False
IOT-0000585,SHP-000584,DEV-425,52.619886,2.765391,6.21,51.0,59,2026-08-08 08:04:44.489038,False
IOT-0000586,SHP-000522,DEV-678,31.729869,123.378825,5.9,40.82,22,2026-08-10 16:04:44.489038,False
IOT-0000587,SHP-000405,DEV-219,54.153597,8.763804,2.03,48.22,67,2026-08-12 01:26:44.489038,False
IOT-0000588,SHP-000571,DEV-354,33.666302,119.977276,6.47,64.11,17,2026-08-10 08:14:44.489038,False
IOT-0000589,SHP-000350,DEV-275,-34.788,150.691914,6.33,54.64,94,2026-08-09 10:57:44.489038,False
IOT-0000590,SHP-000110,DEV-908,35.212225,-119.099435,2.56,43.55,42,2026-08-09 19:59:44.489038,False
IOT-0000591,SHP-000133,DEV-425,-32.090848,150.477249,4.69,54.66,47,2026-08-11 02:02:44.489038,False
IOT-0000592,SHP-000050,DEV-587,54.863389,10.257275,6.49,72.04,100,2026-08-11 04:14:44.489038,False
IOT-0000593,SHP-000196,DEV-407,-31.96101,151.47415,5.22,67.1,67,2026-08-11 00:21:44.489038,False
IOT-0000594,SHP-000464,DEV-972,40.815394,-85.179101,2.92,47.13,88,2026-08-13 05:44:44.489038,False
IOT-0000595,SHP-000361,DEV-753,-35.164755,150.671179,5.74,68.66,82,2026-08-11 04:06:44.489038,False
IOT-0000596,SHP-000406,DEV-274,38.023802,138.770372,4.94,61.41,86,2026-08-08 22:32:44.489038,False
IOT-0000597,SHP-000341,DEV-879,25.610051,54.08795,3.12,64.54,21,2026-08-11 23:47:44.489038,False
IOT-0000598,SHP-000501,DEV-647,0.322585,101.65307,2.74,44.29,50,2026-08-08 07:07:44.489038,False
IOT-0000599,SHP-000505,DEV-951,29.463648,120.641233,4.1,70.02,52,2026-08-11 20:00:44.489038,False
IOT-0000600,SHP-000286,DEV-579,-23.876836,-46.971307,6.04,42.95,63,2026-08-10 00:58:44.489038,False
IOT-0000601,SHP-000024,DEV-301,40.989654,-88.79839,17.11,58.49,74,2026-08-08 12:55:44.489038,True
IOT-0000602,SHP-000246,DEV-913,0.688351,104.145167,5.14,42.93,84,2026-08-08 07:08:44.489038,False
IOT-0000603,SHP-000541,DEV-306,51.273478,4.574862,4.54,58.7,52,2026-08-11 06:52:44.489038,False
IOT-0000604,SHP-000507,DEV-899,32.341198,-116.668617,4.94,59.32,43,2026-08-08 11:17:44.489038,False
IOT-0000605,SHP-000242,DEV-732,23.66118,53.8549,4.76,53.03,22,2026-08-11 12:40:44.489038,False
IOT-0000606,SHP-000106,DEV-918,29.093973,121.576381,4.56,53.49,26,2026-08-10 00:12:44.489038,False
IOT-0000607,SHP-000235,DEV-781,36.163447,-119.909019,5.96,51.65,78,2026-08-08 10:16:44.489038,False
IOT-0000608,SHP-000129,DEV-972,34.50775,138.260751,5.91,68.73,36,2026-08-10 22:43:44.489038,False
IOT-0000609,SHP-000345,DEV-521,-34.538489,153.142534,3.48,42.12,65,2026-08-12 00:37:44.489038,False
IOT-0000610,SHP-000387,DEV-763,32.881983,123.878926,3.62,58.47,66,2026-08-08 10:48:44.489038,False
IOT-0000611,SHP-000068,DEV-215,-35.436734,149.873221,2.72,74.99,60,2026-08-12 13:16:44.489038,False
IOT-0000612,SHP-000013,DEV-834,-22.836818,-46.996537,3.26,69.58,87,2026-08-09 15:21:44.489038,False
IOT-0000613,SHP-000046,DEV-303,-22.016471,-47.718523,3.08,54.83,62,2026-08-08 15:31:44.489038,False
IOT-0000614,SHP-000076,DEV-102,35.603606,-116.646252,3.45,68.11,43,2026-08-09 05:58:44.489038,False
IOT-0000615,SHP-000258,DEV-945,52.301918,12.11101,3.71,70.62,76,2026-08-11 03:55:44.489038,False
IOT-0000616,SHP-000332,DEV-120,-0.762246,103.200954,4.38,62.07,64,2026-08-08 06:31:44.489038,False
IOT-0000617,SHP-000178,DEV-764,50.721655,5.923371,5.12,49.39,36,2026-08-12 00:38:44.489038,False
IOT-0000618,SHP-000477,DEV-398,52.106565,8.655773,12.88,53.62,89,2026-08-10 18:29:44.489038,True
IOT-0000619,SHP-000598,DEV-485,31.764855,-120.048466,12.82,63.46,48,2026-08-09 20:20:44.489038,True
IOT-0000620,SHP-000140,DEV-357,32.059037,119.863555,3.57,46.1,37,2026-08-11 19:11:44.489038,False
IOT-0000621,SHP-000214,DEV-457,26.7291,54.963445,4.65,48.02,26,2026-08-12 12:40:44.489038,False
IOT-0000622,SHP-000258,DEV-986,42.372562,-85.628369,5.4,68.76,37,2026-08-09 03:25:44.489038,False
IOT-0000623,SHP-000068,DEV-244,36.205439,-117.838072,3.61,57.32,25,2026-08-08 20:45:44.489038,False
IOT-0000624,SHP-000144,DEV-540,50.084402,2.845947,6.16,40.54,23,2026-08-12 09:30:44.489038,False
IOT-0000625,SHP-000420,DEV-218,41.364411,-89.113336,6.39,46.21,37,2026-08-10 00:53:44.489038,False
IOT-0000626,SHP-000081,DEV-591,3.786253,103.376459,2.58,70.61,65,2026-08-11 04:04:44.489038,False
IOT-0000627,SHP-000069,DEV-113,53.649686,4.666751,6.48,54.95,23,2026-08-09 11:04:44.489038,False
IOT-0000628,SHP-000150,DEV-917,-25.151328,-45.221929,2.09,71.87,95,2026-08-12 05:08:44.489038,False
IOT-0000629,SHP-000518,DEV-140,-1.079975,103.151944,2.32,47.58,58,2026-08-12 15:11:44.489038,False
IOT-0000630,SHP-000600,DEV-300,43.423166,-90.128963,6.44,58.01,53,2026-08-12 16:53:44.489038,False
IOT-0000631,SHP-000401,DEV-115,54.966426,8.350405,4.82,56.04,61,2026-08-10 05:23:44.489038,False
IOT-0000632,SHP-000533,DEV-313,54.104876,10.945656,2.35,66.27,54,2026-08-09 18:34:44.489038,False
IOT-0000633,SHP-000135,DEV-712,29.756678,122.412348,4.56,53.34,99,2026-08-11 06:56:44.489038,False
IOT-0000634,SHP-000278,DEV-997,-31.467124,150.065609,3.64,57.82,97,2026-08-09 16:49:44.489038,False
IOT-0000635,SHP-000188,DEV-235,41.350368,-89.712168,2.44,61.37,85,2026-08-09 21:31:44.489038,False
IOT-0000636,SHP-000401,DEV-394,37.153841,140.23636,6.01,47.12,18,2026-08-09 04:18:44.489038,False
IOT-0000637,SHP-000283,DEV-356,24.235408,54.678969,5.83,52.45,15,2026-08-12 22:39:44.489038,False
IOT-0000638,SHP-000273,DEV-385,33.247678,-120.201976,2.35,59.95,31,2026-08-08 21:15:44.489038,False
IOT-0000639,SHP-000567,DEV-203,-23.698789,-44.273355,5.69,68.48,88,2026-08-10 07:02:44.489038,False
IOT-0000640,SHP-000497,DEV-439,37.456273,141.651623,3.03,71.4,41,2026-08-08 05:07:44.489038,False
IOT-0000641,SHP-000436,DEV-166,37.704221,138.099975,5.26,45.31,56,2026-08-11 22:50:44.489038,False
IOT-0000642,SHP-000305,DEV-761,39.991796,-87.491329,4.61,64.24,50,2026-08-08 14:04:44.489038,False
IOT-0000643,SHP-000278,DEV-382,55.136635,10.220046,3.55,41.65,22,2026-08-12 08:00:44.489038,False
IOT-0000644,SHP-000401,DEV-785,53.378173,9.85983,4.53,56.84,20,2026-08-12 12:12:44.489038,False
IOT-0000645,SHP-000409,DEV-792,-26.190925,-44.904034,5.97,56.32,35,2026-08-10 18:25:44.489038,False
IOT-0000646,SHP-000002,DEV-923,1.874893,102.556745,2.48,53.66,67,2026-08-10 17:19:44.489038,False
IOT-0000647,SHP-000301,DEV-478,-22.265713,-48.5726,6.06,71.23,48,2026-08-12 10:16:44.489038,False
IOT-0000648,SHP-000249,DEV-868,32.497068,-116.831322,6.19,44.34,25,2026-08-12 14:43:44.489038,False
IOT-0000649,SHP-000398,DEV-723,33.916637,-119.170682,5.03,44.57,96,2026-08-09 20:39:44.489038,False
IOT-0000650,SHP-000548,DEV-612,-0.100411,104.558977,11.49,54.84,16,2026-08-08 12:34:44.489038,True
IOT-0000651,SHP-000445,DEV-855,52.629687,7.60241,4.01,40.8,40,2026-08-11 09:30:44.489038,False
IOT-0000652,SHP-000175,DEV-381,-25.266821,-45.54295,4.99,68.26,65,2026-08-10 04:50:44.489038,False
IOT-0000653,SHP-000163,DEV-106,30.79523,119.441113,6.11,46.81,79,2026-08-11 10:45:44.489038,False
IOT-0000654,SHP-000223,DEV-962,34.879984,138.019044,4.6,46.97,25,2026-08-10 19:10:44.489038,False
IOT-0000655,SHP-000523,DEV-177,32.623715,-119.378312,4.2,70.41,22,2026-08-12 18:32:44.489038,False
IOT-0000656,SHP-000525,DEV-971,33.021745,-118.260299,6.4,69.28,56,2026-08-12 10:45:44.489038,False
IOT-0000657,SHP-000392,DEV-480,51.565963,8.231699,4.74,73.01,92,2026-08-08 16:49:44.489038,False
IOT-0000658,SHP-000266,DEV-943,37.837664,141.76816,4.94,57.33,46,2026-08-08 11:16:44.489038,False
IOT-0000659,SHP-000197,DEV-355,24.773447,54.663318,2.61,44.61,58,2026-08-10 14:04:44.489038,False
IOT-0000660,SHP-000568,DEV-938,33.935984,-118.078881,2.74,52.48,83,2026-08-08 16:33:44.489038,False
IOT-0000661,SHP-000322,DEV-374,31.944189,-116.626815,2.9,71.15,72,2026-08-11 22:16:44.489038,False
IOT-0000662,SHP-000197,DEV-336,36.105087,-116.760772,4.01,65.89,100,2026-08-11 20:12:44.489038,False
IOT-0000663,SHP-000229,DEV-788,53.434512,2.852043,2.42,62.21,48,2026-08-13 01:39:44.489038,False
IOT-0000664,SHP-000119,DEV-793,-25.786708,-45.667442,3.21,64.49,23,2026-08-11 22:05:44.489038,False
IOT-0000665,SHP-000182,DEV-733,-33.46405,151.092307,3.53,40.08,64,2026-08-11 23:40:44.489038,False
IOT-0000666,SHP-000364,DEV-629,32.392403,-117.196744,6.24,40.97,81,2026-08-10 08:46:44.489038,False
IOT-0000667,SHP-000139,DEV-730,-31.804905,152.43766,4.36,63.86,35,2026-08-10 02:55:44.489038,False
IOT-0000668,SHP-000077,DEV-586,29.993489,123.309231,3.05,71.57,28,2026-08-08 12:41:44.489038,False
IOT-0000669,SHP-000306,DEV-427,-23.856066,-47.37006,4.32,49.41,66,2026-08-12 23:50:44.489038,False
IOT-0000670,SHP-000237,DEV-584,32.923072,-120.695543,3.07,68.02,58,2026-08-13 04:17:44.489038,False
IOT-0000671,SHP-000125,DEV-298,32.884813,-119.888361,4.05,68.67,79,2026-08-08 10:52:44.489038,False
IOT-0000672,SHP-000482,DEV-871,35.616626,139.311641,4.42,59.27,78,2026-08-09 21:12:44.489038,False
IOT-0000673,SHP-000426,DEV-749,35.074555,139.976655,5.77,70.74,48,2026-08-08 10:23:44.489038,False
IOT-0000674,SHP-000202,DEV-530,31.570438,-118.14295,6.29,53.18,68,2026-08-10 01:49:44.489038,False
IOT-0000675,SHP-000131,DEV-733,26.377779,55.101172,5.84,46.49,100,2026-08-13 03:35:44.489038,False
IOT-0000676,SHP-000493,DEV-324,33.602859,-118.596837,6.07,48.36,88,2026-08-10 22:35:44.489038,False
IOT-0000677,SHP-000230,DEV-895,-35.053705,152.309148,2.14,56.16,76,2026-08-13 00:36:44.489038,False
IOT-0000678,SHP-000442,DEV-112,34.543024,138.131498,4.01,49.72,74,2026-08-10 06:06:44.489038,False
IOT-0000679,SHP-000582,DEV-612,30.570902,121.758818,2.38,44.49,65,2026-08-13 05:20:44.489038,False
IOT-0000680,SHP-000433,DEV-337,40.078807,-86.25261,4.2,41.19,26,2026-08-09 10:06:44.489038,False
IOT-0000681,SHP-000281,DEV-180,32.332556,-115.913419,4.89,40.95,89,2026-08-09 16:16:44.489038,False
IOT-0000682,SHP-000279,DEV-138,-22.351672,-45.472295,17.94,64.82,28,2026-08-10 19:43:44.489038,True
IOT-0000683,SHP-000035,DEV-815,53.038105,2.361438,2.69,68.92,45,2026-08-10 16:19:44.489038,False
IOT-0000684,SHP-000138,DEV-111,-26.072638,-44.950292,2.46,72.77,93,2026-08-09 07:52:44.489038,False
IOT-0000685,SHP-000496,DEV-767,-0.09789,104.032147,4.09,66.77,64,2026-08-08 21:00:44.489038,False
IOT-0000686,SHP-000165,DEV-468,31.176146,121.700846,4.1,54.5,48,2026-08-10 14:12:44.489038,False
IOT-0000687,SHP-000567,DEV-783,37.817895,139.186527,2.11,40.01,73,2026-08-09 13:09:44.489038,False
IOT-0000688,SHP-000203,DEV-104,33.701424,-116.531189,3.24,68.98,93,2026-08-12 22:38:44.489038,False
IOT-0000689,SHP-000151,DEV-420,39.612112,-85.656375,6.03,71.18,85,2026-08-08 23:44:44.489038,False
IOT-0000690,SHP-000090,DEV-541,53.084976,6.81928,2.09,51.4,62,2026-08-11 13:03:44.489038,False
IOT-0000691,SHP-000420,DEV-402,-25.550429,-48.829996,5.76,47.63,94,2026-08-11 03:33:44.489038,False
IOT-0000692,SHP-000227,DEV-941,41.373165,-88.793041,5.18,68.24,45,2026-08-09 04:04:44.489038,False
IOT-0000693,SHP-000302,DEV-757,54.088763,5.063892,2.29,62.74,60,2026-08-12 21:38:44.489038,False
IOT-0000694,SHP-000077,DEV-528,54.194856,10.357242,5.18,57.14,16,2026-08-13 05:20:44.489038,False
IOT-0000695,SHP-000306,DEV-448,-0.832803,101.569918,2.59,40.86,99,2026-08-08 13:32:44.489038,False
IOT-0000696,SHP-000383,DEV-119,33.516922,-120.551902,3.61,56.77,29,2026-08-09 05:53:44.489038,False
IOT-0000697,SHP-000017,DEV-371,0.450749,102.973979,3.42,57.2,17,2026-08-10 07:47:44.489038,False
IOT-0000698,SHP-000222,DEV-111,1.23931,102.043258,4.93,57.78,53,2026-08-10 13:39:44.489038,False
IOT-0000699,SHP-000085,DEV-810,41.26081,-86.599573,5.43,40.76,87,2026-08-10 16:45:44.489038,False
IOT-0000700,SHP-000461,DEV-507,55.311798,8.162121,4.84,43.57,62,2026-08-10 22:30:44.489038,False
IOT-0000701,SHP-000416,DEV-377,-32.10643,150.653986,3.03,63.31,43,2026-08-09 09:32:44.489038,False
IOT-0000702,SHP-000329,DEV-442,30.164356,122.57965,4.91,72.05,63,2026-08-11 17:23:44.489038,False
IOT-0000703,SHP-000349,DEV-518,52.823499,12.350811,3.78,69.39,24,2026-08-12 05:49:44.489038,False
IOT-0000704,SHP-000149,DEV-412,50.987276,6.725874,2.9,64.65,26,2026-08-12 23:14:44.489038,False
IOT-0000705,SHP-000008,DEV-984,3.141317,106.211493,5.47,67.5,54,2026-08-09 02:22:44.489038,False
IOT-0000706,SHP-000339,DEV-293,1.193238,102.695766,5.97,72.13,26,2026-08-11 18:33:44.489038,False
IOT-0000707,SHP-000442,DEV-414,31.857814,122.246627,2.59,50.14,48,2026-08-08 14:51:44.489038,False
IOT-0000708,SHP-000485,DEV-241,53.623475,6.405212,3.17,56.46,49,2026-08-10 02:54:44.489038,False
IOT-0000709,SHP-000066,DEV-897,33.497663,141.964698,2.99,48.58,38,2026-08-08 18:53:44.489038,False
IOT-0000710,SHP-000436,DEV-462,26.008732,54.481859,2.38,50.99,28,2026-08-11 03:07:44.489038,False
IOT-0000711,SHP-000271,DEV-816,3.760238,103.520729,3.04,47.12,76,2026-08-11 17:05:44.489038,False
IOT-0000712,SHP-000011,DEV-989,51.418917,9.411802,2.39,66.01,19,2026-08-08 18:52:44.489038,False
IOT-0000713,SHP-000572,DEV-497,27.580098,57.340153,5.5,51.78,62,2026-08-11 03:19:44.489038,False
IOT-0000714,SHP-000472,DEV-863,34.018463,141.536025,2.19,66.44,31,2026-08-10 02:10:44.489038,False
IOT-0000715,SHP-000145,DEV-660,-33.287123,151.480328,11.76,56.34,97,2026-08-13 02:49:44.489038,True
IOT-0000716,SHP-000549,DEV-418,49.789799,2.095384,3.53,41.4,43,2026-08-12 03:56:44.489038,False
IOT-0000717,SHP-000588,DEV-402,-0.298727,103.998243,2.31,68.26,59,2026-08-10 17:56:44.489038,False
IOT-0000718,SHP-000120,DEV-453,24.944656,54.784973,3.11,72.67,98,2026-08-08 20:47:44.489038,False
IOT-0000719,SHP-000585,DEV-372,33.39742,119.100041,4.37,46.17,91,2026-08-11 23:29:44.489038,False
IOT-0000720,SHP-000402,DEV-648,23.316131,54.426516,4.24,71.08,26,2026-08-08 15:30:44.489038,False
IOT-0000721,SHP-000238,DEV-417,30.178253,123.933711,4.03,53.37,39,2026-08-09 20:32:44.489038,False
IOT-0000722,SHP-000325,DEV-245,32.450909,118.976611,4.37,48.58,65,2026-08-08 13:35:44.489038,False
IOT-0000723,SHP-000231,DEV-929,-21.958689,-47.915555,5.27,59.33,70,2026-08-11 08:51:44.489038,False
IOT-0000724,SHP-000345,DEV-519,-25.756948,-44.918733,6.33,49.67,35,2026-08-10 15:59:44.489038,False
IOT-0000725,SHP-000301,DEV-330,29.81038,123.660718,3.91,58.89,15,2026-08-12 22:20:44.489038,False
IOT-0000726,SHP-000529,DEV-779,33.73591,-116.308364,2.83,56.07,47,2026-08-08 07:41:44.489038,False
IOT-0000727,SHP-000470,DEV-710,-23.071853,-48.610512,4.45,43.86,78,2026-08-10 11:20:44.489038,False
IOT-0000728,SHP-000203,DEV-803,29.206923,119.322205,16.24,40.19,24,2026-08-11 22:05:44.489038,True
IOT-0000729,SHP-000598,DEV-769,-24.696325,-45.671272,12.13,70.75,16,2026-08-09 11:32:44.489038,True
IOT-0000730,SHP-000587,DEV-214,36.305314,-117.910097,4.15,68.03,66,2026-08-11 00:50:44.489038,False
IOT-0000731,SHP-000069,DEV-833,-32.253146,149.351855,4.77,58.14,74,2026-08-08 15:01:44.489038,False
IOT-0000732,SHP-000204,DEV-639,35.034427,-119.907928,3.34,71.58,54,2026-08-09 14:07:44.489038,False
IOT-0000733,SHP-000325,DEV-655,42.232394,-88.070527,2.86,61.13,42,2026-08-13 02:47:44.489038,False
IOT-0000734,SHP-000549,DEV-114,36.129687,-117.511236,5.51,47.62,24,2026-08-09 04:12:44.489038,False
IOT-0000735,SHP-000417,DEV-502,-35.567465,150.463309,4.4,57.68,94,2026-08-10 13:59:44.489038,False
IOT-0000736,SHP-000214,DEV-739,27.008317,55.708755,5.08,47.32,41,2026-08-08 18:44:44.489038,False
IOT-0000737,SHP-000298,DEV-782,-24.070483,-47.824824,5.74,70.0,61,2026-08-11 06:33:44.489038,False
IOT-0000738,SHP-000180,DEV-935,35.796213,140.320176,2.5,70.62,16,2026-08-11 23:21:44.489038,False
IOT-0000739,SHP-000231,DEV-387,-31.46498,151.601665,6.1,65.44,45,2026-08-11 21:18:44.489038,False
IOT-0000740,SHP-000439,DEV-104,52.0565,3.082343,2.9,57.71,22,2026-08-08 22:04:44.489038,False
IOT-0000741,SHP-000387,DEV-901,-21.656446,-44.034752,5.39,58.0,95,2026-08-08 06:17:44.489038,False
IOT-0000742,SHP-000548,DEV-103,49.998818,2.866878,4.67,61.16,33,2026-08-09 12:07:44.489038,False
IOT-0000743,SHP-000492,DEV-820,40.686433,-87.8879,6.5,49.35,96,2026-08-10 07:55:44.489038,False
IOT-0000744,SHP-000490,DEV-986,44.370348,-87.688402,4.11,43.67,52,2026-08-10 14:13:44.489038,False
IOT-0000745,SHP-000123,DEV-615,35.242964,140.320507,6.11,53.81,95,2026-08-13 03:01:44.489038,False
IOT-0000746,SHP-000382,DEV-224,51.93061,2.442793,9.22,66.22,17,2026-08-09 01:14:44.489038,True
IOT-0000747,SHP-000012,DEV-148,33.896522,141.853221,4.51,67.33,53,2026-08-12 13:44:44.489038,False
IOT-0000748,SHP-000464,DEV-762,32.479237,120.832566,2.27,62.18,62,2026-08-12 20:15:44.489038,False
IOT-0000749,SHP-000548,DEV-473,42.509092,-89.933562,5.15,69.01,80,2026-08-09 06:06:44.489038,False
IOT-0000750,SHP-000131,DEV-332,-35.916263,151.324311,5.18,43.83,44,2026-08-12 11:20:44.489038,False
IOT-0000751,SHP-000302,DEV-603,35.400423,-118.51331,5.43,60.7,57,2026-08-09 14:31:44.489038,False
IOT-0000752,SHP-000068,DEV-255,35.708772,137.748282,3.56,69.77,37,2026-08-08 15:49:44.489038,False
IOT-0000753,SHP-000426,DEV-292,36.139433,138.674243,5.77,54.45,47,2026-08-10 06:10:44.489038,False
IOT-0000754,SHP-000477,DEV-722,36.617877,137.819276,3.81,41.63,59,2026-08-08 06:07:44.489038,False
IOT-0000755,SHP-000420,DEV-632,37.562728,139.058359,2.77,58.5,36,2026-08-09 22:04:44.489038,False
IOT-0000756,SHP-000190,DEV-319,-0.439567,102.913447,5.34,55.45,87,2026-08-10 15:12:44.489038,False
IOT-0000757,SHP-000534,DEV-502,3.483236,103.572965,2.72,74.13,94,2026-08-10 10:03:44.489038,False
IOT-0000758,SHP-000596,DEV-503,32.087157,-116.258628,2.97,42.75,41,2026-08-11 14:09:44.489038,False
IOT-0000759,SHP-000315,DEV-948,53.413956,4.204404,3.28,60.54,60,2026-08-12 21:45:44.489038,False
IOT-0000760,SHP-000339,DEV-267,-22.747069,-47.891036,2.78,74.73,27,2026-08-12 06:40:44.489038,False
IOT-0000761,SHP-000117,DEV-541,23.517466,57.26579,4.11,65.44,55,2026-08-08 05:33:44.489038,False
IOT-0000762,SHP-000584,DEV-562,31.692969,123.927769,3.14,45.04,25,2026-08-10 12:21:44.489038,False
IOT-0000763,SHP-000265,DEV-416,-36.081006,152.008061,2.53,65.4,91,2026-08-09 08:53:44.489038,False
IOT-0000764,SHP-000124,DEV-303,51.244405,4.140365,4.93,68.56,100,2026-08-10 06:25:44.489038,False
IOT-0000765,SHP-000577,DEV-677,40.011563,-89.507534,5.12,69.62,15,2026-08-08 15:04:44.489038,False
IOT-0000766,SHP-000173,DEV-563,49.433117,6.933952,5.37,67.24,74,2026-08-10 04:31:44.489038,False
IOT-0000767,SHP-000115,DEV-231,55.788725,11.021204,5.76,46.83,86,2026-08-08 07:24:44.489038,False
IOT-0000768,SHP-000319,DEV-207,-35.351026,151.522145,3.81,55.02,75,2026-08-11 02:41:44.489038,False
IOT-0000769,SHP-000100,DEV-888,41.968393,-86.763946,4.39,61.05,97,2026-08-11 04:27:44.489038,False
IOT-0000770,SHP-000043,DEV-899,-23.517221,-44.608958,15.16,61.62,72,2026-08-10 21:26:44.489038,True
IOT-0000771,SHP-000225,DEV-261,-31.781438,149.905746,3.16,55.62,37,2026-08-08 11:34:44.489038,False
IOT-0000772,SHP-000116,DEV-586,1.618666,104.956713,5.25,44.35,22,2026-08-13 00:22:44.489038,False
IOT-0000773,SHP-000531,DEV-640,33.391646,120.11199,2.87,66.19,16,2026-08-08 21:54:44.489038,False
IOT-0000774,SHP-000254,DEV-141,-25.737656,-44.229574,6.23,53.3,40,2026-08-12 11:47:44.489038,False
IOT-0000775,SHP-000324,DEV-920,-23.898282,-44.745345,5.84,55.42,31,2026-08-10 11:41:44.489038,False
IOT-0000776,SHP-000167,DEV-767,52.659776,8.343251,3.04,60.62,57,2026-08-08 23:21:44.489038,False
IOT-0000777,SHP-000348,DEV-564,0.43212,103.254078,5.73,56.91,76,2026-08-12 06:36:44.489038,False
IOT-0000778,SHP-000351,DEV-836,-34.228767,151.224851,3.52,71.21,15,2026-08-11 12:08:44.489038,False
IOT-0000779,SHP-000033,DEV-627,51.757815,11.078752,2.08,54.06,82,2026-08-10 20:09:44.489038,False
IOT-0000780,SHP-000339,DEV-507,27.545088,56.030131,2.7,59.39,57,2026-08-12 13:02:44.489038,False
IOT-0000781,SHP-000260,DEV-853,35.61935,-118.852589,4.32,74.18,19,2026-08-13 03:03:44.489038,False
IOT-0000782,SHP-000455,DEV-244,54.885077,8.509161,2.56,40.26,37,2026-08-10 20:34:44.489038,False
IOT-0000783,SHP-000386,DEV-922,34.166845,-119.924601,3.89,68.13,70,2026-08-09 23:48:44.489038,False
IOT-0000784,SHP-000567,DEV-928,-23.158202,-47.132999,5.25,71.62,25,2026-08-12 02:51:44.489038,False
IOT-0000785,SHP-000246,DEV-135,-35.569859,149.675681,4.45,40.83,85,2026-08-09 10:11:44.489038,False
IOT-0000786,SHP-000380,DEV-486,55.631336,10.396535,4.12,45.06,29,2026-08-08 07:21:44.489038,False
IOT-0000787,SHP-000233,DEV-263,30.600041,123.828417,6.41,60.39,64,2026-08-12 18:37:44.489038,False
IOT-0000788,SHP-000459,DEV-821,33.46466,120.692271,5.59,66.96,45,2026-08-10 14:16:44.489038,False
IOT-0000789,SHP-000554,DEV-620,-25.851151,-48.616924,4.38,56.47,37,2026-08-10 21:52:44.489038,False
IOT-0000790,SHP-000163,DEV-225,-23.675347,-45.761709,3.9,73.22,100,2026-08-09 11:22:44.489038,False
IOT-0000791,SHP-000405,DEV-424,-0.503621,105.533549,2.15,59.96,31,2026-08-10 21:32:44.489038,False
IOT-0000792,SHP-000406,DEV-339,44.162699,-89.54485,4.56,67.92,73,2026-08-09 19:04:44.489038,False
IOT-0000793,SHP-000023,DEV-864,36.657152,139.967058,5.36,41.93,86,2026-08-11 13:07:44.489038,False
IOT-0000794,SHP-000390,DEV-752,41.599095,-88.598027,5.17,63.38,58,2026-08-10 07:35:44.489038,False
IOT-0000795,SHP-000211,DEV-936,43.309443,-86.652056,2.22,60.21,18,2026-08-09 23:17:44.489038,False
IOT-0000796,SHP-000565,DEV-285,53.830303,10.758634,6.39,57.35,52,2026-08-12 18:23:44.489038,False
IOT-0000797,SHP-000044,DEV-931,-0.422082,103.1339,3.13,60.46,16,2026-08-10 07:13:44.489038,False
IOT-0000798,SHP-000383,DEV-224,30.182037,121.527495,4.29,67.2,77,2026-08-12 13:25:44.489038,False
IOT-0000799,SHP-000197,DEV-585,53.747237,11.087529,5.84,58.94,51,2026-08-11 19:40:44.489038,False
IOT-0000800,SHP-000532,DEV-936,31.853211,121.813163,4.97,72.54,37,2026-08-11 01:01:44.489038,False
IOT-0000801,SHP-000528,DEV-499,-0.646059,105.9989,5.9,61.58,47,2026-08-13 04:15:44.489038,False
IOT-0000802,SHP-000357,DEV-908,-23.991543,-46.640487,2.22,41.8,92,2026-08-09 11:44:44.489038,False
IOT-0000803,SHP-000298,DEV-975,0.916701,104.373029,4.08,62.57,92,2026-08-12 17:23:44.489038,False
IOT-0000804,SHP-000208,DEV-800,49.959581,2.705065,6.02,40.61,55,2026-08-12 08:54:44.489038,False
IOT-0000805,SHP-000221,DEV-909,-34.239482,150.806065,3.01,40.05,39,2026-08-10 16:20:44.489038,False
IOT-0000806,SHP-000081,DEV-263,31.026892,123.281711,5.42,45.97,21,2026-08-10 22:49:44.489038,False
IOT-0000807,SHP-000508,DEV-996,34.389821,-118.366505,4.56,65.82,89,2026-08-08 15:34:44.489038,False
IOT-0000808,SHP-000335,DEV-435,-24.646629,-46.144246,4.51,61.66,18,2026-08-10 10:42:44.489038,False
IOT-0000809,SHP-000256,DEV-962,35.416832,140.813269,4.6,74.89,99,2026-08-09 14:35:44.489038,False
IOT-0000810,SHP-000148,DEV-347,37.199951,139.259195,3.2,67.37,92,2026-08-08 22:26:44.489038,False
IOT-0000811,SHP-000440,DEV-619,36.413578,138.69844,5.7,65.39,51,2026-08-08 14:32:44.489038,False
IOT-0000812,SHP-000481,DEV-373,-25.799481,-44.087372,2.13,45.5,48,2026-08-12 21:33:44.489038,False
IOT-0000813,SHP-000331,DEV-531,36.363307,138.59612,6.01,44.8,84,2026-08-10 01:49:44.489038,False
IOT-0000814,SHP-000151,DEV-274,-31.501575,153.239353,4.15,70.05,53,2026-08-10 19:12:44.489038,False
IOT-0000815,SHP-000252,DEV-847,35.691698,-115.788294,2.64,59.24,98,2026-08-09 23:14:44.489038,False
IOT-0000816,SHP-000578,DEV-616,-34.78196,153.613545,3.52,65.96,30,2026-08-11 12:02:44.489038,False
IOT-0000817,SHP-000211,DEV-377,-34.544057,150.306497,4.29,71.09,44,2026-08-08 12:21:44.489038,False
IOT-0000818,SHP-000269,DEV-979,27.680117,56.211137,4.59,62.92,23,2026-08-12 18:58:44.489038,False
IOT-0000819,SHP-000581,DEV-623,25.985706,53.190027,4.99,42.34,90,2026-08-09 14:08:44.489038,False
IOT-0000820,SHP-000154,DEV-555,25.160969,54.220467,2.69,47.0,48,2026-08-08 18:57:44.489038,False
IOT-0000821,SHP-000073,DEV-555,-32.712029,149.770816,4.2,67.82,40,2026-08-11 19:00:44.489038,False
IOT-0000822,SHP-000598,DEV-416,-34.09155,150.606561,4.37,55.96,94,2026-08-09 22:11:44.489038,False
IOT-0000823,SHP-000080,DEV-511,30.921143,122.525495,6.19,71.23,37,2026-08-09 12:44:44.489038,False
IOT-0000824,SHP-000043,DEV-151,-25.599723,-48.716721,4.97,62.83,84,2026-08-10 02:21:44.489038,False
IOT-0000825,SHP-000141,DEV-117,-24.207821,-46.478238,5.57,68.17,48,2026-08-12 09:44:44.489038,False
IOT-0000826,SHP-000255,DEV-167,33.618169,123.79592,2.31,71.97,38,2026-08-11 22:27:44.489038,False
IOT-0000827,SHP-000016,DEV-179,-26.090427,-46.125167,2.17,50.15,59,2026-08-08 14:36:44.489038,False
IOT-0000828,SHP-000203,DEV-122,29.724032,120.674772,3.48,70.36,56,2026-08-10 15:11:44.489038,False
IOT-0000829,SHP-000337,DEV-181,30.206585,120.347211,3.12,72.1,78,2026-08-09 19:24:44.489038,False
IOT-0000830,SHP-000289,DEV-172,23.76884,56.473025,2.29,73.35,64,2026-08-09 19:37:44.489038,False
IOT-0000831,SHP-000374,DEV-424,36.930862,140.342008,3.53,64.48,40,2026-08-11 04:24:44.489038,False
IOT-0000832,SHP-000394,DEV-380,55.739998,9.288746,4.34,72.93,81,2026-08-12 17:34:44.489038,False
IOT-0000833,SHP-000260,DEV-980,53.147512,10.452964,3.38,47.93,30,2026-08-08 16:58:44.489038,False
IOT-0000834,SHP-000383,DEV-448,-22.969695,-47.569412,5.84,62.75,76,2026-08-09 18:29:44.489038,False
IOT-0000835,SHP-000555,DEV-665,54.317629,4.767762,2.87,66.86,25,2026-08-12 06:40:44.489038,False
IOT-0000836,SHP-000490,DEV-317,51.761696,3.547685,5.98,66.43,26,2026-08-09 08:47:44.489038,False
IOT-0000837,SHP-000004,DEV-836,-23.451237,-44.579581,4.4,59.76,62,2026-08-10 11:02:44.489038,False
IOT-0000838,SHP-000343,DEV-717,54.358242,5.003089,5.06,62.17,15,2026-08-09 18:52:44.489038,False
IOT-0000839,SHP-000061,DEV-970,38.095916,139.68474,6.27,63.65,36,2026-08-11 05:35:44.489038,False
IOT-0000840,SHP-000104,DEV-753,44.106925,-89.392965,6.44,72.49,47,2026-08-08 23:46:44.489038,False
IOT-0000841,SHP-000462,DEV-494,0.611265,106.114906,5.93,69.76,16,2026-08-11 23:42:44.489038,False
IOT-0000842,SHP-000052,DEV-334,26.362645,55.740461,16.84,46.13,25,2026-08-11 09:16:44.489038,True
IOT-0000843,SHP-000319,DEV-292,35.874874,-117.751826,3.42,64.99,98,2026-08-12 10:06:44.489038,False
IOT-0000844,SHP-000253,DEV-555,50.573285,4.462249,5.69,47.35,78,2026-08-09 09:06:44.489038,False
IOT-0000845,SHP-000387,DEV-998,33.384815,140.125269,2.11,48.37,42,2026-08-12 17:16:44.489038,False
IOT-0000846,SHP-000286,DEV-968,25.675865,56.764267,9.69,67.03,42,2026-08-09 14:30:44.489038,True
IOT-0000847,SHP-000119,DEV-122,-22.015818,-44.285926,3.5,45.25,91,2026-08-12 22:13:44.489038,False
IOT-0000848,SHP-000066,DEV-922,25.057712,57.763211,5.64,57.86,97,2026-08-12 02:47:44.489038,False
IOT-0000849,SHP-000162,DEV-454,36.745018,140.1709,3.18,52.85,59,2026-08-11 07:40:44.489038,False
IOT-0000850,SHP-000214,DEV-237,24.60257,54.0269,15.09,67.69,98,2026-08-12 01:41:44.489038,True
IOT-0000851,SHP-000280,DEV-193,-26.066335,-45.464989,6.22,60.06,21,2026-08-08 19:47:44.489038,False
IOT-0000852,SHP-000423,DEV-391,-32.340973,151.465608,2.77,58.98,31,2026-08-08 21:13:44.489038,False
IOT-0000853,SHP-000320,DEV-704,3.083011,103.847083,6.18,50.77,43,2026-08-08 17:48:44.489038,False
IOT-0000854,SHP-000540,DEV-947,49.682875,5.790909,5.87,54.53,45,2026-08-12 13:33:44.489038,False
IOT-0000855,SHP-000513,DEV-936,33.29837,-120.197794,2.01,45.4,39,2026-08-12 17:37:44.489038,False
IOT-0000856,SHP-000413,DEV-730,-22.007223,-44.440401,3.58,61.28,65,2026-08-11 17:39:44.489038,False
IOT-0000857,SHP-000484,DEV-149,-34.283037,151.365491,3.78,50.46,39,2026-08-11 13:11:44.489038,False
IOT-0000858,SHP-000462,DEV-206,53.775195,11.278697,5.16,45.8,39,2026-08-11 08:41:44.489038,False
IOT-0000859,SHP-000432,DEV-502,-23.452764,-46.056488,12.96,48.87,88,2026-08-09 23:40:44.489038,True
IOT-0000860,SHP-000434,DEV-504,34.868995,138.705047,5.99,63.1,31,2026-08-09 19:07:44.489038,False
IOT-0000861,SHP-000166,DEV-595,41.577006,-86.077143,5.69,66.08,74,2026-08-10 21:47:44.489038,False
IOT-0000862,SHP-000012,DEV-381,-0.087171,102.61566,2.01,70.09,70,2026-08-12 17:37:44.489038,False
IOT-0000863,SHP-000397,DEV-715,33.386608,-117.402203,5.55,47.06,95,2026-08-13 00:45:44.489038,False
IOT-0000864,SHP-000131,DEV-519,34.624862,-118.346291,5.54,61.41,58,2026-08-10 18:21:44.489038,False
IOT-0000865,SHP-000512,DEV-876,-25.778049,-45.800247,6.15,68.92,91,2026-08-09 12:22:44.489038,False
IOT-0000866,SHP-000557,DEV-392,37.060865,137.157045,2.73,72.96,34,2026-08-08 05:21:44.489038,False
IOT-0000867,SHP-000072,DEV-991,31.783503,-117.030303,4.93,51.04,74,2026-08-10 17:07:44.489038,False
IOT-0000868,SHP-000545,DEV-260,51.569586,9.851011,12.39,45.8,85,2026-08-12 14:25:44.489038,True
IOT-0000869,SHP-000014,DEV-102,0.388027,104.24667,5.07,74.37,83,2026-08-08 15:06:44.489038,False
IOT-0000870,SHP-000368,DEV-360,35.772092,-116.411783,2.77,41.29,46,2026-08-09 02:49:44.489038,False
IOT-0000871,SHP-000070,DEV-384,-23.079309,-48.026736,6.23,61.26,55,2026-08-08 08:09:44.489038,False
IOT-0000872,SHP-000396,DEV-853,-36.012416,149.947572,2.45,42.37,86,2026-08-08 07:40:44.489038,False
IOT-0000873,SHP-000099,DEV-616,33.413216,123.923954,6.37,43.04,97,2026-08-08 19:41:44.489038,False
IOT-0000874,SHP-000048,DEV-588,-34.840082,151.373175,3.31,65.38,24,2026-08-11 22:30:44.489038,False
IOT-0000875,SHP-000542,DEV-570,29.033637,121.033091,2.76,70.92,28,2026-08-10 07:18:44.489038,False
IOT-0000876,SHP-000023,DEV-634,33.416865,138.30095,14.42,63.33,64,2026-08-11 04:09:44.489038,True
IOT-0000877,SHP-000296,DEV-746,2.662864,103.296823,6.2,57.59,54,2026-08-10 10:13:44.489038,False
IOT-0000878,SHP-000183,DEV-711,41.379535,-85.133833,2.48,47.18,98,2026-08-11 03:53:44.489038,False
IOT-0000879,SHP-000091,DEV-440,53.27324,4.604817,13.33,66.05,31,2026-08-11 21:34:44.489038,True
IOT-0000880,SHP-000394,DEV-337,3.219857,105.99908,5.27,71.84,96,2026-08-12 12:54:44.489038,False
IOT-0000881,SHP-000384,DEV-937,-24.867137,-46.706818,5.12,50.74,65,2026-08-08 18:33:44.489038,False
IOT-0000882,SHP-000099,DEV-461,53.834048,6.232252,6.25,41.05,20,2026-08-11 14:13:44.489038,False
IOT-0000883,SHP-000214,DEV-597,52.343596,7.552695,13.42,71.79,47,2026-08-11 20:47:44.489038,True
IOT-0000884,SHP-000068,DEV-200,55.378565,11.466748,5.7,53.06,28,2026-08-10 04:31:44.489038,False
IOT-0000885,SHP-000435,DEV-287,-33.026924,151.579247,5.6,45.03,64,2026-08-08 21:06:44.489038,False
IOT-0000886,SHP-000183,DEV-245,54.574272,10.307348,4.73,49.08,47,2026-08-11 15:58:44.489038,False
IOT-0000887,SHP-000385,DEV-508,40.068087,-87.63369,5.32,52.46,96,2026-08-09 12:52:44.489038,False
IOT-0000888,SHP-000203,DEV-948,35.862852,140.309453,3.58,46.53,65,2026-08-11 14:17:44.489038,False
IOT-0000889,SHP-000448,DEV-593,30.069449,122.626994,3.62,62.88,100,2026-08-09 15:23:44.489038,False
IOT-0000890,SHP-000562,DEV-698,25.485504,56.41528,5.27,55.98,83,2026-08-08 09:21:44.489038,False
IOT-0000891,SHP-000247,DEV-964,53.651168,2.634978,4.68,73.65,33,2026-08-09 08:04:44.489038,False
IOT-0000892,SHP-000024,DEV-151,35.72103,-117.302637,4.53,64.51,43,2026-08-11 22:08:44.489038,False
IOT-0000893,SHP-000464,DEV-722,26.556767,57.686015,6.03,59.26,47,2026-08-13 02:01:44.489038,False
IOT-0000894,SHP-000509,DEV-398,1.011061,103.948562,4.35,68.89,29,2026-08-08 12:58:44.489038,False
IOT-0000895,SHP-000260,DEV-636,31.080921,119.881104,3.0,54.5,66,2026-08-12 19:21:44.489038,False
IOT-0000896,SHP-000262,DEV-458,24.925154,56.235315,3.99,59.69,94,2026-08-09 00:33:44.489038,False
IOT-0000897,SHP-000085,DEV-177,0.944675,101.455273,3.7,74.54,72,2026-08-11 21:20:44.489038,False
IOT-0000898,SHP-000320,DEV-276,41.816427,-88.198697,2.99,66.53,41,2026-08-09 15:26:44.489038,False
IOT-0000899,SHP-000482,DEV-130,35.009752,-119.388179,3.47,50.91,75,2026-08-10 12:21:44.489038,False
IOT-0000900,SHP-000141,DEV-784,52.797622,10.16358,4.83,40.71,59,2026-08-09 01:12:44.489038,False
IOT-0000901,SHP-000124,DEV-483,25.765936,56.33288,2.97,72.33,72,2026-08-10 02:56:44.489038,False
IOT-0000902,SHP-000583,DEV-735,43.921719,-89.780891,6.4,49.06,79,2026-08-09 10:36:44.489038,False
IOT-0000903,SHP-000163,DEV-873,41.079509,-89.416742,3.73,73.36,45,2026-08-08 14:33:44.489038,False
IOT-0000904,SHP-000187,DEV-865,35.656195,-118.977447,3.94,69.08,44,2026-08-10 21:37:44.489038,False
IOT-0000905,SHP-000110,DEV-738,40.190142,-89.831992,11.58,66.07,39,2026-08-08 10:15:44.489038,True
IOT-0000906,SHP-000579,DEV-237,-25.843842,-44.538091,3.92,70.76,75,2026-08-13 05:02:44.489038,False
IOT-0000907,SHP-000343,DEV-514,44.243286,-87.162006,6.19,69.18,78,2026-08-10 01:43:44.489038,False
IOT-0000908,SHP-000225,DEV-791,26.779819,53.994212,2.54,69.96,47,2026-08-12 14:20:44.489038,False
IOT-0000909,SHP-000098,DEV-133,-31.705368,153.353329,5.72,41.84,37,2026-08-10 17:00:44.489038,False
IOT-0000910,SHP-000488,DEV-497,51.634223,10.993677,3.31,41.01,26,2026-08-11 12:57:44.489038,False
IOT-0000911,SHP-000365,DEV-970,42.919893,-89.833721,4.56,43.9,19,2026-08-12 03:24:44.489038,False
IOT-0000912,SHP-000583,DEV-405,1.787123,104.948684,4.59,73.27,45,2026-08-08 09:07:44.489038,False
IOT-0000913,SHP-000492,DEV-650,51.481982,10.867715,3.47,70.73,32,2026-08-10 19:42:44.489038,False
IOT-0000914,SHP-000336,DEV-757,-35.969358,149.514771,6.03,52.03,61,2026-08-13 02:00:44.489038,False
IOT-0000915,SHP-000566,DEV-384,-31.9897,150.744297,6.4,71.58,41,2026-08-08 12:03:44.489038,False
IOT-0000916,SHP-000414,DEV-994,27.467488,57.079312,4.93,54.36,23,2026-08-11 23:24:44.489038,False
IOT-0000917,SHP-000304,DEV-462,2.370234,106.102148,4.11,44.14,77,2026-08-09 13:50:44.489038,False
IOT-0000918,SHP-000128,DEV-491,54.374319,2.625239,3.41,66.29,16,2026-08-10 20:22:44.489038,False
IOT-0000919,SHP-000154,DEV-570,2.625852,103.049261,2.75,57.87,64,2026-08-13 01:50:44.489038,False
IOT-0000920,SHP-000487,DEV-571,23.755979,53.168754,4.59,53.57,58,2026-08-10 07:26:44.489038,False
IOT-0000921,SHP-000565,DEV-115,-33.832108,152.138731,2.29,49.98,37,2026-08-09 18:37:44.489038,False
IOT-0000922,SHP-000275,DEV-631,23.238536,54.19777,5.51,72.45,96,2026-08-12 07:33:44.489038,False
IOT-0000923,SHP-000395,DEV-498,35.459069,141.752353,6.26,73.65,18,2026-08-11 15:23:44.489038,False
IOT-0000924,SHP-000563,DEV-849,31.900596,-117.42643,5.25,64.39,53,2026-08-09 17:46:44.489038,False
IOT-0000925,SHP-000421,DEV-278,-21.728044,-47.208086,2.33,56.83,52,2026-08-11 17:15:44.489038,False
IOT-0000926,SHP-000227,DEV-430,24.825662,53.658644,4.72,60.45,51,2026-08-10 18:58:44.489038,False
IOT-0000927,SHP-000136,DEV-898,1.752208,101.577954,5.7,69.52,32,2026-08-11 11:14:44.489038,False
IOT-0000928,SHP-000311,DEV-970,53.224541,10.150336,4.18,41.07,54,2026-08-11 10:10:44.489038,False
IOT-0000929,SHP-000470,DEV-429,-0.62423,105.817638,2.86,70.6,17,2026-08-11 14:30:44.489038,False
IOT-0000930,SHP-000325,DEV-742,37.881914,138.527899,2.32,62.48,21,2026-08-10 20:16:44.489038,False
IOT-0000931,SHP-000168,DEV-710,50.994833,5.382984,2.17,43.58,27,2026-08-12 11:49:44.489038,False
IOT-0000932,SHP-000250,DEV-142,42.001851,-86.572006,5.6,41.76,77,2026-08-13 05:44:44.489038,False
IOT-0000933,SHP-000295,DEV-648,41.079464,-89.68463,6.02,64.98,82,2026-08-10 15:17:44.489038,False
IOT-0000934,SHP-000532,DEV-731,39.796097,-89.235158,2.72,68.44,94,2026-08-11 08:08:44.489038,False
IOT-0000935,SHP-000521,DEV-522,-25.879513,-45.878764,6.32,46.48,82,2026-08-08 15:09:44.489038,False
IOT-0000936,SHP-000532,DEV-289,-32.116881,153.456641,2.95,69.35,89,2026-08-10 10:36:44.489038,False
IOT-0000937,SHP-000002,DEV-159,35.222154,-118.62123,3.76,68.48,56,2026-08-11 14:39:44.489038,False
IOT-0000938,SHP-000149,DEV-766,31.679913,119.30709,3.66,50.13,34,2026-08-12 06:11:44.489038,False
IOT-0000939,SHP-000061,DEV-876,50.569852,4.733592,4.52,47.31,79,2026-08-10 09:32:44.489038,False
IOT-0000940,SHP-000446,DEV-953,34.836248,-118.034129,5.92,44.53,70,2026-08-10 19:35:44.489038,False
IOT-0000941,SHP-000171,DEV-325,36.151157,-116.81783,3.36,61.29,22,2026-08-08 18:56:44.489038,False
IOT-0000942,SHP-000540,DEV-225,39.902555,-86.829403,4.06,63.01,78,2026-08-08 09:59:44.489038,False
IOT-0000943,SHP-000074,DEV-702,37.784584,137.438087,4.6,44.95,50,2026-08-10 06:53:44.489038,False
IOT-0000944,SHP-000334,DEV-346,0.875038,104.12039,6.46,67.65,35,2026-08-11 13:05:44.489038,False
IOT-0000945,SHP-000541,DEV-370,41.929844,-86.748727,4.62,54.6,49,2026-08-10 18:51:44.489038,False
IOT-0000946,SHP-000421,DEV-913,49.45434,6.386808,4.41,72.33,42,2026-08-11 00:42:44.489038,False
IOT-0000947,SHP-000128,DEV-147,31.720671,-118.184831,2.68,63.88,28,2026-08-08 09:13:44.489038,False
IOT-0000948,SHP-000497,DEV-549,33.618624,119.854937,2.96,51.37,18,2026-08-10 13:10:44.489038,False
IOT-0000949,SHP-000566,DEV-670,1.480894,101.845263,4.79,71.6,30,2026-08-12 20:41:44.489038,False
IOT-0000950,SHP-000524,DEV-925,-31.482242,153.336009,2.39,53.38,30,2026-08-10 19:26:44.489038,False
IOT-0000951,SHP-000422,DEV-876,32.895185,-117.952325,3.05,45.17,29,2026-08-08 09:06:44.489038,False
IOT-0000952,SHP-000235,DEV-817,43.010689,-87.788514,4.33,65.12,50,2026-08-09 13:11:44.489038,False
IOT-0000953,SHP-000137,DEV-182,-31.928365,149.572525,5.98,58.04,15,2026-08-12 12:29:44.489038,False
IOT-0000954,SHP-000148,DEV-103,24.128759,54.618783,2.2,64.39,30,2026-08-09 14:25:44.489038,False
IOT-0000955,SHP-000131,DEV-546,53.872887,7.63952,6.45,51.86,43,2026-08-09 04:42:44.489038,False
IOT-0000956,SHP-000099,DEV-502,30.580867,123.581716,2.92,71.85,46,2026-08-09 08:51:44.489038,False
IOT-0000957,SHP-000055,DEV-567,32.986646,120.21075,5.22,57.23,75,2026-08-08 13:29:44.489038,False
IOT-0000958,SHP-000256,DEV-942,30.173341,122.459672,2.75,65.48,49,2026-08-11 04:29:44.489038,False
IOT-0000959,SHP-000287,DEV-426,-32.143873,150.987387,4.94,45.92,37,2026-08-11 08:16:44.489038,False
IOT-0000960,SHP-000442,DEV-904,25.176849,54.492014,3.01,65.27,67,2026-08-09 04:05:44.489038,False
IOT-0000961,SHP-000521,DEV-567,31.961735,-117.450072,11.22,64.77,89,2026-08-08 05:48:44.489038,True
IOT-0000962,SHP-000381,DEV-676,42.545196,-86.11377,5.79,69.64,39,2026-08-11 18:59:44.489038,False
IOT-0000963,SHP-000258,DEV-859,-31.409987,152.233258,2.37,66.51,77,2026-08-10 18:13:44.489038,False
IOT-0000964,SHP-000014,DEV-814,34.419617,140.980154,2.07,63.34,46,2026-08-09 07:53:44.489038,False
IOT-0000965,SHP-000190,DEV-668,52.390023,8.817229,6.05,54.97,79,2026-08-09 18:32:44.489038,False
IOT-0000966,SHP-000453,DEV-887,33.176453,123.300879,5.65,40.04,76,2026-08-08 05:31:44.489038,False
IOT-0000967,SHP-000538,DEV-696,24.510011,53.854458,5.34,71.52,81,2026-08-12 15:18:44.489038,False
IOT-0000968,SHP-000197,DEV-973,54.921809,9.746086,5.01,56.16,34,2026-08-11 11:37:44.489038,False
IOT-0000969,SHP-000231,DEV-851,51.81359,12.1386,5.23,69.02,58,2026-08-12 09:31:44.489038,False
IOT-0000970,SHP-000254,DEV-317,27.609863,53.704882,11.83,70.58,76,2026-08-10 10:12:44.489038,True
IOT-0000971,SHP-000526,DEV-852,53.647171,11.01032,4.15,65.6,76,2026-08-10 02:49:44.489038,False
IOT-0000972,SHP-000594,DEV-256,32.942927,123.255143,4.71,44.31,50,2026-08-08 07:58:44.489038,False
IOT-0000973,SHP-000022,DEV-697,33.877137,139.101052,6.44,53.42,89,2026-08-08 12:04:44.489038,False
IOT-0000974,SHP-000314,DEV-435,33.351403,-118.533941,5.52,47.57,30,2026-08-08 13:10:44.489038,False
IOT-0000975,SHP-000369,DEV-874,33.047047,122.930273,4.28,71.64,72,2026-08-09 07:17:44.489038,False
IOT-0000976,SHP-000544,DEV-471,38.018851,137.872519,4.87,42.28,86,2026-08-13 02:46:44.489038,False
IOT-0000977,SHP-000575,DEV-668,22.869019,55.568715,2.31,69.06,76,2026-08-12 03:01:44.489038,False
IOT-0000978,SHP-000539,DEV-753,52.890569,6.830976,2.43,42.44,95,2026-08-09 17:50:44.489038,False
IOT-0000979,SHP-000080,DEV-342,37.712843,140.825972,4.45,49.4,20,2026-08-10 14:20:44.489038,False
IOT-0000980,SHP-000045,DEV-154,53.994497,7.973587,6.46,71.35,40,2026-08-10 15:15:44.489038,False
IOT-0000981,SHP-000270,DEV-898,-36.349401,149.967933,3.13,51.44,76,2026-08-13 03:36:44.489038,False
IOT-0000982,SHP-000109,DEV-529,35.680047,139.751347,3.66,43.36,73,2026-08-08 11:16:44.489038,False
IOT-0000983,SHP-000049,DEV-239,51.198606,2.408112,6.37,64.74,26,2026-08-09 16:26:44.489038,False
IOT-0000984,SHP-000197,DEV-937,29.992818,122.404511,3.25,48.59,66,2026-08-13 03:07:44.489038,False
IOT-0000985,SHP-000600,DEV-371,36.513066,-118.69121,3.64,46.81,88,2026-08-10 03:10:44.489038,False
IOT-0000986,SHP-000600,DEV-572,32.420933,121.127584,3.94,45.52,73,2026-08-09 14:06:44.489038,False
IOT-0000987,SHP-000281,DEV-658,25.632823,56.68486,6.28,57.51,29,2026-08-08 13:26:44.489038,False
IOT-0000988,SHP-000235,DEV-683,23.922775,56.588461,3.85,53.76,76,2026-08-11 04:46:44.489038,False
IOT-0000989,SHP-000425,DEV-754,24.45994,55.879782,4.11,57.55,91,2026-08-12 05:01:44.489038,False
IOT-0000990,SHP-000366,DEV-384,0.827037,104.611349,4.45,59.82,78,2026-08-11 21:59:44.489038,False
IOT-0000991,SHP-000312,DEV-319,29.504404,122.126908,2.53,64.37,22,2026-08-09 18:42:44.489038,False
IOT-0000992,SHP-000091,DEV-859,29.157097,119.20172,4.97,57.79,35,2026-08-08 06:02:44.489038,False
IOT-0000993,SHP-000095,DEV-942,52.31711,5.469768,3.38,53.03,92,2026-08-10 14:50:44.489038,False
IOT-0000994,SHP-000156,DEV-424,41.32701,-87.275311,4.36,65.82,55,2026-08-09 11:20:44.489038,False
IOT-0000995,SHP-000506,DEV-589,51.667788,11.270268,15.71,68.82,44,2026-08-09 09:05:44.489038,True
IOT-0000996,SHP-000507,DEV-127,51.65625,3.125309,2.6,64.59,63,2026-08-10 07:41:44.489038,False
IOT-0000997,SHP-000556,DEV-789,25.261189,52.930947,3.89,50.42,22,2026-08-10 04:52:44.489038,False
IOT-0000998,SHP-000071,DEV-116,52.674594,6.730085,2.58,59.1,69,2026-08-11 18:10:44.489038,False
IOT-0000999,SHP-000125,DEV-832,-32.704635,152.447954,2.71,66.36,90,2026-08-09 07:25:44.489038,False
IOT-0001000,SHP-000279,DEV-272,52.433536,5.708606,5.68,56.28,46,2026-08-09 13:24:44.489038,False
IOT-0001001,SHP-000014,DEV-470,43.197161,-85.504168,17.16,52.26,34,2026-08-09 10:43:44.489038,True
IOT-0001002,SHP-000396,DEV-461,23.288969,57.674012,5.0,59.11,70,2026-08-10 00:16:44.489038,False
IOT-0001003,SHP-000151,DEV-810,33.202818,-119.958626,4.33,52.95,26,2026-08-11 05:09:44.489038,False
IOT-0001004,SHP-000575,DEV-101,-35.430147,151.221003,6.14,48.96,95,2026-08-13 00:03:44.489038,False
IOT-0001005,SHP-000020,DEV-774,32.304256,-118.549637,2.43,58.94,72,2026-08-10 06:53:44.489038,False
IOT-0001006,SHP-000035,DEV-217,52.664597,8.034748,4.41,68.44,82,2026-08-09 00:09:44.489038,False
IOT-0001007,SHP-000532,DEV-719,35.850296,138.254161,6.42,71.54,33,2026-08-11 05:56:44.489038,False
IOT-0001008,SHP-000150,DEV-438,-25.414334,-47.250305,11.0,59.38,45,2026-08-11 03:39:44.489038,True
IOT-0001009,SHP-000213,DEV-718,55.109112,7.977478,3.22,62.82,53,2026-08-10 13:28:44.489038,False
IOT-0001010,SHP-000165,DEV-294,52.276144,2.300925,6.11,57.26,72,2026-08-12 18:32:44.489038,False
IOT-0001011,SHP-000261,DEV-247,-33.857284,149.573984,3.32,40.03,73,2026-08-08 12:16:44.489038,False
IOT-0001012,SHP-000322,DEV-443,34.722806,-117.211128,2.96,72.83,47,2026-08-10 07:03:44.489038,False
IOT-0001013,SHP-000249,DEV-360,53.549142,9.417869,2.88,40.86,53,2026-08-08 23:52:44.489038,False
IOT-0001014,SHP-000559,DEV-251,3.773825,104.211587,4.92,57.71,68,2026-08-08 10:06:44.489038,False
IOT-0001015,SHP-000384,DEV-617,2.855097,105.5682,6.14,61.4,42,2026-08-10 18:49:44.489038,False
IOT-0001016,SHP-000020,DEV-769,35.660279,140.374728,5.2,48.41,63,2026-08-12 20:29:44.489038,False
IOT-0001017,SHP-000283,DEV-874,2.378734,101.558929,2.6,50.56,20,2026-08-09 15:02:44.489038,False
IOT-0001018,SHP-000462,DEV-801,52.650491,6.972007,3.41,47.79,79,2026-08-10 03:05:44.489038,False
IOT-0001019,SHP-000369,DEV-346,31.886619,119.11322,4.63,62.06,33,2026-08-10 21:16:44.489038,False
IOT-0001020,SHP-000145,DEV-179,27.1246,55.690328,5.38,49.92,26,2026-08-11 12:43:44.489038,False
IOT-0001021,SHP-000166,DEV-815,33.560195,118.987547,4.74,41.45,38,2026-08-11 10:50:44.489038,False
IOT-0001022,SHP-000111,DEV-317,23.440563,54.603592,2.29,65.43,86,2026-08-10 11:35:44.489038,False
IOT-0001023,SHP-000266,DEV-718,32.14131,122.02729,6.0,56.61,22,2026-08-08 05:30:44.489038,False
IOT-0001024,SHP-000600,DEV-981,0.153438,101.742902,4.92,54.54,97,2026-08-09 20:23:44.489038,False
IOT-0001025,SHP-000494,DEV-191,29.257508,119.909679,5.87,55.6,85,2026-08-09 04:41:44.489038,False
IOT-0001026,SHP-000420,DEV-724,27.499514,53.817986,2.26,69.45,90,2026-08-09 22:20:44.489038,False
IOT-0001027,SHP-000416,DEV-756,52.12649,8.843878,2.03,61.88,37,2026-08-09 22:51:44.489038,False
IOT-0001028,SHP-000331,DEV-906,29.933857,122.192418,4.77,55.79,69,2026-08-08 08:57:44.489038,False
IOT-0001029,SHP-000229,DEV-254,51.696822,10.565675,2.07,52.94,52,2026-08-12 09:11:44.489038,False
IOT-0001030,SHP-000520,DEV-768,41.773719,-85.792348,4.99,50.22,89,2026-08-09 21:07:44.489038,False
IOT-0001031,SHP-000383,DEV-934,-0.735869,103.045574,2.01,74.89,21,2026-08-11 00:12:44.489038,False
IOT-0001032,SHP-000413,DEV-728,53.009632,4.175428,5.75,56.55,24,2026-08-10 06:29:44.489038,False
IOT-0001033,SHP-000181,DEV-159,22.781185,56.479894,2.7,45.66,55,2026-08-12 13:13:44.489038,False
IOT-0001034,SHP-000460,DEV-827,23.074717,54.653597,4.01,66.74,94,2026-08-09 18:41:44.489038,False
IOT-0001035,SHP-000427,DEV-949,1.552861,103.76063,2.18,56.79,58,2026-08-10 05:06:44.489038,False
IOT-0001036,SHP-000088,DEV-915,3.36816,104.995067,2.48,64.73,91,2026-08-13 02:28:44.489038,False
IOT-0001037,SHP-000011,DEV-461,32.411921,-118.09515,17.74,68.42,40,2026-08-12 19:12:44.489038,True
IOT-0001038,SHP-000065,DEV-410,52.733542,5.370262,3.47,66.59,76,2026-08-12 13:17:44.489038,False
IOT-0001039,SHP-000020,DEV-194,34.559958,-116.983414,16.2,67.48,97,2026-08-11 06:56:44.489038,True
IOT-0001040,SHP-000367,DEV-880,40.803424,-88.485582,2.86,60.85,82,2026-08-11 17:16:44.489038,False
IOT-0001041,SHP-000220,DEV-644,24.232026,57.767401,4.09,50.57,32,2026-08-11 05:18:44.489038,False
IOT-0001042,SHP-000498,DEV-699,-31.846466,152.503102,2.59,56.19,75,2026-08-10 05:30:44.489038,False
IOT-0001043,SHP-000294,DEV-267,-35.275892,151.87359,4.35,42.34,45,2026-08-10 14:36:44.489038,False
IOT-0001044,SHP-000522,DEV-709,36.485161,138.254484,6.46,70.69,47,2026-08-11 16:50:44.489038,False
IOT-0001045,SHP-000456,DEV-602,36.029136,138.886697,3.37,50.77,18,2026-08-09 21:44:44.489038,False
IOT-0001046,SHP-000023,DEV-359,1.429533,102.44929,8.6,74.64,19,2026-08-12 06:47:44.489038,True
IOT-0001047,SHP-000249,DEV-887,-24.15235,-47.750569,3.01,42.81,46,2026-08-10 14:00:44.489038,False
IOT-0001048,SHP-000049,DEV-954,35.167661,-117.952643,2.54,66.99,56,2026-08-11 06:19:44.489038,False
IOT-0001049,SHP-000177,DEV-248,-0.10585,106.285444,2.59,41.73,43,2026-08-13 01:07:44.489038,False
IOT-0001050,SHP-000189,DEV-558,-34.571543,152.42358,6.33,68.42,79,2026-08-13 01:47:44.489038,False
IOT-0001051,SHP-000064,DEV-522,-31.729897,151.793491,3.38,55.67,41,2026-08-10 16:24:44.489038,False
IOT-0001052,SHP-000550,DEV-978,-35.742001,149.169954,5.53,63.11,28,2026-08-08 09:53:44.489038,False
IOT-0001053,SHP-000376,DEV-817,50.424257,2.737233,5.39,44.8,50,2026-08-09 22:04:44.489038,False
IOT-0001054,SHP-000335,DEV-375,-25.419746,-48.456972,2.34,73.61,65,2026-08-09 23:37:44.489038,False
IOT-0001055,SHP-000144,DEV-611,-34.42652,150.292546,2.04,68.98,81,2026-08-11 10:41:44.489038,False
IOT-0001056,SHP-000037,DEV-269,40.373111,-88.296889,3.23,45.44,79,2026-08-09 16:45:44.489038,False
IOT-0001057,SHP-000232,DEV-717,1.234419,103.100433,2.04,65.79,82,2026-08-12 00:35:44.489038,False
IOT-0001058,SHP-000456,DEV-339,52.781006,5.884793,3.89,68.04,16,2026-08-11 02:09:44.489038,False
IOT-0001059,SHP-000128,DEV-198,32.079286,-119.230977,5.36,64.55,80,2026-08-13 01:50:44.489038,False
IOT-0001060,SHP-000255,DEV-538,-33.484166,151.556109,3.4,61.16,68,2026-08-11 01:43:44.489038,False
IOT-0001061,SHP-000451,DEV-274,53.020655,12.420024,5.46,48.46,73,2026-08-12 14:42:44.489038,False
IOT-0001062,SHP-000231,DEV-979,29.691042,120.188588,5.82,47.42,96,2026-08-08 23:25:44.489038,False
IOT-0001063,SHP-000117,DEV-126,37.29438,140.311632,4.33,61.55,33,2026-08-09 07:35:44.489038,False
IOT-0001064,SHP-000569,DEV-791,42.043177,-89.701528,4.99,66.72,63,2026-08-13 04:09:44.489038,False
IOT-0001065,SHP-000126,DEV-900,-35.900703,150.130725,5.02,67.52,62,2026-08-10 10:24:44.489038,False
IOT-0001066,SHP-000556,DEV-863,52.414563,8.706897,5.76,48.93,32,2026-08-12 19:14:44.489038,False
IOT-0001067,SHP-000126,DEV-302,-25.710683,-48.63402,4.0,67.8,84,2026-08-10 10:22:44.489038,False
IOT-0001068,SHP-000096,DEV-922,27.530587,55.703137,5.69,59.38,63,2026-08-09 19:58:44.489038,False
IOT-0001069,SHP-000118,DEV-843,54.704832,11.128607,2.64,60.01,58,2026-08-08 17:25:44.489038,False
IOT-0001070,SHP-000287,DEV-169,35.204945,140.124796,2.75,57.06,38,2026-08-10 10:23:44.489038,False
IOT-0001071,SHP-000485,DEV-134,2.660512,103.196467,2.58,56.13,39,2026-08-12 19:58:44.489038,False
IOT-0001072,SHP-000313,DEV-703,3.825619,104.005141,5.75,57.41,53,2026-08-12 00:41:44.489038,False
IOT-0001073,SHP-000223,DEV-812,50.511438,3.58401,2.1,73.11,90,2026-08-09 14:40:44.489038,False
IOT-0001074,SHP-000578,DEV-562,51.473268,2.99819,13.03,65.08,66,2026-08-08 18:33:44.489038,True
IOT-0001075,SHP-000561,DEV-146,50.824965,4.220229,2.36,62.29,96,2026-08-12 12:22:44.489038,False
IOT-0001076,SHP-000570,DEV-235,26.866875,56.087309,12.86,63.11,28,2026-08-08 13:16:44.489038,True
IOT-0001077,SHP-000369,DEV-208,53.198578,8.206691,2.89,48.89,86,2026-08-08 22:51:44.489038,False
IOT-0001078,SHP-000090,DEV-367,52.23447,2.490736,2.91,70.64,84,2026-08-11 02:58:44.489038,False
IOT-0001079,SHP-000568,DEV-724,54.27741,2.306151,3.85,41.55,81,2026-08-10 15:11:44.489038,False
IOT-0001080,SHP-000200,DEV-143,50.931093,5.018889,6.21,44.32,80,2026-08-11 07:17:44.489038,False
IOT-0001081,SHP-000367,DEV-169,-35.33256,152.999417,4.65,50.17,92,2026-08-11 12:06:44.489038,False
IOT-0001082,SHP-000070,DEV-623,3.439231,103.870161,6.37,44.57,79,2026-08-11 18:43:44.489038,False
IOT-0001083,SHP-000243,DEV-317,39.79361,-85.991667,6.45,63.29,41,2026-08-08 19:36:44.489038,False
IOT-0001084,SHP-000384,DEV-757,42.271922,-87.61365,2.82,45.29,38,2026-08-12 17:33:44.489038,False
IOT-0001085,SHP-000186,DEV-776,-22.269639,-44.376592,3.95,73.1,81,2026-08-09 23:19:44.489038,False
IOT-0001086,SHP-000092,DEV-936,43.729095,-87.306537,2.83,54.76,76,2026-08-09 23:28:44.489038,False
IOT-0001087,SHP-000156,DEV-405,32.010767,-119.05324,5.91,51.72,35,2026-08-13 03:58:44.489038,False
IOT-0001088,SHP-000124,DEV-759,53.823816,6.205975,6.43,45.66,69,2026-08-11 21:42:44.489038,False
IOT-0001089,SHP-000543,DEV-890,-31.82059,152.239767,5.03,42.09,86,2026-08-11 02:27:44.489038,False
IOT-0001090,SHP-000554,DEV-767,43.240084,-87.1926,5.37,69.21,80,2026-08-11 19:45:44.489038,False
IOT-0001091,SHP-000174,DEV-447,34.4031,-119.26372,5.44,50.04,17,2026-08-10 15:00:44.489038,False
IOT-0001092,SHP-000307,DEV-891,29.070021,122.600806,3.28,52.95,85,2026-08-10 16:55:44.489038,False
IOT-0001093,SHP-000246,DEV-759,34.690021,139.258626,5.81,74.72,100,2026-08-11 11:41:44.489038,False
IOT-0001094,SHP-000431,DEV-285,33.464628,-117.763121,2.65,41.96,34,2026-08-12 05:48:44.489038,False
IOT-0001095,SHP-000160,DEV-608,35.768263,137.900941,5.79,54.16,83,2026-08-08 16:22:44.489038,False
IOT-0001096,SHP-000095,DEV-518,54.032189,4.275505,2.14,60.31,34,2026-08-08 20:59:44.489038,False
IOT-0001097,SHP-000115,DEV-905,-26.286337,-48.572694,3.51,67.89,98,2026-08-09 19:26:44.489038,False
IOT-0001098,SHP-000079,DEV-904,-23.53767,-47.196968,4.24,57.21,22,2026-08-11 01:03:44.489038,False
IOT-0001099,SHP-000023,DEV-315,39.687986,-87.487556,4.67,65.1,83,2026-08-09 02:23:44.489038,False
IOT-0001100,SHP-000144,DEV-420,36.543905,138.386605,4.85,68.92,77,2026-08-11 06:52:44.489038,False
IOT-0001101,SHP-000542,DEV-122,51.9249,9.578603,3.84,51.5,38,2026-08-08 21:07:44.489038,False
IOT-0001102,SHP-000031,DEV-137,-25.913484,-45.927146,5.54,70.39,41,2026-08-11 09:06:44.489038,False
IOT-0001103,SHP-000518,DEV-705,42.111672,-85.640923,6.44,56.25,100,2026-08-09 03:41:44.489038,False
IOT-0001104,SHP-000256,DEV-866,-33.78655,149.042806,13.96,64.75,27,2026-08-10 12:06:44.489038,True
IOT-0001105,SHP-000326,DEV-121,1.135535,103.629372,4.69,53.55,74,2026-08-11 13:32:44.489038,False
IOT-0001106,SHP-000183,DEV-651,-34.12592,150.244279,6.31,42.43,73,2026-08-09 20:33:44.489038,False
IOT-0001107,SHP-000492,DEV-455,33.087515,120.865879,3.61,68.47,52,2026-08-10 22:19:44.489038,False
IOT-0001108,SHP-000333,DEV-271,-23.744982,-46.166315,2.52,48.33,27,2026-08-08 17:29:44.489038,False
IOT-0001109,SHP-000531,DEV-201,1.000069,104.110774,5.57,69.06,22,2026-08-12 02:14:44.489038,False
IOT-0001110,SHP-000136,DEV-135,-0.598684,103.220939,5.0,43.76,29,2026-08-11 06:11:44.489038,False
IOT-0001111,SHP-000279,DEV-892,33.978871,141.916498,3.29,47.77,56,2026-08-09 12:56:44.489038,False
IOT-0001112,SHP-000310,DEV-965,34.984574,-117.610208,4.52,73.5,78,2026-08-11 21:56:44.489038,False
IOT-0001113,SHP-000001,DEV-843,1.876006,104.396844,2.47,74.3,61,2026-08-12 02:05:44.489038,False
IOT-0001114,SHP-000040,DEV-802,34.276948,141.272616,4.45,49.27,49,2026-08-09 21:39:44.489038,False
IOT-0001115,SHP-000131,DEV-587,52.050397,6.745546,6.3,40.19,34,2026-08-12 04:06:44.489038,False
IOT-0001116,SHP-000201,DEV-207,32.07636,120.314467,6.11,66.42,33,2026-08-08 21:54:44.489038,False
IOT-0001117,SHP-000013,DEV-529,24.842479,57.175163,5.63,65.07,86,2026-08-11 18:08:44.489038,False
IOT-0001118,SHP-000461,DEV-947,-24.724577,-45.869388,6.42,51.43,27,2026-08-10 16:34:44.489038,False
IOT-0001119,SHP-000001,DEV-281,-22.621078,-45.016269,10.84,58.12,23,2026-08-10 07:58:44.489038,True
IOT-0001120,SHP-000434,DEV-789,53.367207,5.897686,2.6,63.97,80,2026-08-12 03:16:44.489038,False
IOT-0001121,SHP-000093,DEV-336,37.994689,138.947314,5.16,63.28,91,2026-08-08 11:23:44.489038,False
IOT-0001122,SHP-000257,DEV-592,37.658772,141.359501,2.98,59.09,40,2026-08-11 12:29:44.489038,False
IOT-0001123,SHP-000392,DEV-216,30.827015,119.807279,5.48,53.49,15,2026-08-08 11:47:44.489038,False
IOT-0001124,SHP-000180,DEV-696,35.46791,138.758903,4.41,54.14,30,2026-08-09 20:06:44.489038,False
IOT-0001125,SHP-000246,DEV-943,54.461183,8.500293,5.6,48.31,37,2026-08-11 11:58:44.489038,False
IOT-0001126,SHP-000062,DEV-385,-35.057022,152.226219,3.71,71.9,97,2026-08-12 04:09:44.489038,False
IOT-0001127,SHP-000591,DEV-819,49.719905,6.409163,4.21,47.85,82,2026-08-11 16:52:44.489038,False
IOT-0001128,SHP-000402,DEV-932,34.416504,-120.578978,3.79,52.83,51,2026-08-12 12:34:44.489038,False
IOT-0001129,SHP-000413,DEV-712,52.048614,10.306032,3.83,71.57,40,2026-08-13 03:37:44.489038,False
IOT-0001130,SHP-000210,DEV-815,33.1184,122.569297,5.02,64.52,23,2026-08-12 19:52:44.489038,False
IOT-0001131,SHP-000114,DEV-619,43.643154,-89.262281,4.58,40.47,65,2026-08-09 21:10:44.489038,False
IOT-0001132,SHP-000296,DEV-476,35.874137,-120.499306,3.36,49.09,34,2026-08-10 17:25:44.489038,False
IOT-0001133,SHP-000085,DEV-692,41.399561,-87.48214,5.52,55.96,20,2026-08-08 07:21:44.489038,False
IOT-0001134,SHP-000131,DEV-166,34.591506,137.741175,3.74,43.39,36,2026-08-12 22:10:44.489038,False
IOT-0001135,SHP-000423,DEV-756,53.948307,6.676788,4.64,43.11,17,2026-08-08 13:02:44.489038,False
IOT-0001136,SHP-000221,DEV-474,29.981118,118.974185,4.82,69.51,69,2026-08-10 16:43:44.489038,False
IOT-0001137,SHP-000246,DEV-362,-31.921225,149.119773,5.32,41.16,28,2026-08-12 19:35:44.489038,False
IOT-0001138,SHP-000290,DEV-268,53.871423,12.375682,2.34,48.85,66,2026-08-11 20:22:44.489038,False
IOT-0001139,SHP-000394,DEV-802,43.701936,-88.984601,14.13,53.49,25,2026-08-10 01:26:44.489038,True
IOT-0001140,SHP-000449,DEV-996,25.122678,57.449165,5.36,40.7,74,2026-08-10 09:15:44.489038,False
IOT-0001141,SHP-000370,DEV-716,-21.526784,-47.634594,5.18,44.08,88,2026-08-08 05:07:44.489038,False
IOT-0001142,SHP-000505,DEV-336,43.5907,-87.653302,2.99,68.06,79,2026-08-12 22:25:44.489038,False
IOT-0001143,SHP-000338,DEV-244,34.773353,141.327271,3.79,56.86,40,2026-08-10 18:50:44.489038,False
IOT-0001144,SHP-000292,DEV-378,35.927943,140.986749,3.05,63.17,53,2026-08-11 12:29:44.489038,False
IOT-0001145,SHP-000064,DEV-844,40.763204,-88.009971,4.34,61.78,75,2026-08-10 15:25:44.489038,False
IOT-0001146,SHP-000075,DEV-957,23.471841,56.539297,3.05,60.83,28,2026-08-10 07:03:44.489038,False
IOT-0001147,SHP-000527,DEV-716,39.966592,-87.139917,2.33,49.67,21,2026-08-10 10:12:44.489038,False
IOT-0001148,SHP-000017,DEV-874,35.910605,138.820526,4.49,72.72,67,2026-08-08 10:07:44.489038,False
IOT-0001149,SHP-000492,DEV-166,28.925555,119.912176,6.24,56.31,80,2026-08-10 02:34:44.489038,False
IOT-0001150,SHP-000496,DEV-923,34.119262,139.223952,2.82,51.49,40,2026-08-12 10:11:44.489038,False
IOT-0001151,SHP-000506,DEV-633,39.996684,-85.753833,6.5,43.96,39,2026-08-11 08:02:44.489038,False
IOT-0001152,SHP-000326,DEV-857,-32.474536,148.77953,2.16,60.36,81,2026-08-12 19:22:44.489038,False
IOT-0001153,SHP-000501,DEV-785,53.080756,5.68665,3.96,74.16,77,2026-08-12 11:47:44.489038,False
IOT-0001154,SHP-000174,DEV-880,0.153756,101.439307,2.77,61.59,79,2026-08-08 07:11:44.489038,False
IOT-0001155,SHP-000230,DEV-293,53.529164,11.977718,2.41,45.66,83,2026-08-11 12:36:44.489038,False
IOT-0001156,SHP-000252,DEV-308,33.995374,142.134764,3.31,63.21,74,2026-08-10 01:14:44.489038,False
IOT-0001157,SHP-000451,DEV-431,35.21955,-117.526711,3.61,73.34,67,2026-08-09 10:15:44.489038,False
IOT-0001158,SHP-000366,DEV-871,42.713924,-86.764161,3.84,58.42,22,2026-08-12 00:32:44.489038,False
IOT-0001159,SHP-000104,DEV-127,-32.299626,149.062684,5.95,70.65,84,2026-08-10 14:38:44.489038,False
IOT-0001160,SHP-000560,DEV-167,35.909884,-117.144422,6.24,66.82,79,2026-08-09 16:10:44.489038,False
IOT-0001161,SHP-000078,DEV-394,34.20286,139.459093,16.66,40.4,50,2026-08-09 08:29:44.489038,True
IOT-0001162,SHP-000126,DEV-566,-0.814609,103.71424,2.7,65.27,47,2026-08-12 23:06:44.489038,False
IOT-0001163,SHP-000022,DEV-182,24.897786,55.608752,3.58,54.18,92,2026-08-12 10:12:44.489038,False
IOT-0001164,SHP-000109,DEV-867,-33.53257,153.228137,2.01,43.4,87,2026-08-10 13:14:44.489038,False
IOT-0001165,SHP-000030,DEV-121,-25.710312,-47.322811,6.08,58.65,40,2026-08-10 16:33:44.489038,False
IOT-0001166,SHP-000523,DEV-780,3.061896,105.810616,2.69,56.87,42,2026-08-09 06:15:44.489038,False
IOT-0001167,SHP-000497,DEV-987,1.773794,103.416757,2.06,47.73,61,2026-08-11 20:46:44.489038,False
IOT-0001168,SHP-000588,DEV-952,-32.508913,152.910806,4.01,62.95,65,2026-08-09 13:15:44.489038,False
IOT-0001169,SHP-000051,DEV-842,51.178272,7.830295,2.76,56.36,87,2026-08-08 23:14:44.489038,False
IOT-0001170,SHP-000034,DEV-791,42.901853,-88.034441,2.6,74.59,16,2026-08-12 13:43:44.489038,False
IOT-0001171,SHP-000518,DEV-988,23.47042,56.85721,4.21,54.51,18,2026-08-12 21:52:44.489038,False
IOT-0001172,SHP-000097,DEV-781,26.434271,57.444296,4.8,74.36,82,2026-08-11 22:12:44.489038,False
IOT-0001173,SHP-000179,DEV-505,52.731212,8.170633,2.87,45.95,39,2026-08-08 06:42:44.489038,False
IOT-0001174,SHP-000012,DEV-405,35.446482,140.550046,4.3,47.59,53,2026-08-10 08:36:44.489038,False
IOT-0001175,SHP-000524,DEV-549,33.347774,138.253705,16.15,62.79,46,2026-08-12 10:28:44.489038,True
IOT-0001176,SHP-000201,DEV-187,35.2948,139.939924,4.14,46.44,97,2026-08-10 18:11:44.489038,False
IOT-0001177,SHP-000279,DEV-892,-25.995954,-46.702901,2.49,73.94,69,2026-08-08 18:09:44.489038,False
IOT-0001178,SHP-000576,DEV-959,31.233808,121.377951,3.4,57.3,15,2026-08-10 17:09:44.489038,False
IOT-0001179,SHP-000531,DEV-293,50.763408,5.809468,8.64,40.83,81,2026-08-12 06:32:44.489038,True
IOT-0001180,SHP-000045,DEV-116,34.729231,138.60114,2.8,69.86,33,2026-08-12 15:02:44.489038,False
IOT-0001181,SHP-000244,DEV-243,55.617662,8.023827,2.73,61.71,32,2026-08-12 00:45:44.489038,False
IOT-0001182,SHP-000481,DEV-296,-0.792731,104.123038,3.3,58.92,92,2026-08-09 17:10:44.489038,False
IOT-0001183,SHP-000296,DEV-619,53.937766,3.402785,2.38,59.19,51,2026-08-09 08:53:44.489038,False
IOT-0001184,SHP-000543,DEV-218,40.689716,-87.906566,5.91,49.66,99,2026-08-09 10:51:44.489038,False
IOT-0001185,SHP-000031,DEV-739,35.368633,138.756396,3.48,71.71,38,2026-08-08 17:22:44.489038,False
IOT-0001186,SHP-000451,DEV-260,32.332692,123.814755,4.14,53.6,76,2026-08-10 15:36:44.489038,False
IOT-0001187,SHP-000109,DEV-488,23.864092,54.722024,5.97,62.98,58,2026-08-13 01:45:44.489038,False
IOT-0001188,SHP-000243,DEV-599,36.423465,-119.721204,4.42,56.89,30,2026-08-12 01:52:44.489038,False
IOT-0001189,SHP-000487,DEV-777,27.413589,54.282506,2.33,64.44,28,2026-08-12 02:32:44.489038,False
IOT-0001190,SHP-000283,DEV-421,-35.545055,152.042343,2.32,68.92,25,2026-08-13 03:13:44.489038,False
IOT-0001191,SHP-000326,DEV-170,50.469086,2.099922,3.61,49.28,21,2026-08-12 11:40:44.489038,False
IOT-0001192,SHP-000121,DEV-956,-25.340339,-45.172441,5.31,65.11,63,2026-08-09 21:49:44.489038,False
IOT-0001193,SHP-000036,DEV-904,25.148606,56.864136,4.98,55.5,32,2026-08-11 16:34:44.489038,False
IOT-0001194,SHP-000020,DEV-161,26.150821,55.410212,5.7,52.42,58,2026-08-12 02:18:44.489038,False
IOT-0001195,SHP-000538,DEV-234,-32.778112,149.404878,3.82,59.09,75,2026-08-12 13:11:44.489038,False
IOT-0001196,SHP-000212,DEV-513,34.819316,140.299381,4.25,73.7,77,2026-08-11 19:06:44.489038,False
IOT-0001197,SHP-000566,DEV-383,2.491357,105.054384,5.48,56.01,68,2026-08-08 07:42:44.489038,False
IOT-0001198,SHP-000006,DEV-170,-25.970397,-48.260385,3.03,57.99,49,2026-08-08 17:11:44.489038,False
IOT-0001199,SHP-000064,DEV-266,42.958793,-85.204982,4.34,51.46,46,2026-08-09 22:58:44.489038,False
IOT-0001200,SHP-000464,DEV-167,35.409929,139.674745,2.68,64.74,100,2026-08-08 17:02:44.489038,False
IOT-0001201,SHP-000548,DEV-616,32.929332,120.285372,2.32,48.15,47,2026-08-08 12:39:44.489038,False
IOT-0001202,SHP-000546,DEV-758,41.184827,-85.65517,3.54,52.07,18,2026-08-08 14:26:44.489038,False
IOT-0001203,SHP-000525,DEV-351,-22.090706,-45.366626,3.06,52.27,65,2026-08-10 16:04:44.489038,False
IOT-0001204,SHP-000286,DEV-430,33.563718,123.828342,3.09,65.05,76,2026-08-11 14:38:44.489038,False
IOT-0001205,SHP-000125,DEV-551,-21.651972,-46.72307,4.26,71.26,25,2026-08-10 09:13:44.489038,False
IOT-0001206,SHP-000519,DEV-153,39.918395,-85.857293,4.22,49.5,47,2026-08-12 22:39:44.489038,False
IOT-0001207,SHP-000308,DEV-506,50.080634,5.946318,4.76,50.44,23,2026-08-13 01:07:44.489038,False
IOT-0001208,SHP-000530,DEV-276,40.833048,-87.405079,6.08,63.89,44,2026-08-11 19:47:44.489038,False
IOT-0001209,SHP-000478,DEV-556,39.56658,-86.912432,16.26,72.04,70,2026-08-09 05:01:44.489038,True
IOT-0001210,SHP-000046,DEV-643,-32.018,150.234223,2.26,71.05,32,2026-08-13 02:26:44.489038,False
IOT-0001211,SHP-000322,DEV-612,0.821882,101.43615,3.32,63.44,55,2026-08-09 08:11:44.489038,False
IOT-0001212,SHP-000145,DEV-720,29.220221,123.552724,3.25,51.86,57,2026-08-10 19:12:44.489038,False
IOT-0001213,SHP-000235,DEV-781,53.084597,6.918634,3.11,50.09,55,2026-08-09 16:18:44.489038,False
IOT-0001214,SHP-000069,DEV-503,-21.689796,-44.068594,6.0,52.03,56,2026-08-12 17:56:44.489038,False
IOT-0001215,SHP-000313,DEV-640,2.647502,105.059142,3.15,69.05,71,2026-08-08 08:19:44.489038,False
IOT-0001216,SHP-000049,DEV-609,34.518694,139.306137,6.24,74.9,29,2026-08-12 08:15:44.489038,False
IOT-0001217,SHP-000234,DEV-702,35.41221,-119.270964,5.19,60.14,65,2026-08-12 22:26:44.489038,False
IOT-0001218,SHP-000504,DEV-771,26.692652,56.768716,2.44,65.97,60,2026-08-09 18:24:44.489038,False
IOT-0001219,SHP-000192,DEV-923,-25.209037,-44.108742,2.42,50.28,40,2026-08-10 06:56:44.489038,False
IOT-0001220,SHP-000341,DEV-177,23.831753,55.699186,4.66,72.26,46,2026-08-08 17:44:44.489038,False
IOT-0001221,SHP-000078,DEV-921,-23.962997,-44.536775,2.97,58.92,99,2026-08-10 02:44:44.489038,False
IOT-0001222,SHP-000480,DEV-850,37.100056,138.527681,15.43,42.49,65,2026-08-09 10:25:44.489038,True
IOT-0001223,SHP-000355,DEV-966,52.555711,5.616359,3.88,50.58,70,2026-08-08 10:05:44.489038,False
IOT-0001224,SHP-000205,DEV-339,-25.429659,-47.741424,2.65,56.84,53,2026-08-12 11:50:44.489038,False
IOT-0001225,SHP-000418,DEV-780,-21.690715,-48.197076,6.41,49.42,85,2026-08-08 16:23:44.489038,False
IOT-0001226,SHP-000077,DEV-925,-32.644358,150.840907,3.49,45.03,82,2026-08-09 20:08:44.489038,False
IOT-0001227,SHP-000206,DEV-701,41.334233,-87.286476,5.16,57.25,69,2026-08-11 11:50:44.489038,False
IOT-0001228,SHP-000474,DEV-837,2.16189,105.884413,4.45,42.86,92,2026-08-08 13:59:44.489038,False
IOT-0001229,SHP-000320,DEV-743,32.547651,121.374924,5.96,64.01,27,2026-08-09 18:01:44.489038,False
IOT-0001230,SHP-000330,DEV-543,29.040854,119.837027,2.78,64.91,49,2026-08-12 05:17:44.489038,False
IOT-0001231,SHP-000039,DEV-312,36.08787,-119.477143,5.32,40.13,93,2026-08-11 05:09:44.489038,False
IOT-0001232,SHP-000583,DEV-285,51.09147,9.160759,3.27,66.6,70,2026-08-11 14:43:44.489038,False
IOT-0001233,SHP-000056,DEV-337,2.687979,105.76619,6.08,41.43,86,2026-08-12 09:29:44.489038,False
IOT-0001234,SHP-000551,DEV-542,26.135838,53.088304,4.64,41.5,62,2026-08-08 23:49:44.489038,False
IOT-0001235,SHP-000467,DEV-522,37.482437,137.775745,4.5,63.34,49,2026-08-09 04:16:44.489038,False
IOT-0001236,SHP-000563,DEV-352,-25.748456,-47.620929,5.2,44.29,92,2026-08-08 17:52:44.489038,False
IOT-0001237,SHP-000330,DEV-140,-33.122098,152.83417,4.46,58.64,68,2026-08-12 06:33:44.489038,False
IOT-0001238,SHP-000047,DEV-424,50.826091,6.146709,2.26,71.97,16,2026-08-10 14:39:44.489038,False
IOT-0001239,SHP-000379,DEV-853,39.654438,-87.3072,4.01,41.39,87,2026-08-12 08:46:44.489038,False
IOT-0001240,SHP-000530,DEV-676,34.152521,-116.314388,2.43,60.74,57,2026-08-13 04:00:44.489038,False
IOT-0001241,SHP-000323,DEV-641,24.775903,54.511153,3.47,47.43,46,2026-08-10 23:51:44.489038,False
IOT-0001242,SHP-000480,DEV-983,51.18865,5.132299,3.84,54.05,35,2026-08-12 21:17:44.489038,False
IOT-0001243,SHP-000509,DEV-974,27.451538,55.221861,5.68,68.06,51,2026-08-12 17:26:44.489038,False
IOT-0001244,SHP-000467,DEV-866,43.850941,-86.215377,2.84,72.46,81,2026-08-12 05:27:44.489038,False
IOT-0001245,SHP-000022,DEV-383,0.285092,104.725768,2.79,57.32,56,2026-08-09 17:39:44.489038,False
IOT-0001246,SHP-000485,DEV-895,24.730696,55.347027,2.32,59.1,25,2026-08-12 11:04:44.489038,False
IOT-0001247,SHP-000514,DEV-808,51.393502,9.457723,5.85,42.66,27,2026-08-12 17:12:44.489038,False
IOT-0001248,SHP-000524,DEV-315,54.06625,8.48138,5.67,49.48,24,2026-08-10 17:09:44.489038,False
IOT-0001249,SHP-000326,DEV-249,24.652238,57.036332,4.79,47.15,32,2026-08-11 00:27:44.489038,False
IOT-0001250,SHP-000503,DEV-560,26.963415,54.369459,6.07,44.21,24,2026-08-09 11:01:44.489038,False
IOT-0001251,SHP-000528,DEV-141,2.450438,103.020196,6.06,40.12,70,2026-08-09 04:03:44.489038,False
IOT-0001252,SHP-000104,DEV-145,-25.574911,-44.806559,9.87,56.3,66,2026-08-10 12:26:44.489038,True
IOT-0001253,SHP-000378,DEV-865,1.562545,105.244471,5.68,50.87,99,2026-08-09 13:54:44.489038,False
IOT-0001254,SHP-000237,DEV-190,-23.816296,-46.309907,14.04,58.0,54,2026-08-12 21:25:44.489038,True
IOT-0001255,SHP-000378,DEV-117,2.597222,101.467917,14.03,41.17,73,2026-08-10 05:45:44.489038,True
IOT-0001256,SHP-000088,DEV-966,40.607072,-89.97653,16.0,51.79,28,2026-08-10 02:15:44.489038,True
IOT-0001257,SHP-000539,DEV-528,43.987855,-88.93879,2.21,48.5,52,2026-08-10 09:56:44.489038,False
IOT-0001258,SHP-000186,DEV-684,1.033797,103.707952,4.15,60.55,79,2026-08-09 11:40:44.489038,False
IOT-0001259,SHP-000429,DEV-679,52.647843,10.575574,5.51,52.55,46,2026-08-12 17:55:44.489038,False
IOT-0001260,SHP-000006,DEV-781,-34.341376,150.665982,4.84,63.09,15,2026-08-08 10:14:44.489038,False
IOT-0001261,SHP-000423,DEV-194,34.42882,-116.107694,3.09,52.48,35,2026-08-10 00:40:44.489038,False
IOT-0001262,SHP-000159,DEV-705,-32.02322,151.84514,15.28,48.63,88,2026-08-13 03:51:44.489038,True
IOT-0001263,SHP-000278,DEV-464,-31.427013,150.249617,2.38,70.17,42,2026-08-09 05:28:44.489038,False
IOT-0001264,SHP-000473,DEV-239,31.371624,119.558673,5.0,55.39,17,2026-08-11 04:28:44.489038,False
IOT-0001265,SHP-000122,DEV-756,24.883719,56.09148,4.7,50.28,42,2026-08-10 05:22:44.489038,False
IOT-0001266,SHP-000473,DEV-138,-32.359443,151.692583,3.27,56.1,33,2026-08-09 18:11:44.489038,False
IOT-0001267,SHP-000211,DEV-805,54.428789,11.635263,4.01,63.2,92,2026-08-11 13:07:44.489038,False
IOT-0001268,SHP-000574,DEV-904,-32.820618,150.950216,2.72,52.95,23,2026-08-11 06:06:44.489038,False
IOT-0001269,SHP-000538,DEV-203,51.876122,4.996332,2.42,66.83,15,2026-08-13 02:30:44.489038,False
IOT-0001270,SHP-000096,DEV-617,30.326814,120.916823,2.46,71.56,19,2026-08-08 11:42:44.489038,False
IOT-0001271,SHP-000487,DEV-732,25.716185,53.048993,16.26,54.4,27,2026-08-11 06:03:44.489038,True
IOT-0001272,SHP-000511,DEV-255,26.472326,55.889007,5.03,66.42,29,2026-08-08 10:55:44.489038,False
IOT-0001273,SHP-000210,DEV-521,50.286459,4.372648,3.2,47.34,86,2026-08-09 11:29:44.489038,False
IOT-0001274,SHP-000091,DEV-611,50.045051,5.660567,4.65,61.93,48,2026-08-10 21:12:44.489038,False
IOT-0001275,SHP-000152,DEV-919,39.41589,-86.842426,3.84,71.37,41,2026-08-10 00:59:44.489038,False
IOT-0001276,SHP-000557,DEV-922,32.723468,123.743222,5.45,49.16,85,2026-08-09 09:38:44.489038,False
IOT-0001277,SHP-000425,DEV-507,35.12503,139.056011,2.0,74.14,82,2026-08-12 05:18:44.489038,False
IOT-0001278,SHP-000586,DEV-840,26.241639,52.833483,4.22,64.71,15,2026-08-13 00:48:44.489038,False
IOT-0001279,SHP-000505,DEV-217,52.128518,2.616961,6.2,70.87,16,2026-08-12 13:24:44.489038,False
IOT-0001280,SHP-000453,DEV-679,51.687881,8.955179,2.52,57.86,31,2026-08-11 07:25:44.489038,False
IOT-0001281,SHP-000375,DEV-167,-26.400679,-45.490153,5.69,67.56,93,2026-08-08 22:22:44.489038,False
IOT-0001282,SHP-000251,DEV-399,53.42671,4.45406,4.15,48.77,21,2026-08-08 08:21:44.489038,False
IOT-0001283,SHP-000566,DEV-867,3.103501,104.578851,5.96,52.85,30,2026-08-11 13:56:44.489038,False
IOT-0001284,SHP-000220,DEV-108,-26.426435,-46.256828,17.93,60.02,47,2026-08-10 06:06:44.489038,True
IOT-0001285,SHP-000143,DEV-687,3.136007,104.948447,5.75,51.88,62,2026-08-11 07:54:44.489038,False
IOT-0001286,SHP-000411,DEV-789,34.705819,-116.608083,5.24,45.87,99,2026-08-11 16:30:44.489038,False
IOT-0001287,SHP-000502,DEV-259,33.304211,122.959059,4.78,56.84,35,2026-08-12 06:43:44.489038,False
IOT-0001288,SHP-000206,DEV-938,54.703013,11.250377,2.53,43.05,84,2026-08-09 07:11:44.489038,False
IOT-0001289,SHP-000114,DEV-873,34.143603,-119.054483,4.87,74.81,24,2026-08-10 12:01:44.489038,False
IOT-0001290,SHP-000052,DEV-256,33.63858,121.913863,4.39,41.05,49,2026-08-09 10:45:44.489038,False
IOT-0001291,SHP-000068,DEV-802,37.114491,141.745604,6.12,46.84,84,2026-08-12 04:36:44.489038,False
IOT-0001292,SHP-000494,DEV-119,53.31565,10.647052,5.36,54.85,91,2026-08-09 21:02:44.489038,False
IOT-0001293,SHP-000372,DEV-792,51.113987,8.757705,2.93,46.92,89,2026-08-08 08:56:44.489038,False
IOT-0001294,SHP-000041,DEV-511,42.798273,-87.330136,6.48,54.29,85,2026-08-09 20:08:44.489038,False
IOT-0001295,SHP-000137,DEV-883,34.050239,-119.613571,6.35,47.67,79,2026-08-10 06:11:44.489038,False
IOT-0001296,SHP-000081,DEV-903,35.016346,-119.271916,5.1,64.16,59,2026-08-11 16:51:44.489038,False
IOT-0001297,SHP-000152,DEV-998,32.847592,-116.060949,6.21,66.09,78,2026-08-10 08:21:44.489038,False
IOT-0001298,SHP-000028,DEV-924,-35.229824,149.448105,5.91,61.32,68,2026-08-12 13:25:44.489038,False
IOT-0001299,SHP-000414,DEV-169,-23.612165,-45.231671,4.84,63.53,63,2026-08-10 22:27:44.489038,False
IOT-0001300,SHP-000129,DEV-822,52.388741,8.710506,2.4,73.02,81,2026-08-09 02:46:44.489038,False
IOT-0001301,SHP-000484,DEV-517,1.473267,104.261079,3.87,55.95,47,2026-08-12 04:15:44.489038,False
IOT-0001302,SHP-000154,DEV-611,53.526856,2.966945,3.59,40.17,17,2026-08-09 14:04:44.489038,False
IOT-0001303,SHP-000566,DEV-226,43.672622,-90.037989,5.16,71.2,54,2026-08-10 09:30:44.489038,False
IOT-0001304,SHP-000071,DEV-209,-33.447919,149.216691,3.69,44.67,78,2026-08-11 05:45:44.489038,False
IOT-0001305,SHP-000466,DEV-199,43.399573,-87.995035,3.06,58.36,58,2026-08-08 22:05:44.489038,False
IOT-0001306,SHP-000232,DEV-297,29.871737,120.126269,6.31,62.19,20,2026-08-09 16:54:44.489038,False
IOT-0001307,SHP-000399,DEV-314,25.66711,57.753367,3.3,52.22,75,2026-08-11 19:54:44.489038,False
IOT-0001308,SHP-000524,DEV-810,-36.208408,153.381882,5.78,55.01,36,2026-08-10 08:29:44.489038,False
IOT-0001309,SHP-000366,DEV-227,54.482566,12.137774,4.48,69.46,34,2026-08-12 04:58:44.489038,False
IOT-0001310,SHP-000155,DEV-862,25.305488,53.089108,3.08,47.24,59,2026-08-11 02:32:44.489038,False
IOT-0001311,SHP-000069,DEV-281,51.862108,5.58295,4.42,45.36,29,2026-08-10 22:28:44.489038,False
IOT-0001312,SHP-000063,DEV-742,41.120892,-86.612265,4.57,40.83,40,2026-08-09 23:38:44.489038,False
IOT-0001313,SHP-000562,DEV-286,-25.829224,-48.662415,2.01,72.81,20,2026-08-09 20:26:44.489038,False
IOT-0001314,SHP-000481,DEV-201,31.04907,122.394026,5.62,74.1,59,2026-08-10 23:15:44.489038,False
IOT-0001315,SHP-000285,DEV-947,24.212678,53.37172,2.15,68.05,45,2026-08-12 12:19:44.489038,False
IOT-0001316,SHP-000427,DEV-300,54.929971,10.65558,4.76,54.01,69,2026-08-10 20:21:44.489038,False
IOT-0001317,SHP-000096,DEV-303,55.524789,9.660288,2.46,66.97,74,2026-08-11 04:14:44.489038,False
IOT-0001318,SHP-000090,DEV-440,33.220241,120.186675,4.98,74.62,43,2026-08-10 20:27:44.489038,False
IOT-0001319,SHP-000294,DEV-819,23.24756,56.24175,3.11,53.92,65,2026-08-09 03:44:44.489038,False
IOT-0001320,SHP-000103,DEV-110,36.210619,137.15413,4.15,63.37,82,2026-08-10 20:28:44.489038,False
IOT-0001321,SHP-000515,DEV-357,50.406753,6.208663,5.85,58.15,72,2026-08-09 17:02:44.489038,False
IOT-0001322,SHP-000005,DEV-644,33.657945,121.362513,3.49,74.69,72,2026-08-11 00:34:44.489038,False
IOT-0001323,SHP-000027,DEV-577,53.276636,6.141024,11.97,66.26,81,2026-08-09 20:40:44.489038,True
IOT-0001324,SHP-000100,DEV-868,-31.686892,153.567575,3.36,72.57,95,2026-08-09 10:21:44.489038,False
IOT-0001325,SHP-000410,DEV-777,40.525082,-85.753515,4.18,67.24,57,2026-08-10 15:48:44.489038,False
IOT-0001326,SHP-000239,DEV-648,53.27542,3.380844,3.48,50.9,74,2026-08-11 14:56:44.489038,False
IOT-0001327,SHP-000140,DEV-589,54.14645,9.432405,3.81,40.47,93,2026-08-10 05:22:44.489038,False
IOT-0001328,SHP-000418,DEV-721,0.030948,102.260502,3.47,56.28,64,2026-08-09 21:08:44.489038,False
IOT-0001329,SHP-000105,DEV-233,31.518203,122.113891,16.26,48.84,28,2026-08-13 05:49:44.489038,True
IOT-0001330,SHP-000195,DEV-188,52.56376,12.420581,6.19,51.47,78,2026-08-11 08:35:44.489038,False
IOT-0001331,SHP-000050,DEV-645,52.536776,11.336328,3.94,47.76,80,2026-08-11 08:41:44.489038,False
IOT-0001332,SHP-000484,DEV-912,31.793263,121.480061,2.33,64.01,70,2026-08-12 16:29:44.489038,False
IOT-0001333,SHP-000539,DEV-152,37.853554,139.00692,4.25,56.56,29,2026-08-12 13:10:44.489038,False
IOT-0001334,SHP-000196,DEV-179,32.159002,119.371378,5.17,69.62,15,2026-08-13 03:36:44.489038,False
IOT-0001335,SHP-000365,DEV-158,-33.898539,152.176295,4.61,54.23,27,2026-08-13 00:05:44.489038,False
IOT-0001336,SHP-000534,DEV-206,50.431537,5.608701,3.38,46.29,49,2026-08-12 03:14:44.489038,False
IOT-0001337,SHP-000409,DEV-162,-21.63143,-46.87218,2.92,55.24,81,2026-08-08 10:57:44.489038,False
IOT-0001338,SHP-000239,DEV-786,38.114813,140.651883,8.68,49.43,84,2026-08-10 13:52:44.489038,True
IOT-0001339,SHP-000157,DEV-127,-24.867587,-45.144081,12.19,48.12,16,2026-08-12 10:04:44.489038,True
IOT-0001340,SHP-000252,DEV-113,53.499813,11.720455,5.58,65.82,30,2026-08-08 09:39:44.489038,False
IOT-0001341,SHP-000154,DEV-221,34.573718,-118.655142,3.05,69.53,83,2026-08-11 04:15:44.489038,False
IOT-0001342,SHP-000333,DEV-150,24.804518,57.082236,2.55,63.27,16,2026-08-13 02:42:44.489038,False
IOT-0001343,SHP-000203,DEV-189,54.883568,9.731078,5.22,42.4,20,2026-08-08 13:16:44.489038,False
IOT-0001344,SHP-000166,DEV-348,55.979471,7.498717,3.81,40.48,72,2026-08-11 10:49:44.489038,False
IOT-0001345,SHP-000291,DEV-340,-24.066253,-47.111133,2.98,63.1,100,2026-08-08 18:05:44.489038,False
IOT-0001346,SHP-000439,DEV-553,37.475298,139.288142,3.59,55.83,70,2026-08-08 15:26:44.489038,False
IOT-0001347,SHP-000004,DEV-534,28.971917,123.054568,5.08,57.46,61,2026-08-09 11:43:44.489038,False
IOT-0001348,SHP-000317,DEV-344,-31.997108,149.102075,3.35,42.02,26,2026-08-10 16:11:44.489038,False
IOT-0001349,SHP-000562,DEV-382,28.888849,123.654811,3.57,48.67,88,2026-08-11 03:17:44.489038,False
IOT-0001350,SHP-000076,DEV-254,54.198572,3.414213,4.71,49.52,77,2026-08-08 20:39:44.489038,False
IOT-0001351,SHP-000242,DEV-313,-34.854798,152.249957,3.93,74.03,54,2026-08-11 02:39:44.489038,False
IOT-0001352,SHP-000203,DEV-769,-22.93403,-44.772422,5.61,65.75,41,2026-08-09 07:17:44.489038,False
IOT-0001353,SHP-000572,DEV-403,-23.661336,-47.158068,15.9,69.28,29,2026-08-11 18:36:44.489038,True
IOT-0001354,SHP-000347,DEV-175,40.396276,-87.528044,2.58,71.76,86,2026-08-10 06:12:44.489038,False
IOT-0001355,SHP-000473,DEV-648,43.583915,-87.00026,6.32,42.37,82,2026-08-11 04:57:44.489038,False
IOT-0001356,SHP-000074,DEV-293,51.61917,9.830961,2.85,54.93,78,2026-08-08 08:32:44.489038,False
IOT-0001357,SHP-000499,DEV-676,41.068899,-88.367492,5.26,58.42,93,2026-08-10 20:30:44.489038,False
IOT-0001358,SHP-000587,DEV-302,30.319601,122.218062,6.43,66.57,79,2026-08-12 02:46:44.489038,False
IOT-0001359,SHP-000462,DEV-908,33.185017,-120.448343,3.86,67.27,91,2026-08-08 14:55:44.489038,False
IOT-0001360,SHP-000462,DEV-555,31.59976,-117.223707,5.33,73.88,41,2026-08-10 03:48:44.489038,False
IOT-0001361,SHP-000143,DEV-828,-31.376588,149.880055,3.36,67.98,45,2026-08-08 08:02:44.489038,False
IOT-0001362,SHP-000177,DEV-845,32.599108,-115.963464,4.13,61.62,75,2026-08-12 10:00:44.489038,False
IOT-0001363,SHP-000035,DEV-852,40.799953,-88.18247,3.44,69.38,41,2026-08-10 04:58:44.489038,False
IOT-0001364,SHP-000550,DEV-632,55.771073,12.462763,4.12,52.54,38,2026-08-08 14:18:44.489038,False
IOT-0001365,SHP-000555,DEV-731,55.389863,8.604291,2.06,74.48,90,2026-08-11 04:13:44.489038,False
IOT-0001366,SHP-000281,DEV-575,-24.047731,-46.546154,2.97,49.58,84,2026-08-10 05:48:44.489038,False
IOT-0001367,SHP-000248,DEV-297,36.612358,140.483862,4.91,72.03,21,2026-08-11 10:16:44.489038,False
IOT-0001368,SHP-000255,DEV-466,-25.364068,-46.903715,2.2,58.87,31,2026-08-10 12:31:44.489038,False
IOT-0001369,SHP-000470,DEV-897,33.777938,-118.477816,2.69,51.87,59,2026-08-11 12:10:44.489038,False
IOT-0001370,SHP-000002,DEV-775,-23.97229,-46.745534,5.68,73.34,71,2026-08-11 20:40:44.489038,False
IOT-0001371,SHP-000408,DEV-590,39.581823,-89.257297,10.94,66.58,87,2026-08-10 18:07:44.489038,True
IOT-0001372,SHP-000436,DEV-385,34.848393,142.006509,3.08,45.03,38,2026-08-10 08:54:44.489038,False
IOT-0001373,SHP-000537,DEV-294,33.552714,-118.954223,13.61,68.91,42,2026-08-12 08:27:44.489038,True
IOT-0001374,SHP-000427,DEV-120,42.315328,-87.930924,4.1,70.09,58,2026-08-11 23:52:44.489038,False
IOT-0001375,SHP-000240,DEV-231,54.529735,10.5735,2.1,59.45,24,2026-08-10 01:09:44.489038,False
IOT-0001376,SHP-000413,DEV-418,30.430637,121.774796,3.65,46.97,79,2026-08-11 21:27:44.489038,False
IOT-0001377,SHP-000575,DEV-945,-32.495819,152.079152,4.52,58.99,95,2026-08-11 04:43:44.489038,False
IOT-0001378,SHP-000440,DEV-763,39.889559,-88.760075,3.88,65.99,85,2026-08-10 05:31:44.489038,False
IOT-0001379,SHP-000555,DEV-125,33.530397,139.401774,6.1,70.17,49,2026-08-10 16:01:44.489038,False
IOT-0001380,SHP-000540,DEV-272,34.208477,-119.016937,5.42,44.35,42,2026-08-13 00:41:44.489038,False
IOT-0001381,SHP-000101,DEV-119,37.548036,141.330162,2.55,58.29,87,2026-08-11 18:09:44.489038,False
IOT-0001382,SHP-000508,DEV-584,51.140197,11.638546,6.22,74.49,23,2026-08-13 03:08:44.489038,False
IOT-0001383,SHP-000590,DEV-613,32.460604,-117.565964,6.07,59.46,46,2026-08-09 03:07:44.489038,False
IOT-0001384,SHP-000437,DEV-664,42.085908,-86.005349,5.3,72.27,90,2026-08-08 17:50:44.489038,False
IOT-0001385,SHP-000416,DEV-347,24.681204,54.150873,5.12,64.34,100,2026-08-11 02:40:44.489038,False
IOT-0001386,SHP-000254,DEV-662,-32.464272,149.996711,2.41,68.7,73,2026-08-08 16:47:44.489038,False
IOT-0001387,SHP-000414,DEV-985,-32.826821,152.094464,6.03,40.11,77,2026-08-08 08:56:44.489038,False
IOT-0001388,SHP-000405,DEV-831,36.049291,138.230327,4.07,63.89,66,2026-08-10 09:02:44.489038,False
IOT-0001389,SHP-000178,DEV-502,40.340472,-89.072899,3.97,58.96,18,2026-08-10 18:55:44.489038,False
IOT-0001390,SHP-000033,DEV-334,33.369195,-118.73908,5.07,73.85,36,2026-08-08 22:26:44.489038,False
IOT-0001391,SHP-000123,DEV-140,52.745402,3.358943,13.8,50.7,49,2026-08-09 15:05:44.489038,True
IOT-0001392,SHP-000323,DEV-677,41.948581,-88.631745,5.74,67.19,74,2026-08-09 04:24:44.489038,False
IOT-0001393,SHP-000273,DEV-311,51.401775,8.00109,3.81,41.82,86,2026-08-08 09:46:44.489038,False
IOT-0001394,SHP-000490,DEV-395,52.191448,3.332951,3.02,71.89,28,2026-08-10 02:32:44.489038,False
IOT-0001395,SHP-000235,DEV-984,24.619441,53.716304,4.05,64.79,39,2026-08-08 22:28:44.489038,False
IOT-0001396,SHP-000561,DEV-110,23.249689,54.961329,5.13,53.7,83,2026-08-09 04:21:44.489038,False
IOT-0001397,SHP-000236,DEV-129,35.378496,138.594613,6.37,51.69,36,2026-08-08 05:25:44.489038,False
IOT-0001398,SHP-000117,DEV-152,50.338933,5.331473,11.86,40.74,66,2026-08-10 19:04:44.489038,True
IOT-0001399,SHP-000240,DEV-190,36.187312,-116.934132,3.97,73.75,39,2026-08-10 12:57:44.489038,False
IOT-0001400,SHP-000433,DEV-831,32.589184,-119.485654,2.41,40.18,27,2026-08-09 18:07:44.489038,False
IOT-0001401,SHP-000598,DEV-416,34.073609,-118.098253,3.29,45.07,71,2026-08-11 06:31:44.489038,False
IOT-0001402,SHP-000032,DEV-795,0.83031,103.103161,4.12,48.87,82,2026-08-09 22:56:44.489038,False
IOT-0001403,SHP-000565,DEV-978,55.876306,8.205483,3.41,67.23,98,2026-08-11 22:18:44.489038,False
IOT-0001404,SHP-000294,DEV-437,36.891942,140.304407,8.91,69.29,47,2026-08-11 04:58:44.489038,True
IOT-0001405,SHP-000582,DEV-635,2.403765,105.478504,5.24,67.22,37,2026-08-11 01:27:44.489038,False
IOT-0001406,SHP-000588,DEV-469,40.599454,-90.092562,12.78,46.32,79,2026-08-10 18:50:44.489038,True
IOT-0001407,SHP-000291,DEV-676,34.835299,-115.86307,5.93,62.57,80,2026-08-09 04:32:44.489038,False
IOT-0001408,SHP-000267,DEV-461,27.295114,55.034986,5.66,61.34,89,2026-08-11 01:17:44.489038,False
IOT-0001409,SHP-000267,DEV-511,55.224245,11.490199,3.89,58.73,58,2026-08-09 13:04:44.489038,False
IOT-0001410,SHP-000247,DEV-801,53.470241,4.323939,6.01,56.81,84,2026-08-09 21:50:44.489038,False
IOT-0001411,SHP-000083,DEV-560,22.714532,54.418327,6.08,41.63,49,2026-08-12 08:46:44.489038,False
IOT-0001412,SHP-000346,DEV-197,56.050653,10.213744,14.64,44.34,21,2026-08-10 06:14:44.489038,True
IOT-0001413,SHP-000297,DEV-732,35.189585,139.340806,2.65,49.24,90,2026-08-12 02:48:44.489038,False
IOT-0001414,SHP-000071,DEV-192,0.644972,105.358442,5.25,48.92,59,2026-08-12 19:41:44.489038,False
IOT-0001415,SHP-000379,DEV-905,52.003186,6.091687,3.97,52.31,73,2026-08-10 02:33:44.489038,False
IOT-0001416,SHP-000212,DEV-824,54.484285,11.18667,4.24,45.12,44,2026-08-09 16:43:44.489038,False
IOT-0001417,SHP-000260,DEV-285,49.464954,2.289495,4.53,73.15,34,2026-08-11 08:29:44.489038,False
IOT-0001418,SHP-000048,DEV-268,40.791107,-86.186626,6.31,47.9,98,2026-08-09 23:16:44.489038,False
IOT-0001419,SHP-000498,DEV-675,23.927783,56.851433,4.57,52.45,61,2026-08-10 19:59:44.489038,False
IOT-0001420,SHP-000485,DEV-363,30.719949,120.648504,3.9,53.13,84,2026-08-11 15:51:44.489038,False
IOT-0001421,SHP-000034,DEV-687,53.821537,2.24828,3.94,47.0,53,2026-08-10 02:01:44.489038,False
IOT-0001422,SHP-000257,DEV-980,53.062033,8.882057,5.93,47.18,20,2026-08-11 22:32:44.489038,False
IOT-0001423,SHP-000149,DEV-525,-36.121639,152.743403,3.32,46.59,28,2026-08-10 11:34:44.489038,False
IOT-0001424,SHP-000310,DEV-171,-33.625953,152.120072,3.59,70.92,98,2026-08-11 22:41:44.489038,False
IOT-0001425,SHP-000085,DEV-484,40.921337,-89.785376,2.67,61.69,89,2026-08-09 21:48:44.489038,False
IOT-0001426,SHP-000261,DEV-339,-35.532894,152.961248,9.5,72.26,36,2026-08-11 23:23:44.489038,True
IOT-0001427,SHP-000285,DEV-874,36.087008,138.871143,3.87,48.95,86,2026-08-08 05:01:44.489038,False
IOT-0001428,SHP-000114,DEV-511,54.071714,3.815866,2.08,45.43,55,2026-08-11 21:32:44.489038,False
IOT-0001429,SHP-000012,DEV-401,24.483326,52.847942,2.11,70.57,99,2026-08-12 13:39:44.489038,False
IOT-0001430,SHP-000455,DEV-684,30.391658,121.989592,2.81,48.1,27,2026-08-09 04:01:44.489038,False
IOT-0001431,SHP-000528,DEV-144,35.602476,-116.198825,2.53,40.28,92,2026-08-08 13:55:44.489038,False
IOT-0001432,SHP-000317,DEV-331,33.208055,122.697784,2.36,42.66,99,2026-08-11 08:01:44.489038,False
IOT-0001433,SHP-000208,DEV-207,35.820588,-118.157918,3.2,62.82,34,2026-08-11 12:12:44.489038,False
IOT-0001434,SHP-000057,DEV-473,32.152464,-119.381866,5.98,64.05,50,2026-08-08 05:08:44.489038,False
IOT-0001435,SHP-000143,DEV-136,-32.228741,153.662943,2.37,49.17,92,2026-08-13 04:49:44.489038,False
IOT-0001436,SHP-000499,DEV-645,26.825307,52.851428,5.18,40.09,71,2026-08-11 08:58:44.489038,False
IOT-0001437,SHP-000535,DEV-195,-34.970582,153.641115,9.06,54.74,87,2026-08-09 01:54:44.489038,True
IOT-0001438,SHP-000309,DEV-494,53.335163,2.606073,3.16,53.36,38,2026-08-09 08:43:44.489038,False
IOT-0001439,SHP-000320,DEV-758,50.71135,4.760167,3.71,56.13,16,2026-08-12 09:07:44.489038,False
IOT-0001440,SHP-000339,DEV-817,-32.009432,149.752343,2.29,61.53,91,2026-08-08 16:58:44.489038,False
IOT-0001441,SHP-000390,DEV-567,32.006461,-120.082681,17.95,73.41,49,2026-08-08 22:03:44.489038,True
IOT-0001442,SHP-000326,DEV-576,51.572744,12.321033,5.38,59.67,77,2026-08-08 21:11:44.489038,False
IOT-0001443,SHP-000507,DEV-472,-35.651752,149.875694,2.38,49.51,45,2026-08-08 14:10:44.489038,False
IOT-0001444,SHP-000010,DEV-668,-22.694613,-47.174954,2.7,70.32,30,2026-08-11 19:05:44.489038,False
IOT-0001445,SHP-000340,DEV-952,-22.261017,-46.119082,9.47,57.53,29,2026-08-09 09:36:44.489038,True
IOT-0001446,SHP-000153,DEV-881,-36.090597,150.205833,3.65,65.01,54,2026-08-09 21:27:44.489038,False
IOT-0001447,SHP-000375,DEV-624,-35.972523,150.692084,2.91,46.15,85,2026-08-11 16:04:44.489038,False
IOT-0001448,SHP-000256,DEV-869,-33.984398,151.247019,4.86,49.44,68,2026-08-10 15:50:44.489038,False
IOT-0001449,SHP-000139,DEV-564,-24.51728,-46.910953,2.78,55.46,53,2026-08-09 07:21:44.489038,False
IOT-0001450,SHP-000137,DEV-404,43.499461,-88.215579,5.09,65.99,47,2026-08-08 10:18:44.489038,False
IOT-0001451,SHP-000059,DEV-255,30.512965,119.295199,10.4,52.15,80,2026-08-12 19:45:44.489038,True
IOT-0001452,SHP-000116,DEV-599,54.2837,11.316768,5.69,61.4,68,2026-08-09 05:57:44.489038,False
IOT-0001453,SHP-000190,DEV-864,-22.037717,-47.808464,2.57,59.82,22,2026-08-11 09:09:44.489038,False
IOT-0001454,SHP-000002,DEV-863,33.848388,-120.732396,2.24,57.82,74,2026-08-08 14:27:44.489038,False
IOT-0001455,SHP-000068,DEV-450,30.050966,120.211699,3.68,52.43,63,2026-08-12 21:04:44.489038,False
IOT-0001456,SHP-000454,DEV-911,49.705499,3.965236,3.35,45.95,66,2026-08-09 20:25:44.489038,False
IOT-0001457,SHP-000010,DEV-702,33.42033,140.987529,4.73,74.52,63,2026-08-10 04:39:44.489038,False
IOT-0001458,SHP-000262,DEV-160,40.733723,-87.240399,2.18,41.51,87,2026-08-12 15:21:44.489038,False
IOT-0001459,SHP-000139,DEV-679,39.787722,-87.555715,6.2,59.11,18,2026-08-12 08:46:44.489038,False
IOT-0001460,SHP-000423,DEV-975,50.748707,4.349381,13.22,69.61,50,2026-08-11 13:43:44.489038,True
IOT-0001461,SHP-000442,DEV-639,37.746806,141.974221,11.98,45.78,99,2026-08-12 00:43:44.489038,True
IOT-0001462,SHP-000036,DEV-501,53.951246,10.731769,13.45,62.95,16,2026-08-08 11:33:44.489038,True
IOT-0001463,SHP-000200,DEV-141,43.517992,-88.541523,2.04,43.88,77,2026-08-10 03:04:44.489038,False
IOT-0001464,SHP-000349,DEV-965,39.471412,-88.652831,5.07,41.07,36,2026-08-12 23:47:44.489038,False
IOT-0001465,SHP-000018,DEV-591,2.700155,106.213933,6.18,54.02,57,2026-08-10 13:57:44.489038,False
IOT-0001466,SHP-000269,DEV-420,-35.586696,151.237926,6.46,44.74,55,2026-08-09 13:12:44.489038,False
IOT-0001467,SHP-000240,DEV-678,52.656006,2.900004,3.05,61.54,85,2026-08-12 17:59:44.489038,False
IOT-0001468,SHP-000589,DEV-590,31.443925,122.791158,5.45,65.75,33,2026-08-12 09:10:44.489038,False
IOT-0001469,SHP-000090,DEV-662,-34.041485,152.109009,4.7,74.11,71,2026-08-08 05:35:44.489038,False
IOT-0001470,SHP-000199,DEV-248,-23.271749,-45.422174,3.51,56.36,59,2026-08-09 16:58:44.489038,False
IOT-0001471,SHP-000334,DEV-540,42.117474,-87.076,5.14,49.55,63,2026-08-08 13:24:44.489038,False
IOT-0001472,SHP-000010,DEV-326,49.684904,6.045674,2.16,55.77,38,2026-08-12 22:58:44.489038,False
IOT-0001473,SHP-000194,DEV-153,2.216162,105.389956,6.08,46.61,47,2026-08-09 21:25:44.489038,False
IOT-0001474,SHP-000179,DEV-655,-33.495875,148.743173,9.58,62.61,39,2026-08-13 04:57:44.489038,True
IOT-0001475,SHP-000273,DEV-359,29.324635,123.554171,4.19,73.4,80,2026-08-08 18:40:44.489038,False
IOT-0001476,SHP-000156,DEV-987,0.369253,102.008979,2.12,55.57,64,2026-08-12 10:24:44.489038,False
IOT-0001477,SHP-000192,DEV-870,35.03564,-120.593745,9.54,41.65,67,2026-08-10 23:08:44.489038,True
IOT-0001478,SHP-000364,DEV-295,33.682483,-118.93584,4.8,53.03,55,2026-08-10 14:54:44.489038,False
IOT-0001479,SHP-000060,DEV-520,53.726561,9.002506,6.34,45.23,50,2026-08-08 14:53:44.489038,False
IOT-0001480,SHP-000171,DEV-668,53.80505,11.388043,2.32,72.36,53,2026-08-11 12:31:44.489038,False
IOT-0001481,SHP-000030,DEV-905,52.583067,3.417349,3.93,74.3,26,2026-08-11 07:07:44.489038,False
IOT-0001482,SHP-000555,DEV-615,25.597371,56.180288,5.36,56.11,99,2026-08-10 12:58:44.489038,False
IOT-0001483,SHP-000510,DEV-260,-22.382082,-44.468798,5.94,65.4,94,2026-08-10 05:49:44.489038,False
IOT-0001484,SHP-000106,DEV-705,36.054644,-118.160388,2.7,52.22,94,2026-08-09 05:59:44.489038,False
IOT-0001485,SHP-000037,DEV-149,-22.476181,-45.532851,5.54,49.7,65,2026-08-13 03:37:44.489038,False
IOT-0001486,SHP-000070,DEV-185,34.982668,140.113179,3.1,74.92,58,2026-08-09 05:35:44.489038,False
IOT-0001487,SHP-000247,DEV-495,34.916842,-119.891294,2.32,70.99,27,2026-08-09 05:18:44.489038,False
IOT-0001488,SHP-000039,DEV-492,51.097444,12.374483,3.73,58.92,98,2026-08-10 15:57:44.489038,False
IOT-0001489,SHP-000493,DEV-546,40.702115,-87.819439,3.15,68.69,92,2026-08-12 08:44:44.489038,False
IOT-0001490,SHP-000172,DEV-234,35.910749,140.308049,4.96,64.84,40,2026-08-10 22:19:44.489038,False
IOT-0001491,SHP-000368,DEV-571,-32.762511,152.035979,5.59,46.44,62,2026-08-12 04:22:44.489038,False
IOT-0001492,SHP-000429,DEV-369,0.341096,105.664102,4.09,54.31,89,2026-08-11 12:01:44.489038,False
IOT-0001493,SHP-000030,DEV-574,42.024051,-87.172303,5.24,58.87,27,2026-08-09 18:14:44.489038,False
IOT-0001494,SHP-000038,DEV-701,1.597838,101.944572,2.72,53.26,64,2026-08-09 18:33:44.489038,False
IOT-0001495,SHP-000237,DEV-336,36.071728,141.337709,3.87,66.95,64,2026-08-12 21:44:44.489038,False
IOT-0001496,SHP-000166,DEV-220,26.902141,53.555117,4.88,55.07,16,2026-08-12 01:00:44.489038,False
IOT-0001497,SHP-000369,DEV-888,41.736553,-88.294828,4.28,59.29,51,2026-08-11 13:39:44.489038,False
IOT-0001498,SHP-000369,DEV-784,-34.75148,150.891197,5.98,40.28,78,2026-08-11 21:42:44.489038,False
IOT-0001499,SHP-000551,DEV-228,27.596923,57.200748,3.39,52.57,62,2026-08-09 10:26:44.489038,False
IOT-0001500,SHP-000508,DEV-887,53.933162,9.293822,2.07,61.19,53,2026-08-10 03:30:44.489038,False
IOT-0001501,SHP-000122,DEV-764,51.976745,4.924367,12.91,57.2,19,2026-08-12 03:34:44.489038,True
IOT-0001502,SHP-000289,DEV-346,-0.072335,103.546896,5.8,49.36,91,2026-08-09 07:27:44.489038,False
IOT-0001503,SHP-000017,DEV-996,23.460899,53.304642,2.81,56.95,24,2026-08-10 11:58:44.489038,False
IOT-0001504,SHP-000189,DEV-208,32.029529,120.624474,2.56,60.48,83,2026-08-08 11:19:44.489038,False
IOT-0001505,SHP-000259,DEV-683,50.551614,3.098598,2.74,52.04,58,2026-08-12 16:35:44.489038,False
IOT-0001506,SHP-000062,DEV-625,-33.456546,150.715273,17.39,63.65,23,2026-08-10 11:23:44.489038,True
IOT-0001507,SHP-000399,DEV-930,31.985223,-118.417641,6.07,59.79,78,2026-08-12 12:21:44.489038,False
IOT-0001508,SHP-000499,DEV-490,33.683311,-116.404235,3.51,70.74,49,2026-08-11 01:27:44.489038,False
IOT-0001509,SHP-000129,DEV-238,43.948799,-85.186638,5.71,64.27,28,2026-08-09 18:05:44.489038,False
IOT-0001510,SHP-000448,DEV-211,44.175709,-87.981633,2.36,70.43,24,2026-08-08 13:35:44.489038,False
IOT-0001511,SHP-000590,DEV-833,-35.001913,151.329293,6.31,62.56,61,2026-08-11 00:26:44.489038,False
IOT-0001512,SHP-000440,DEV-784,33.427188,119.525649,2.53,68.84,48,2026-08-11 19:28:44.489038,False
IOT-0001513,SHP-000566,DEV-821,36.356488,-117.614644,2.96,56.52,53,2026-08-12 05:48:44.489038,False
IOT-0001514,SHP-000477,DEV-930,36.960998,141.429127,6.21,52.51,95,2026-08-12 04:58:44.489038,False
IOT-0001515,SHP-000062,DEV-706,-25.015433,-48.396456,3.84,64.02,28,2026-08-11 21:02:44.489038,False
IOT-0001516,SHP-000312,DEV-130,41.633823,-88.905002,2.86,55.87,95,2026-08-08 08:12:44.489038,False
IOT-0001517,SHP-000144,DEV-393,-25.46797,-44.32748,3.61,42.78,17,2026-08-10 11:45:44.489038,False
IOT-0001518,SHP-000478,DEV-317,55.351353,8.39199,6.3,74.83,31,2026-08-10 19:17:44.489038,False
IOT-0001519,SHP-000046,DEV-423,31.006968,122.519761,4.14,57.98,53,2026-08-09 20:01:44.489038,False
IOT-0001520,SHP-000568,DEV-695,39.9766,-85.220122,2.61,43.83,23,2026-08-11 14:23:44.489038,False
IOT-0001521,SHP-000600,DEV-941,51.910251,6.189046,5.24,42.86,53,2026-08-12 17:43:44.489038,False
IOT-0001522,SHP-000479,DEV-939,-0.25803,105.788124,4.0,58.72,88,2026-08-12 17:26:44.489038,False
IOT-0001523,SHP-000398,DEV-113,1.493807,103.174459,3.56,73.61,32,2026-08-09 14:09:44.489038,False
IOT-0001524,SHP-000257,DEV-311,43.730961,-88.490678,2.58,58.93,73,2026-08-12 05:58:44.489038,False
IOT-0001525,SHP-000187,DEV-808,32.284143,119.036378,2.35,60.94,17,2026-08-11 18:23:44.489038,False
IOT-0001526,SHP-000033,DEV-414,43.051785,-85.746183,3.02,54.13,42,2026-08-13 00:51:44.489038,False
IOT-0001527,SHP-000128,DEV-390,34.918127,141.654464,4.33,68.85,56,2026-08-13 01:20:44.489038,False
IOT-0001528,SHP-000590,DEV-904,-33.322161,150.481765,16.27,44.27,44,2026-08-10 03:17:44.489038,True
IOT-0001529,SHP-000392,DEV-109,24.736567,56.32976,2.69,50.95,34,2026-08-10 23:34:44.489038,False
IOT-0001530,SHP-000360,DEV-632,35.844126,-116.549569,3.63,46.46,33,2026-08-12 16:41:44.489038,False
IOT-0001531,SHP-000148,DEV-355,36.55144,-118.358594,4.6,41.56,23,2026-08-08 20:58:44.489038,False
IOT-0001532,SHP-000481,DEV-788,42.240049,-87.219953,5.51,73.38,60,2026-08-09 07:56:44.489038,False
IOT-0001533,SHP-000250,DEV-311,23.608245,56.06293,5.05,59.02,99,2026-08-10 00:40:44.489038,False
IOT-0001534,SHP-000484,DEV-992,30.204794,119.718228,4.7,40.27,87,2026-08-11 12:23:44.489038,False
IOT-0001535,SHP-000154,DEV-242,-0.059616,105.334285,4.93,52.1,40,2026-08-11 01:28:44.489038,False
IOT-0001536,SHP-000069,DEV-928,24.246832,55.167222,3.75,59.17,66,2026-08-10 22:44:44.489038,False
IOT-0001537,SHP-000472,DEV-921,26.980755,54.124249,2.89,53.88,84,2026-08-10 08:13:44.489038,False
IOT-0001538,SHP-000124,DEV-830,-25.221149,-48.801098,6.47,53.91,22,2026-08-10 15:04:44.489038,False
IOT-0001539,SHP-000265,DEV-707,26.541216,53.025163,4.29,52.88,26,2026-08-10 22:29:44.489038,False
IOT-0001540,SHP-000353,DEV-313,34.657505,-116.318645,2.77,50.59,56,2026-08-11 02:11:44.489038,False
IOT-0001541,SHP-000389,DEV-444,2.788664,102.449652,2.38,69.5,22,2026-08-10 19:52:44.489038,False
IOT-0001542,SHP-000488,DEV-440,54.313753,8.98218,5.7,73.91,80,2026-08-12 01:48:44.489038,False
IOT-0001543,SHP-000399,DEV-826,-31.518697,153.639769,6.29,51.95,55,2026-08-12 02:33:44.489038,False
IOT-0001544,SHP-000546,DEV-686,32.71793,-119.892318,4.86,40.07,54,2026-08-09 15:25:44.489038,False
IOT-0001545,SHP-000051,DEV-206,37.087337,140.044794,5.11,61.74,46,2026-08-10 06:59:44.489038,False
IOT-0001546,SHP-000493,DEV-309,3.157602,101.76759,3.2,69.1,36,2026-08-13 03:21:44.489038,False
IOT-0001547,SHP-000388,DEV-481,32.86345,119.969689,5.61,54.92,40,2026-08-09 01:32:44.489038,False
IOT-0001548,SHP-000030,DEV-167,26.385215,52.910548,3.98,47.16,98,2026-08-09 17:58:44.489038,False
IOT-0001549,SHP-000026,DEV-960,42.390834,-89.768259,4.86,57.9,72,2026-08-12 16:44:44.489038,False
IOT-0001550,SHP-000525,DEV-525,53.246371,8.930692,2.05,45.28,87,2026-08-12 04:29:44.489038,False
IOT-0001551,SHP-000282,DEV-390,42.146687,-86.038009,5.68,40.04,22,2026-08-11 10:16:44.489038,False
IOT-0001552,SHP-000219,DEV-226,-32.280668,153.226066,6.24,54.56,36,2026-08-08 10:14:44.489038,False
IOT-0001553,SHP-000387,DEV-484,42.752841,-85.249441,5.71,44.54,72,2026-08-12 18:16:44.489038,False
IOT-0001554,SHP-000487,DEV-250,27.53645,57.060815,2.23,56.15,92,2026-08-11 19:58:44.489038,False
IOT-0001555,SHP-000320,DEV-379,35.952144,141.025618,6.43,47.43,86,2026-08-09 07:27:44.489038,False
IOT-0001556,SHP-000140,DEV-744,39.663016,-85.531538,4.39,73.49,80,2026-08-12 06:37:44.489038,False
IOT-0001557,SHP-000307,DEV-819,-32.994644,149.018706,3.08,55.39,55,2026-08-11 02:51:44.489038,False
IOT-0001558,SHP-000456,DEV-613,-22.623648,-45.035168,5.51,49.9,81,2026-08-12 23:59:44.489038,False
IOT-0001559,SHP-000136,DEV-476,26.64033,53.803748,4.85,47.95,62,2026-08-10 13:40:44.489038,False
IOT-0001560,SHP-000428,DEV-775,34.927938,141.062675,5.37,54.62,18,2026-08-10 08:08:44.489038,False
IOT-0001561,SHP-000311,DEV-581,24.743234,54.95278,2.82,58.6,28,2026-08-10 14:45:44.489038,False
IOT-0001562,SHP-000436,DEV-112,51.263367,10.020615,6.19,57.38,58,2026-08-08 22:06:44.489038,False
IOT-0001563,SHP-000130,DEV-267,32.00264,122.85272,3.99,68.88,63,2026-08-09 15:53:44.489038,False
IOT-0001564,SHP-000542,DEV-102,55.670109,8.537475,5.59,46.45,17,2026-08-12 03:54:44.489038,False
IOT-0001565,SHP-000474,DEV-624,-25.119172,-45.525935,5.96,51.07,43,2026-08-09 19:19:44.489038,False
IOT-0001566,SHP-000295,DEV-912,39.660573,-86.492732,3.83,63.36,22,2026-08-08 15:28:44.489038,False
IOT-0001567,SHP-000535,DEV-873,-32.320633,150.412939,3.11,57.75,47,2026-08-11 21:07:44.489038,False
IOT-0001568,SHP-000448,DEV-205,32.19623,118.983899,6.36,48.27,94,2026-08-11 06:22:44.489038,False
IOT-0001569,SHP-000340,DEV-381,-34.181358,149.468613,6.36,51.12,67,2026-08-09 20:34:44.489038,False
IOT-0001570,SHP-000571,DEV-387,-31.559389,153.696254,4.72,50.27,62,2026-08-10 01:17:44.489038,False
IOT-0001571,SHP-000112,DEV-923,53.944455,6.33798,5.95,73.82,25,2026-08-10 17:52:44.489038,False
IOT-0001572,SHP-000237,DEV-207,2.330069,101.803389,2.17,54.07,24,2026-08-11 14:43:44.489038,False
IOT-0001573,SHP-000089,DEV-425,-25.004127,-46.013033,5.73,67.32,55,2026-08-10 04:05:44.489038,False
IOT-0001574,SHP-000451,DEV-729,-25.983834,-48.647861,6.3,73.1,97,2026-08-10 02:06:44.489038,False
IOT-0001575,SHP-000169,DEV-859,32.676315,121.491352,5.39,55.91,83,2026-08-08 21:42:44.489038,False
IOT-0001576,SHP-000533,DEV-216,26.218963,54.707961,5.31,44.71,39,2026-08-09 16:19:44.489038,False
IOT-0001577,SHP-000415,DEV-465,35.855384,-118.602598,2.01,49.25,15,2026-08-10 04:08:44.489038,False
IOT-0001578,SHP-000517,DEV-315,-36.191669,153.003424,5.36,70.94,87,2026-08-11 07:54:44.489038,False
IOT-0001579,SHP-000262,DEV-198,26.82962,53.1324,11.02,43.96,85,2026-08-10 09:53:44.489038,True
IOT-0001580,SHP-000167,DEV-494,-0.295452,102.729596,5.65,60.35,55,2026-08-13 05:44:44.489038,False
IOT-0001581,SHP-000169,DEV-297,24.688966,56.920247,2.24,72.03,41,2026-08-11 07:21:44.489038,False
IOT-0001582,SHP-000242,DEV-566,33.607859,122.149085,5.56,55.43,42,2026-08-12 01:31:44.489038,False
IOT-0001583,SHP-000325,DEV-691,-35.047113,150.321108,5.56,47.39,47,2026-08-10 03:56:44.489038,False
IOT-0001584,SHP-000272,DEV-615,55.724463,10.492764,5.88,66.44,58,2026-08-10 10:56:44.489038,False
IOT-0001585,SHP-000337,DEV-358,-24.562152,-47.865156,6.08,57.49,29,2026-08-10 10:22:44.489038,False
IOT-0001586,SHP-000001,DEV-585,-25.656453,-48.117555,3.27,41.33,93,2026-08-09 00:34:44.489038,False
IOT-0001587,SHP-000180,DEV-330,1.268527,104.480071,3.64,69.23,46,2026-08-10 20:43:44.489038,False
IOT-0001588,SHP-000213,DEV-215,52.690729,8.339474,4.45,66.84,44,2026-08-10 20:43:44.489038,False
IOT-0001589,SHP-000092,DEV-436,-0.175616,103.613593,6.08,61.6,45,2026-08-10 13:08:44.489038,False
IOT-0001590,SHP-000343,DEV-530,33.363814,-118.686539,2.68,42.24,44,2026-08-09 04:05:44.489038,False
IOT-0001591,SHP-000231,DEV-144,3.419933,105.453338,5.88,65.89,90,2026-08-08 11:04:44.489038,False
IOT-0001592,SHP-000534,DEV-874,29.491092,123.2754,2.94,52.71,100,2026-08-09 23:53:44.489038,False
IOT-0001593,SHP-000599,DEV-562,-33.665945,152.578488,4.99,46.93,38,2026-08-10 08:30:44.489038,False
IOT-0001594,SHP-000105,DEV-946,42.921639,-86.650568,2.29,43.6,48,2026-08-08 19:27:44.489038,False
IOT-0001595,SHP-000185,DEV-496,26.73507,57.694164,3.17,72.35,25,2026-08-08 15:29:44.489038,False
IOT-0001596,SHP-000071,DEV-877,-33.656886,153.093641,14.2,40.2,36,2026-08-12 01:26:44.489038,True
IOT-0001597,SHP-000433,DEV-424,-23.137618,-44.685932,5.4,56.17,92,2026-08-12 15:10:44.489038,False
IOT-0001598,SHP-000041,DEV-774,35.846876,139.876036,2.68,50.15,20,2026-08-12 19:09:44.489038,False
IOT-0001599,SHP-000513,DEV-600,-25.821168,-44.558147,3.74,54.6,19,2026-08-10 08:53:44.489038,False
IOT-0001600,SHP-000479,DEV-651,1.734637,104.599174,2.4,66.3,80,2026-08-10 19:35:44.489038,False
IOT-0001601,SHP-000509,DEV-753,-24.656729,-43.934212,4.73,57.51,29,2026-08-12 17:51:44.489038,False
IOT-0001602,SHP-000547,DEV-356,35.76967,141.804286,4.6,45.33,63,2026-08-08 22:00:44.489038,False
IOT-0001603,SHP-000552,DEV-845,37.219114,139.877515,6.38,67.47,57,2026-08-11 20:21:44.489038,False
IOT-0001604,SHP-000485,DEV-511,26.165717,53.195966,14.54,45.29,55,2026-08-09 04:33:44.489038,True
IOT-0001605,SHP-000201,DEV-462,-32.23999,148.967634,3.49,71.53,33,2026-08-11 01:58:44.489038,False
IOT-0001606,SHP-000281,DEV-428,29.633682,122.070592,3.46,62.09,66,2026-08-08 12:40:44.489038,False
IOT-0001607,SHP-000473,DEV-825,26.388905,53.416169,3.29,45.15,97,2026-08-09 18:06:44.489038,False
IOT-0001608,SHP-000254,DEV-690,34.630216,-120.154117,6.47,53.21,55,2026-08-10 12:39:44.489038,False
IOT-0001609,SHP-000526,DEV-456,0.214302,106.197829,2.27,73.95,39,2026-08-09 23:33:44.489038,False
IOT-0001610,SHP-000594,DEV-458,-25.465205,-48.220589,5.0,64.17,87,2026-08-11 06:50:44.489038,False
IOT-0001611,SHP-000368,DEV-591,32.921928,-116.924621,6.37,44.47,70,2026-08-10 21:49:44.489038,False
IOT-0001612,SHP-000379,DEV-593,36.271446,-118.005364,3.34,72.49,93,2026-08-11 10:09:44.489038,False
IOT-0001613,SHP-000254,DEV-747,-25.667912,-46.563929,4.52,49.61,58,2026-08-10 22:44:44.489038,False
IOT-0001614,SHP-000565,DEV-523,1.483121,105.177375,4.61,62.09,40,2026-08-13 00:00:44.489038,False
IOT-0001615,SHP-000114,DEV-167,33.678127,-116.915419,5.88,43.06,36,2026-08-09 09:59:44.489038,False
IOT-0001616,SHP-000568,DEV-543,51.731984,8.300568,2.71,62.5,19,2026-08-12 21:47:44.489038,False
IOT-0001617,SHP-000129,DEV-872,27.168214,57.282523,3.58,54.65,40,2026-08-10 10:50:44.489038,False
IOT-0001618,SHP-000009,DEV-884,40.993535,-87.54154,5.12,42.98,76,2026-08-12 06:57:44.489038,False
IOT-0001619,SHP-000549,DEV-334,-26.344936,-45.816153,3.62,59.21,45,2026-08-09 03:20:44.489038,False
IOT-0001620,SHP-000594,DEV-437,26.816009,54.739671,4.6,42.14,24,2026-08-09 01:19:44.489038,False
IOT-0001621,SHP-000153,DEV-718,23.487882,53.381996,2.51,43.66,97,2026-08-09 06:23:44.489038,False
IOT-0001622,SHP-000208,DEV-163,28.83787,121.580831,3.54,59.14,93,2026-08-08 21:23:44.489038,False
IOT-0001623,SHP-000003,DEV-922,34.118795,-118.414071,3.48,56.82,88,2026-08-10 09:45:44.489038,False
IOT-0001624,SHP-000040,DEV-840,51.124462,3.114639,2.42,58.21,30,2026-08-13 05:47:44.489038,False
IOT-0001625,SHP-000596,DEV-379,1.984492,103.295597,2.66,54.11,74,2026-08-11 02:57:44.489038,False
IOT-0001626,SHP-000514,DEV-800,33.66165,122.442978,2.14,64.77,99,2026-08-12 00:39:44.489038,False
IOT-0001627,SHP-000528,DEV-630,27.649018,53.074961,6.07,58.85,63,2026-08-09 16:36:44.489038,False
IOT-0001628,SHP-000316,DEV-745,40.171431,-86.473292,4.79,48.7,95,2026-08-12 01:38:44.489038,False
IOT-0001629,SHP-000507,DEV-306,34.874705,-120.326829,2.16,59.51,17,2026-08-10 22:49:44.489038,False
IOT-0001630,SHP-000278,DEV-325,31.629385,-120.307798,5.23,56.14,58,2026-08-10 21:25:44.489038,False
IOT-0001631,SHP-000389,DEV-219,-22.614809,-48.791102,4.72,40.16,36,2026-08-10 09:49:44.489038,False
IOT-0001632,SHP-000217,DEV-799,1.637116,105.660661,3.23,72.68,100,2026-08-12 23:03:44.489038,False
IOT-0001633,SHP-000542,DEV-187,-25.863416,-46.775209,4.45,49.57,57,2026-08-09 07:30:44.489038,False
IOT-0001634,SHP-000392,DEV-643,31.678394,123.692573,2.45,71.59,45,2026-08-10 08:49:44.489038,False
IOT-0001635,SHP-000428,DEV-105,-33.803082,152.400709,6.14,61.98,37,2026-08-10 16:39:44.489038,False
IOT-0001636,SHP-000511,DEV-749,41.303989,-89.927445,5.09,69.54,31,2026-08-08 14:16:44.489038,False
IOT-0001637,SHP-000413,DEV-525,54.667189,8.087491,5.04,45.27,93,2026-08-11 13:20:44.489038,False
IOT-0001638,SHP-000513,DEV-692,-32.77386,148.809467,3.83,44.68,30,2026-08-11 03:30:44.489038,False
IOT-0001639,SHP-000278,DEV-662,25.997391,54.662552,5.32,48.9,93,2026-08-11 19:15:44.489038,False
IOT-0001640,SHP-000111,DEV-679,33.532473,-119.201989,3.0,68.22,44,2026-08-08 07:25:44.489038,False
IOT-0001641,SHP-000030,DEV-688,42.771527,-87.406593,4.2,58.31,51,2026-08-11 13:20:44.489038,False
IOT-0001642,SHP-000372,DEV-628,50.38057,4.94054,3.08,44.12,90,2026-08-10 10:27:44.489038,False
IOT-0001643,SHP-000399,DEV-596,32.031341,-116.703132,3.41,41.43,19,2026-08-08 19:35:44.489038,False
IOT-0001644,SHP-000584,DEV-484,25.492646,55.691567,6.18,45.35,77,2026-08-12 01:32:44.489038,False
IOT-0001645,SHP-000346,DEV-742,-25.051849,-48.133161,4.57,65.66,54,2026-08-08 18:52:44.489038,False
IOT-0001646,SHP-000394,DEV-237,55.088624,10.044156,4.57,74.87,25,2026-08-09 23:53:44.489038,False
IOT-0001647,SHP-000018,DEV-948,-32.695935,149.649397,2.1,61.27,60,2026-08-11 14:17:44.489038,False
IOT-0001648,SHP-000511,DEV-455,-34.480621,151.368745,3.3,70.47,69,2026-08-08 17:22:44.489038,False
IOT-0001649,SHP-000481,DEV-930,-34.981511,153.197542,4.24,40.66,67,2026-08-12 08:51:44.489038,False
IOT-0001650,SHP-000114,DEV-955,53.502877,10.004883,2.87,52.21,37,2026-08-10 13:11:44.489038,False
IOT-0001651,SHP-000428,DEV-189,-26.04597,-48.180561,4.51,43.85,60,2026-08-12 06:22:44.489038,False
IOT-0001652,SHP-000118,DEV-685,35.384089,140.2506,5.75,61.6,32,2026-08-09 00:24:44.489038,False
IOT-0001653,SHP-000331,DEV-192,43.791405,-85.966236,3.53,50.65,95,2026-08-08 07:05:44.489038,False
IOT-0001654,SHP-000105,DEV-178,39.689757,-88.976413,3.22,55.28,49,2026-08-08 10:25:44.489038,False
IOT-0001655,SHP-000357,DEV-810,31.935396,123.641761,6.13,47.69,94,2026-08-12 00:03:44.489038,False
IOT-0001656,SHP-000223,DEV-980,0.879929,104.274835,4.69,58.49,60,2026-08-11 05:25:44.489038,False
IOT-0001657,SHP-000378,DEV-371,41.654649,-89.155858,3.97,66.75,77,2026-08-09 11:07:44.489038,False
IOT-0001658,SHP-000155,DEV-790,51.994894,2.352461,6.37,71.02,63,2026-08-12 20:14:44.489038,False
IOT-0001659,SHP-000259,DEV-105,28.919793,119.224576,2.59,64.46,48,2026-08-11 05:51:44.489038,False
IOT-0001660,SHP-000280,DEV-891,31.996087,122.141767,3.51,54.94,41,2026-08-08 06:52:44.489038,False
IOT-0001661,SHP-000139,DEV-495,51.647517,8.703659,4.05,62.4,34,2026-08-11 20:17:44.489038,False
IOT-0001662,SHP-000592,DEV-334,-34.142625,151.011035,3.95,50.13,29,2026-08-12 20:48:44.489038,False
IOT-0001663,SHP-000272,DEV-670,54.108894,4.885937,5.32,69.29,47,2026-08-12 03:14:44.489038,False
IOT-0001664,SHP-000065,DEV-354,26.226334,53.689331,4.52,62.59,76,2026-08-12 18:31:44.489038,False
IOT-0001665,SHP-000469,DEV-870,23.868639,55.57438,4.51,73.47,16,2026-08-09 19:40:44.489038,False
IOT-0001666,SHP-000437,DEV-323,41.584875,-89.678507,3.65,51.09,68,2026-08-11 22:40:44.489038,False
IOT-0001667,SHP-000375,DEV-981,50.75651,5.897443,2.35,57.91,98,2026-08-08 19:45:44.489038,False
IOT-0001668,SHP-000516,DEV-542,-0.28861,102.687179,15.27,74.61,70,2026-08-08 17:26:44.489038,True
IOT-0001669,SHP-000168,DEV-131,-33.414895,151.035509,2.6,51.94,69,2026-08-09 10:52:44.489038,False
IOT-0001670,SHP-000286,DEV-919,-35.589849,151.926804,2.63,71.95,51,2026-08-09 14:40:44.489038,False
IOT-0001671,SHP-000246,DEV-410,40.719945,-89.250309,13.15,56.84,59,2026-08-11 09:01:44.489038,True
IOT-0001672,SHP-000187,DEV-268,2.642085,105.177033,2.69,72.81,64,2026-08-09 05:01:44.489038,False
IOT-0001673,SHP-000112,DEV-935,-34.216187,152.126513,4.68,56.83,18,2026-08-09 21:57:44.489038,False
IOT-0001674,SHP-000444,DEV-870,-33.613254,149.217112,3.72,54.95,100,2026-08-09 19:29:44.489038,False
IOT-0001675,SHP-000374,DEV-104,25.394138,53.146276,5.53,47.59,79,2026-08-11 09:07:44.489038,False
IOT-0001676,SHP-000519,DEV-323,-0.640974,103.878278,5.35,42.87,82,2026-08-08 15:49:44.489038,False
IOT-0001677,SHP-000416,DEV-360,53.784305,11.499185,5.66,55.11,42,2026-08-10 13:07:44.489038,False
IOT-0001678,SHP-000270,DEV-426,0.502892,104.96046,5.84,71.47,75,2026-08-09 03:36:44.489038,False
IOT-0001679,SHP-000137,DEV-366,35.524335,137.688769,3.16,58.0,93,2026-08-10 07:22:44.489038,False
IOT-0001680,SHP-000393,DEV-960,26.654955,55.816117,5.77,73.64,87,2026-08-12 13:11:44.489038,False
IOT-0001681,SHP-000469,DEV-386,53.869833,3.654293,6.04,43.45,82,2026-08-12 19:25:44.489038,False
IOT-0001682,SHP-000486,DEV-633,37.604255,140.365604,5.34,45.96,31,2026-08-09 15:40:44.489038,False
IOT-0001683,SHP-000367,DEV-506,38.062345,140.787889,12.41,55.53,22,2026-08-11 14:49:44.489038,True
IOT-0001684,SHP-000222,DEV-429,0.062758,106.173438,2.45,55.53,85,2026-08-09 22:41:44.489038,False
IOT-0001685,SHP-000191,DEV-100,-22.566189,-45.611724,6.3,47.53,51,2026-08-12 21:58:44.489038,False
IOT-0001686,SHP-000370,DEV-568,37.933881,139.610386,5.37,56.42,56,2026-08-10 16:19:44.489038,False
IOT-0001687,SHP-000183,DEV-946,30.47868,122.128838,3.91,57.94,42,2026-08-09 04:44:44.489038,False
IOT-0001688,SHP-000348,DEV-856,25.957659,55.2213,2.13,52.98,55,2026-08-12 20:01:44.489038,False
IOT-0001689,SHP-000447,DEV-524,55.9203,8.266783,2.45,59.91,76,2026-08-11 22:27:44.489038,False
IOT-0001690,SHP-000097,DEV-523,0.085012,101.515233,4.7,64.87,50,2026-08-10 16:58:44.489038,False
IOT-0001691,SHP-000070,DEV-629,-33.765937,151.457584,4.18,62.27,61,2026-08-09 23:44:44.489038,False
IOT-0001692,SHP-000466,DEV-119,42.757585,-88.28664,2.05,64.59,49,2026-08-10 19:37:44.489038,False
IOT-0001693,SHP-000375,DEV-849,-34.89526,150.43815,6.16,45.53,52,2026-08-08 21:15:44.489038,False
IOT-0001694,SHP-000283,DEV-310,32.712099,-119.58377,5.97,48.1,90,2026-08-09 20:29:44.489038,False
IOT-0001695,SHP-000591,DEV-644,51.852026,11.785359,4.36,42.32,69,2026-08-08 08:13:44.489038,False
IOT-0001696,SHP-000562,DEV-808,-0.774821,101.701838,2.72,60.34,86,2026-08-10 23:05:44.489038,False
IOT-0001697,SHP-000417,DEV-738,55.372103,7.52993,6.19,70.96,37,2026-08-09 09:08:44.489038,False
IOT-0001698,SHP-000310,DEV-353,0.718686,106.046131,3.53,70.17,100,2026-08-10 17:19:44.489038,False
IOT-0001699,SHP-000119,DEV-830,36.77129,137.872203,6.07,40.0,26,2026-08-12 12:12:44.489038,False
IOT-0001700,SHP-000290,DEV-418,25.588326,57.615842,9.84,59.66,93,2026-08-10 11:18:44.489038,True
IOT-0001701,SHP-000538,DEV-462,40.660099,-89.603517,16.33,62.31,69,2026-08-12 10:07:44.489038,True
IOT-0001702,SHP-000466,DEV-231,52.981317,10.08152,5.35,66.67,65,2026-08-12 11:54:44.489038,False
IOT-0001703,SHP-000498,DEV-357,32.236404,119.224115,2.24,55.06,44,2026-08-11 10:36:44.489038,False
IOT-0001704,SHP-000110,DEV-440,-33.949004,152.698235,5.42,55.73,79,2026-08-12 14:05:44.489038,False
IOT-0001705,SHP-000097,DEV-624,35.975514,-118.23508,13.46,58.93,57,2026-08-11 03:49:44.489038,True
IOT-0001706,SHP-000351,DEV-632,33.682198,121.673988,5.96,61.62,16,2026-08-10 19:12:44.489038,False
IOT-0001707,SHP-000235,DEV-669,23.23231,56.923094,3.71,40.12,95,2026-08-11 05:11:44.489038,False
IOT-0001708,SHP-000059,DEV-484,38.120139,140.490754,2.91,62.23,33,2026-08-10 22:31:44.489038,False
IOT-0001709,SHP-000262,DEV-889,52.776201,11.074975,5.9,41.86,35,2026-08-11 07:00:44.489038,False
IOT-0001710,SHP-000600,DEV-223,0.825607,104.666293,5.28,42.84,54,2026-08-08 23:11:44.489038,False
IOT-0001711,SHP-000503,DEV-768,0.886411,106.058059,3.37,72.82,95,2026-08-11 10:44:44.489038,False
IOT-0001712,SHP-000343,DEV-486,30.322284,122.452941,4.54,61.99,82,2026-08-12 12:38:44.489038,False
IOT-0001713,SHP-000393,DEV-404,51.313761,3.768258,4.29,44.13,88,2026-08-09 09:24:44.489038,False
IOT-0001714,SHP-000012,DEV-375,-23.186302,-47.797705,2.65,70.11,73,2026-08-08 23:59:44.489038,False
IOT-0001715,SHP-000559,DEV-881,-1.05118,101.652957,4.85,60.08,97,2026-08-09 11:39:44.489038,False
IOT-0001716,SHP-000564,DEV-719,-22.997492,-47.33466,3.3,64.78,36,2026-08-10 21:06:44.489038,False
IOT-0001717,SHP-000485,DEV-891,-31.838165,150.780595,6.35,74.27,32,2026-08-10 11:55:44.489038,False
IOT-0001718,SHP-000516,DEV-167,39.718077,-89.052883,5.52,49.92,77,2026-08-09 09:34:44.489038,False
IOT-0001719,SHP-000208,DEV-231,23.398046,53.983759,2.54,59.13,41,2026-08-09 08:34:44.489038,False
IOT-0001720,SHP-000109,DEV-883,-21.593717,-47.077005,2.56,61.29,42,2026-08-10 13:57:44.489038,False
IOT-0001721,SHP-000153,DEV-676,-25.510302,-48.828079,6.17,71.16,22,2026-08-12 16:17:44.489038,False
IOT-0001722,SHP-000473,DEV-300,54.585495,11.265524,2.89,57.73,31,2026-08-11 02:31:44.489038,False
IOT-0001723,SHP-000027,DEV-166,55.387788,8.063034,3.07,56.89,55,2026-08-11 10:10:44.489038,False
IOT-0001724,SHP-000218,DEV-363,36.810149,141.303148,4.8,47.15,92,2026-08-08 16:13:44.489038,False
IOT-0001725,SHP-000589,DEV-655,2.06809,104.247763,5.1,47.88,80,2026-08-08 20:58:44.489038,False
IOT-0001726,SHP-000099,DEV-334,26.61192,53.324437,5.22,52.97,90,2026-08-10 15:20:44.489038,False
IOT-0001727,SHP-000358,DEV-583,52.216718,12.28155,3.95,68.6,76,2026-08-08 19:24:44.489038,False
IOT-0001728,SHP-000318,DEV-815,3.660193,101.764088,3.71,42.72,34,2026-08-11 17:24:44.489038,False
IOT-0001729,SHP-000211,DEV-865,-24.82275,-44.817784,4.64,46.89,28,2026-08-12 01:31:44.489038,False
IOT-0001730,SHP-000031,DEV-623,34.144355,-117.780644,5.06,63.1,60,2026-08-10 09:45:44.489038,False
IOT-0001731,SHP-000001,DEV-665,37.593833,141.485088,4.59,54.74,95,2026-08-12 17:09:44.489038,False
IOT-0001732,SHP-000516,DEV-629,29.645695,121.413175,2.14,67.01,56,2026-08-09 05:10:44.489038,False
IOT-0001733,SHP-000413,DEV-684,51.499133,9.012398,6.39,49.35,19,2026-08-11 20:11:44.489038,False
IOT-0001734,SHP-000596,DEV-633,-22.04106,-45.88429,5.93,43.1,71,2026-08-12 02:48:44.489038,False
IOT-0001735,SHP-000208,DEV-814,3.564444,102.365,6.49,54.09,68,2026-08-10 02:29:44.489038,False
IOT-0001736,SHP-000284,DEV-778,27.632923,57.699049,3.33,73.24,94,2026-08-11 04:10:44.489038,False
IOT-0001737,SHP-000310,DEV-552,-24.326137,-45.007436,16.99,44.07,16,2026-08-09 22:11:44.489038,True
IOT-0001738,SHP-000099,DEV-526,-35.242912,150.031278,6.06,51.04,63,2026-08-09 17:41:44.489038,False
IOT-0001739,SHP-000339,DEV-852,36.252151,140.099318,9.01,47.27,47,2026-08-08 05:50:44.489038,True
IOT-0001740,SHP-000490,DEV-640,34.617857,-118.164849,3.36,72.6,97,2026-08-12 04:37:44.489038,False
IOT-0001741,SHP-000285,DEV-839,37.92673,139.810969,3.78,51.51,25,2026-08-10 06:05:44.489038,False
IOT-0001742,SHP-000546,DEV-762,41.380043,-85.288525,5.28,73.5,27,2026-08-12 18:45:44.489038,False
IOT-0001743,SHP-000251,DEV-246,33.697096,137.746974,2.5,43.88,19,2026-08-08 20:25:44.489038,False
IOT-0001744,SHP-000372,DEV-908,1.438408,104.218662,4.87,47.38,79,2026-08-11 22:54:44.489038,False
IOT-0001745,SHP-000537,DEV-372,-25.798955,-44.282907,2.78,60.51,67,2026-08-10 11:20:44.489038,False
IOT-0001746,SHP-000118,DEV-903,-34.172953,151.439101,9.81,69.58,92,2026-08-10 10:12:44.489038,True
IOT-0001747,SHP-000368,DEV-222,37.438093,137.52911,3.49,56.04,28,2026-08-09 16:53:44.489038,False
IOT-0001748,SHP-000232,DEV-907,-21.471488,-44.512326,4.07,42.81,89,2026-08-12 18:11:44.489038,False
IOT-0001749,SHP-000586,DEV-644,34.799544,-116.744745,3.5,55.49,79,2026-08-09 23:23:44.489038,False
IOT-0001750,SHP-000553,DEV-535,49.825292,2.574812,5.29,50.15,83,2026-08-10 05:02:44.489038,False
IOT-0001751,SHP-000202,DEV-859,-32.78377,148.720683,5.46,61.17,29,2026-08-11 04:17:44.489038,False
IOT-0001752,SHP-000350,DEV-332,35.366725,-119.452415,3.66,69.12,84,2026-08-08 16:20:44.489038,False
IOT-0001753,SHP-000091,DEV-809,-35.444061,152.89115,4.98,63.92,15,2026-08-13 04:46:44.489038,False
IOT-0001754,SHP-000168,DEV-242,3.413533,102.955688,3.8,72.69,51,2026-08-12 07:59:44.489038,False
IOT-0001755,SHP-000322,DEV-499,-31.832284,152.247111,5.57,44.27,15,2026-08-10 06:49:44.489038,False
IOT-0001756,SHP-000374,DEV-589,25.385066,55.243695,6.31,73.97,78,2026-08-09 05:20:44.489038,False
IOT-0001757,SHP-000470,DEV-299,26.844809,53.072269,5.57,47.85,72,2026-08-10 22:29:44.489038,False
IOT-0001758,SHP-000057,DEV-175,33.803323,-119.432252,2.99,46.5,15,2026-08-10 16:05:44.489038,False
IOT-0001759,SHP-000448,DEV-419,34.718884,-120.099456,11.83,41.17,51,2026-08-11 02:49:44.489038,True
IOT-0001760,SHP-000594,DEV-842,24.173316,56.754804,2.43,61.93,96,2026-08-11 16:35:44.489038,False
IOT-0001761,SHP-000333,DEV-601,52.402174,9.186693,5.67,44.95,70,2026-08-10 06:31:44.489038,False
IOT-0001762,SHP-000598,DEV-453,36.330632,-119.450549,10.4,51.96,86,2026-08-10 13:09:44.489038,True
IOT-0001763,SHP-000111,DEV-716,51.411864,4.445146,4.7,52.72,25,2026-08-11 09:33:44.489038,False
IOT-0001764,SHP-000548,DEV-230,-0.734031,103.379258,2.8,69.83,71,2026-08-09 01:26:44.489038,False
IOT-0001765,SHP-000034,DEV-451,40.332808,-90.04156,15.44,70.23,77,2026-08-13 03:53:44.489038,True
IOT-0001766,SHP-000109,DEV-203,32.802308,120.239115,2.6,54.93,76,2026-08-11 02:09:44.489038,False
IOT-0001767,SHP-000141,DEV-597,-35.597638,151.475502,4.79,48.99,89,2026-08-12 19:14:44.489038,False
IOT-0001768,SHP-000125,DEV-729,33.07972,119.530624,5.61,53.52,62,2026-08-11 01:12:44.489038,False
IOT-0001769,SHP-000553,DEV-439,34.44339,140.075052,6.42,64.82,21,2026-08-12 03:30:44.489038,False
IOT-0001770,SHP-000182,DEV-940,34.994607,-117.114849,4.13,74.02,16,2026-08-11 16:48:44.489038,False
IOT-0001771,SHP-000301,DEV-917,36.826458,138.349223,2.45,64.88,100,2026-08-09 00:15:44.489038,False
IOT-0001772,SHP-000492,DEV-230,53.117202,12.374843,5.8,65.89,99,2026-08-09 09:58:44.489038,False
IOT-0001773,SHP-000122,DEV-938,-23.580874,-45.650414,12.33,44.46,59,2026-08-12 04:59:44.489038,True
IOT-0001774,SHP-000554,DEV-208,-23.292068,-45.032637,3.02,51.17,20,2026-08-12 07:26:44.489038,False
IOT-0001775,SHP-000306,DEV-585,32.914702,-118.875256,4.8,71.5,81,2026-08-12 23:39:44.489038,False
IOT-0001776,SHP-000371,DEV-976,24.346739,53.866454,3.37,61.15,83,2026-08-10 10:32:44.489038,False
IOT-0001777,SHP-000246,DEV-598,-34.622087,150.313697,4.61,70.81,63,2026-08-08 13:02:44.489038,False
IOT-0001778,SHP-000138,DEV-497,52.377487,11.266195,13.71,54.48,72,2026-08-10 12:09:44.489038,True
IOT-0001779,SHP-000424,DEV-583,3.689597,103.278613,2.09,60.67,69,2026-08-09 05:41:44.489038,False
IOT-0001780,SHP-000212,DEV-625,40.549738,-85.741534,5.96,57.23,83,2026-08-08 11:44:44.489038,False
IOT-0001781,SHP-000504,DEV-405,32.375659,119.832409,11.88,61.9,87,2026-08-10 08:38:44.489038,True
IOT-0001782,SHP-000532,DEV-390,51.165704,5.165405,5.66,44.38,63,2026-08-12 23:29:44.489038,False
IOT-0001783,SHP-000544,DEV-427,26.205992,55.319796,4.69,51.09,53,2026-08-10 13:22:44.489038,False
IOT-0001784,SHP-000509,DEV-717,52.008484,4.023606,2.1,60.86,39,2026-08-08 20:45:44.489038,False
IOT-0001785,SHP-000276,DEV-434,43.369567,-87.298939,3.14,50.86,17,2026-08-10 08:17:44.489038,False
IOT-0001786,SHP-000264,DEV-371,51.621388,6.821472,2.21,57.23,98,2026-08-12 10:44:44.489038,False
IOT-0001787,SHP-000327,DEV-241,35.067126,-118.354526,4.5,71.54,97,2026-08-13 00:59:44.489038,False
IOT-0001788,SHP-000317,DEV-236,41.277601,-89.816484,2.05,64.39,71,2026-08-08 19:13:44.489038,False
IOT-0001789,SHP-000157,DEV-485,36.93378,139.484728,6.49,50.96,69,2026-08-09 02:51:44.489038,False
IOT-0001790,SHP-000467,DEV-287,50.494628,3.025218,3.69,65.48,57,2026-08-10 14:37:44.489038,False
IOT-0001791,SHP-000234,DEV-448,-22.073274,-45.625579,5.58,64.72,63,2026-08-11 13:27:44.489038,False
IOT-0001792,SHP-000020,DEV-244,51.379999,8.20033,5.58,53.43,43,2026-08-11 08:04:44.489038,False
IOT-0001793,SHP-000532,DEV-559,-23.056784,-48.01977,4.57,40.3,91,2026-08-09 07:48:44.489038,False
IOT-0001794,SHP-000390,DEV-920,25.17986,55.825508,2.59,41.9,25,2026-08-09 13:47:44.489038,False
IOT-0001795,SHP-000511,DEV-551,40.618771,-88.148605,5.96,54.46,38,2026-08-11 10:30:44.489038,False
IOT-0001796,SHP-000106,DEV-705,35.107479,-119.470816,3.86,51.4,25,2026-08-10 04:06:44.489038,False
IOT-0001797,SHP-000517,DEV-248,-25.965916,-44.730081,4.57,57.69,71,2026-08-10 13:52:44.489038,False
IOT-0001798,SHP-000244,DEV-490,31.120414,123.320984,6.4,43.72,55,2026-08-12 18:46:44.489038,False
IOT-0001799,SHP-000501,DEV-197,32.493447,121.976397,5.64,65.75,84,2026-08-10 10:44:44.489038,False
IOT-0001800,SHP-000211,DEV-530,33.752221,-117.997381,5.61,66.48,44,2026-08-11 09:54:44.489038,False
IOT-0001801,SHP-000354,DEV-585,37.48395,141.886284,6.1,53.32,42,2026-08-11 09:12:44.489038,False
IOT-0001802,SHP-000357,DEV-729,41.539246,-87.260622,5.23,57.24,35,2026-08-12 18:21:44.489038,False
IOT-0001803,SHP-000044,DEV-438,-35.779737,149.108286,4.82,49.05,38,2026-08-10 21:01:44.489038,False
IOT-0001804,SHP-000130,DEV-113,50.935929,6.535822,4.47,42.83,58,2026-08-11 10:07:44.489038,False
IOT-0001805,SHP-000012,DEV-879,32.340593,-119.59756,2.28,41.7,100,2026-08-09 15:38:44.489038,False
IOT-0001806,SHP-000046,DEV-379,25.300017,55.030671,4.32,50.48,21,2026-08-11 03:50:44.489038,False
IOT-0001807,SHP-000401,DEV-515,29.607584,121.427374,4.67,45.74,86,2026-08-12 20:18:44.489038,False
IOT-0001808,SHP-000321,DEV-562,23.688584,54.908824,4.99,45.66,70,2026-08-09 14:45:44.489038,False
IOT-0001809,SHP-000304,DEV-157,27.052489,53.989168,5.25,56.57,96,2026-08-12 11:53:44.489038,False
IOT-0001810,SHP-000267,DEV-604,0.176615,101.778059,5.29,52.06,67,2026-08-11 13:05:44.489038,False
IOT-0001811,SHP-000008,DEV-647,53.66188,11.200193,2.17,42.42,15,2026-08-11 22:18:44.489038,False
IOT-0001812,SHP-000404,DEV-895,34.894161,138.094164,5.52,45.71,17,2026-08-11 10:39:44.489038,False
IOT-0001813,SHP-000463,DEV-622,32.834774,120.925504,3.51,41.12,98,2026-08-10 06:33:44.489038,False
IOT-0001814,SHP-000432,DEV-100,52.283315,4.127279,2.05,52.52,94,2026-08-12 02:48:44.489038,False
IOT-0001815,SHP-000598,DEV-968,35.430862,-117.227279,17.98,70.8,38,2026-08-12 11:16:44.489038,True
IOT-0001816,SHP-000308,DEV-343,54.169932,3.713794,11.08,50.34,65,2026-08-10 14:04:44.489038,True
IOT-0001817,SHP-000536,DEV-548,54.151356,9.882903,5.55,66.95,68,2026-08-10 14:26:44.489038,False
IOT-0001818,SHP-000258,DEV-845,43.430867,-85.896647,2.93,46.69,41,2026-08-09 17:54:44.489038,False
IOT-0001819,SHP-000579,DEV-788,1.136728,101.675192,9.95,68.62,37,2026-08-09 14:54:44.489038,True
IOT-0001820,SHP-000291,DEV-505,35.683098,137.268976,3.94,56.59,46,2026-08-08 09:15:44.489038,False
IOT-0001821,SHP-000372,DEV-448,52.728311,7.494718,4.94,49.58,26,2026-08-12 08:08:44.489038,False
IOT-0001822,SHP-000128,DEV-849,-32.338867,149.551525,5.42,56.21,25,2026-08-12 14:52:44.489038,False
IOT-0001823,SHP-000236,DEV-675,33.098923,119.990039,4.32,73.02,86,2026-08-09 17:45:44.489038,False
IOT-0001824,SHP-000038,DEV-913,32.054549,-116.985729,5.5,45.45,17,2026-08-12 11:59:44.489038,False
IOT-0001825,SHP-000112,DEV-705,2.290934,106.201105,4.26,47.23,84,2026-08-09 04:55:44.489038,False
IOT-0001826,SHP-000526,DEV-580,26.70866,54.562869,3.91,44.2,15,2026-08-10 14:10:44.489038,False
IOT-0001827,SHP-000387,DEV-216,-22.073587,-46.102905,2.79,73.28,73,2026-08-08 07:51:44.489038,False
IOT-0001828,SHP-000028,DEV-615,31.021877,123.819883,2.56,53.7,33,2026-08-11 07:07:44.489038,False
IOT-0001829,SHP-000316,DEV-527,23.323903,56.42717,3.04,59.74,76,2026-08-09 16:33:44.489038,False
IOT-0001830,SHP-000095,DEV-235,33.31407,141.041808,5.75,65.05,62,2026-08-08 06:44:44.489038,False
IOT-0001831,SHP-000324,DEV-834,42.989372,-88.032967,4.42,53.94,24,2026-08-10 01:04:44.489038,False
IOT-0001832,SHP-000579,DEV-257,43.256125,-85.446846,6.29,63.22,36,2026-08-12 03:27:44.489038,False
IOT-0001833,SHP-000573,DEV-825,40.368156,-88.78018,3.76,66.71,16,2026-08-10 09:30:44.489038,False
IOT-0001834,SHP-000600,DEV-105,-35.367426,153.454975,3.27,48.23,42,2026-08-08 20:32:44.489038,False
IOT-0001835,SHP-000170,DEV-959,30.760072,122.750407,3.86,40.92,57,2026-08-10 11:47:44.489038,False
IOT-0001836,SHP-000550,DEV-713,30.028887,123.389262,3.75,74.76,76,2026-08-11 12:01:44.489038,False
IOT-0001837,SHP-000545,DEV-691,-34.292007,153.228911,2.45,73.65,61,2026-08-12 00:55:44.489038,False
IOT-0001838,SHP-000116,DEV-492,-31.982155,149.005793,5.79,44.01,81,2026-08-09 01:13:44.489038,False
IOT-0001839,SHP-000472,DEV-594,42.296139,-85.931165,5.94,66.32,86,2026-08-09 20:42:44.489038,False
IOT-0001840,SHP-000516,DEV-906,51.265888,5.67923,3.02,45.38,34,2026-08-10 07:12:44.489038,False
IOT-0001841,SHP-000383,DEV-151,-36.052818,152.186327,6.14,56.32,98,2026-08-12 22:04:44.489038,False
IOT-0001842,SHP-000234,DEV-767,32.325594,123.21095,9.04,72.54,54,2026-08-10 00:51:44.489038,True
IOT-0001843,SHP-000201,DEV-963,52.272896,5.304952,5.66,72.46,36,2026-08-10 04:27:44.489038,False
IOT-0001844,SHP-000085,DEV-318,54.166822,9.670269,5.0,41.75,58,2026-08-08 23:26:44.489038,False
IOT-0001845,SHP-000134,DEV-391,35.023107,140.137636,8.5,72.18,34,2026-08-12 08:27:44.489038,True
IOT-0001846,SHP-000303,DEV-180,-23.729452,-46.122807,5.11,41.03,53,2026-08-11 20:16:44.489038,False
IOT-0001847,SHP-000535,DEV-411,-0.597878,105.449894,2.02,72.66,91,2026-08-10 13:16:44.489038,False
IOT-0001848,SHP-000393,DEV-415,44.138553,-86.007973,5.98,55.73,17,2026-08-11 12:43:44.489038,False
IOT-0001849,SHP-000205,DEV-323,3.823637,105.022408,4.09,46.09,59,2026-08-09 18:14:44.489038,False
IOT-0001850,SHP-000273,DEV-279,-33.760579,152.848792,2.04,74.48,49,2026-08-13 03:37:44.489038,False
IOT-0001851,SHP-000003,DEV-306,33.710349,138.843664,4.42,68.12,99,2026-08-11 20:18:44.489038,False
IOT-0001852,SHP-000010,DEV-135,29.56155,121.113588,4.76,49.57,100,2026-08-12 08:47:44.489038,False
IOT-0001853,SHP-000204,DEV-537,25.981211,54.163963,3.34,54.93,32,2026-08-09 19:11:44.489038,False
IOT-0001854,SHP-000376,DEV-269,52.324608,5.028905,3.03,63.87,82,2026-08-11 17:07:44.489038,False
IOT-0001855,SHP-000111,DEV-817,53.350546,4.868885,3.05,70.15,62,2026-08-11 21:26:44.489038,False
IOT-0001856,SHP-000123,DEV-377,25.96899,56.616596,5.3,66.57,58,2026-08-10 02:09:44.489038,False
IOT-0001857,SHP-000189,DEV-413,31.082241,119.400426,4.83,55.65,54,2026-08-11 21:40:44.489038,False
IOT-0001858,SHP-000543,DEV-467,35.781683,137.952165,6.25,59.78,66,2026-08-08 08:13:44.489038,False
IOT-0001859,SHP-000004,DEV-709,-23.998901,-47.964164,3.96,40.35,63,2026-08-08 10:17:44.489038,False
IOT-0001860,SHP-000474,DEV-177,53.157136,11.814826,6.09,44.91,65,2026-08-11 13:12:44.489038,False
IOT-0001861,SHP-000147,DEV-154,36.885292,138.655878,6.06,46.2,60,2026-08-11 11:31:44.489038,False
IOT-0001862,SHP-000181,DEV-927,41.843288,-85.291231,3.88,47.88,49,2026-08-12 05:41:44.489038,False
IOT-0001863,SHP-000332,DEV-891,51.207849,10.886828,2.86,43.42,26,2026-08-10 11:17:44.489038,False
IOT-0001864,SHP-000409,DEV-379,54.051674,8.603634,3.91,51.03,62,2026-08-09 17:15:44.489038,False
IOT-0001865,SHP-000326,DEV-840,33.013803,-116.988825,5.13,66.42,61,2026-08-12 17:02:44.489038,False
IOT-0001866,SHP-000565,DEV-741,33.326745,119.758228,4.31,71.66,29,2026-08-13 02:02:44.489038,False
IOT-0001867,SHP-000487,DEV-388,40.096869,-87.931752,5.56,53.33,25,2026-08-09 22:48:44.489038,False
IOT-0001868,SHP-000459,DEV-792,36.292532,139.022219,4.47,60.32,58,2026-08-13 04:32:44.489038,False
IOT-0001869,SHP-000595,DEV-939,-0.826823,101.387608,5.21,73.59,62,2026-08-11 11:13:44.489038,False
IOT-0001870,SHP-000445,DEV-196,-32.154896,149.402226,2.1,61.75,91,2026-08-09 01:28:44.489038,False
IOT-0001871,SHP-000086,DEV-802,53.810032,10.851581,3.33,65.68,69,2026-08-12 04:08:44.489038,False
IOT-0001872,SHP-000332,DEV-912,-35.976942,149.325129,14.9,60.13,40,2026-08-11 23:55:44.489038,True
IOT-0001873,SHP-000415,DEV-159,24.384077,53.578367,4.06,65.4,47,2026-08-10 12:43:44.489038,False
IOT-0001874,SHP-000523,DEV-608,-0.871656,103.598228,3.75,71.93,65,2026-08-10 09:39:44.489038,False
IOT-0001875,SHP-000314,DEV-735,1.829887,104.127068,4.8,73.23,22,2026-08-09 02:51:44.489038,False
IOT-0001876,SHP-000345,DEV-859,42.239551,-89.034909,2.54,44.33,65,2026-08-09 02:16:44.489038,False
IOT-0001877,SHP-000225,DEV-392,29.44062,119.915279,6.02,49.14,15,2026-08-09 05:28:44.489038,False
IOT-0001878,SHP-000014,DEV-621,40.614754,-85.945202,4.23,44.57,98,2026-08-11 16:07:44.489038,False
IOT-0001879,SHP-000123,DEV-576,29.831209,122.389115,2.74,58.2,85,2026-08-11 06:53:44.489038,False
IOT-0001880,SHP-000003,DEV-746,25.421696,56.794895,5.36,67.99,58,2026-08-10 18:56:44.489038,False
IOT-0001881,SHP-000393,DEV-436,54.421107,10.346916,4.99,42.79,73,2026-08-11 23:38:44.489038,False
IOT-0001882,SHP-000104,DEV-109,25.619299,52.934325,4.18,74.36,94,2026-08-12 22:16:44.489038,False
IOT-0001883,SHP-000047,DEV-752,32.564544,121.739382,3.13,50.83,86,2026-08-11 22:30:44.489038,False
IOT-0001884,SHP-000443,DEV-473,41.249436,-85.169168,2.7,72.0,52,2026-08-13 01:25:44.489038,False
IOT-0001885,SHP-000373,DEV-662,53.518879,5.171699,4.93,69.36,100,2026-08-10 10:43:44.489038,False
IOT-0001886,SHP-000446,DEV-177,33.290652,139.14924,3.96,66.59,94,2026-08-10 07:23:44.489038,False
IOT-0001887,SHP-000369,DEV-272,23.508514,53.956976,3.77,71.39,67,2026-08-13 01:28:44.489038,False
IOT-0001888,SHP-000357,DEV-616,0.863995,102.449769,2.27,60.65,66,2026-08-09 10:25:44.489038,False
IOT-0001889,SHP-000493,DEV-686,25.283931,56.735191,17.8,64.91,69,2026-08-12 09:29:44.489038,True
IOT-0001890,SHP-000265,DEV-455,30.798333,121.895394,4.55,46.19,66,2026-08-13 02:01:44.489038,False
IOT-0001891,SHP-000085,DEV-114,37.949905,141.814299,4.06,60.71,66,2026-08-11 16:43:44.489038,False
IOT-0001892,SHP-000052,DEV-257,31.792563,119.064122,5.34,69.23,62,2026-08-08 16:25:44.489038,False
IOT-0001893,SHP-000041,DEV-945,55.871808,11.617322,2.69,52.1,77,2026-08-11 00:44:44.489038,False
IOT-0001894,SHP-000367,DEV-156,52.588679,6.608328,17.46,46.8,91,2026-08-09 23:16:44.489038,True
IOT-0001895,SHP-000213,DEV-411,-25.115865,-45.950683,2.14,67.95,94,2026-08-10 07:51:44.489038,False
IOT-0001896,SHP-000063,DEV-780,2.170864,104.851693,5.9,54.83,27,2026-08-12 20:47:44.489038,False
IOT-0001897,SHP-000061,DEV-767,55.302345,8.200488,2.73,50.97,84,2026-08-09 01:32:44.489038,False
IOT-0001898,SHP-000034,DEV-929,0.714988,102.055824,5.73,41.76,91,2026-08-08 18:21:44.489038,False
IOT-0001899,SHP-000004,DEV-273,25.327466,53.764128,5.54,52.92,99,2026-08-08 08:33:44.489038,False
IOT-0001900,SHP-000523,DEV-498,49.626906,3.902853,5.64,49.97,30,2026-08-10 14:52:44.489038,False
IOT-0001901,SHP-000167,DEV-853,51.597387,7.520313,6.24,64.31,44,2026-08-11 20:26:44.489038,False
IOT-0001902,SHP-000453,DEV-831,55.023145,9.092672,6.07,68.24,27,2026-08-08 17:30:44.489038,False
IOT-0001903,SHP-000561,DEV-337,3.492655,103.479443,6.18,71.8,27,2026-08-08 17:55:44.489038,False
IOT-0001904,SHP-000287,DEV-516,24.431622,56.811901,2.22,68.79,70,2026-08-09 11:38:44.489038,False
IOT-0001905,SHP-000464,DEV-563,30.360436,122.12591,5.32,48.61,58,2026-08-12 13:02:44.489038,False
IOT-0001906,SHP-000326,DEV-828,32.00262,-120.66442,4.14,65.91,86,2026-08-10 22:35:44.489038,False
IOT-0001907,SHP-000386,DEV-694,40.120248,-88.502695,4.12,52.06,64,2026-08-12 01:13:44.489038,False
IOT-0001908,SHP-000585,DEV-270,54.7075,10.352827,5.49,49.49,96,2026-08-10 13:24:44.489038,False
IOT-0001909,SHP-000055,DEV-416,-1.125214,103.942411,4.95,49.92,48,2026-08-12 18:52:44.489038,False
IOT-0001910,SHP-000055,DEV-398,32.064576,119.860134,3.84,42.8,98,2026-08-13 04:12:44.489038,False
IOT-0001911,SHP-000548,DEV-133,1.118095,102.114171,5.07,50.43,58,2026-08-11 03:18:44.489038,False
IOT-0001912,SHP-000455,DEV-548,25.382363,57.2747,5.33,61.14,16,2026-08-10 14:06:44.489038,False
IOT-0001913,SHP-000292,DEV-693,33.483951,141.802028,3.22,46.42,30,2026-08-11 16:04:44.489038,False
IOT-0001914,SHP-000227,DEV-378,35.133534,-118.935834,6.33,70.19,92,2026-08-08 16:03:44.489038,False
IOT-0001915,SHP-000515,DEV-943,42.509104,-88.011313,3.72,55.99,15,2026-08-12 16:59:44.489038,False
IOT-0001916,SHP-000455,DEV-218,52.711797,4.494167,5.19,56.86,77,2026-08-09 11:57:44.489038,False
IOT-0001917,SHP-000572,DEV-170,-21.940507,-44.004091,2.43,41.15,89,2026-08-10 03:19:44.489038,False
IOT-0001918,SHP-000329,DEV-491,54.823207,7.790441,5.61,40.5,93,2026-08-10 22:41:44.489038,False
IOT-0001919,SHP-000266,DEV-130,23.82666,52.958428,6.08,47.02,30,2026-08-10 20:01:44.489038,False
IOT-0001920,SHP-000580,DEV-703,41.516744,-89.141036,11.65,62.33,50,2026-08-10 04:20:44.489038,True
IOT-0001921,SHP-000525,DEV-975,-23.625761,-45.773111,5.92,47.69,69,2026-08-12 13:01:44.489038,False
IOT-0001922,SHP-000177,DEV-996,-33.97255,150.186292,5.11,44.75,94,2026-08-10 06:50:44.489038,False
IOT-0001923,SHP-000009,DEV-510,22.755852,53.167445,6.12,42.79,98,2026-08-12 12:14:44.489038,False
IOT-0001924,SHP-000397,DEV-916,52.902828,6.304699,2.38,45.72,50,2026-08-08 13:59:44.489038,False
IOT-0001925,SHP-000239,DEV-518,32.994403,119.284277,4.18,44.06,45,2026-08-11 16:00:44.489038,False
IOT-0001926,SHP-000590,DEV-187,50.594108,2.592431,6.09,44.98,44,2026-08-12 06:08:44.489038,False
IOT-0001927,SHP-000273,DEV-766,-35.055954,152.067616,3.4,59.85,41,2026-08-10 01:35:44.489038,False
IOT-0001928,SHP-000222,DEV-633,36.143596,-120.222361,2.03,53.95,46,2026-08-11 19:45:44.489038,False
IOT-0001929,SHP-000549,DEV-803,54.413741,10.95396,5.26,47.97,29,2026-08-08 18:40:44.489038,False
IOT-0001930,SHP-000272,DEV-694,43.336534,-89.732948,6.0,62.38,52,2026-08-11 00:27:44.489038,False
IOT-0001931,SHP-000527,DEV-960,50.924019,4.818521,4.17,46.35,66,2026-08-10 10:11:44.489038,False
IOT-0001932,SHP-000124,DEV-993,52.372304,5.650243,5.69,52.79,57,2026-08-11 15:34:44.489038,False
IOT-0001933,SHP-000385,DEV-512,0.02041,105.728953,2.73,41.67,29,2026-08-11 17:09:44.489038,False
IOT-0001934,SHP-000524,DEV-638,0.34589,101.798154,3.03,74.47,38,2026-08-09 20:40:44.489038,False
IOT-0001935,SHP-000134,DEV-994,31.608268,-119.280541,2.64,60.14,71,2026-08-12 19:51:44.489038,False
IOT-0001936,SHP-000049,DEV-109,35.792424,139.106876,12.55,69.63,72,2026-08-10 21:59:44.489038,True
IOT-0001937,SHP-000062,DEV-707,-34.430772,152.001698,2.97,72.29,81,2026-08-10 12:24:44.489038,False
IOT-0001938,SHP-000218,DEV-876,37.819243,141.687395,5.28,63.05,97,2026-08-10 02:55:44.489038,False
IOT-0001939,SHP-000002,DEV-785,-33.784105,153.102878,9.0,53.15,17,2026-08-10 06:17:44.489038,True
IOT-0001940,SHP-000040,DEV-767,24.130069,56.863883,5.6,48.9,93,2026-08-09 21:11:44.489038,False
IOT-0001941,SHP-000151,DEV-391,50.990563,3.176043,6.35,43.57,93,2026-08-10 02:58:44.489038,False
IOT-0001942,SHP-000396,DEV-823,40.338053,-86.064638,3.57,49.37,42,2026-08-09 18:45:44.489038,False
IOT-0001943,SHP-000348,DEV-687,-25.646516,-43.992054,5.78,40.35,18,2026-08-11 10:49:44.489038,False
IOT-0001944,SHP-000416,DEV-658,52.472971,7.678963,3.54,61.71,22,2026-08-11 15:58:44.489038,False
IOT-0001945,SHP-000436,DEV-492,-35.821218,152.293122,3.76,55.68,18,2026-08-08 19:11:44.489038,False
IOT-0001946,SHP-000014,DEV-789,35.695336,-120.643462,3.55,43.19,93,2026-08-10 00:24:44.489038,False
IOT-0001947,SHP-000351,DEV-423,51.711249,12.328734,5.87,66.21,39,2026-08-11 08:45:44.489038,False
IOT-0001948,SHP-000503,DEV-163,53.812418,9.917383,5.7,56.99,23,2026-08-12 11:23:44.489038,False
IOT-0001949,SHP-000242,DEV-758,-34.012785,151.287158,2.67,42.71,72,2026-08-10 16:38:44.489038,False
IOT-0001950,SHP-000569,DEV-499,33.760039,-119.381696,5.58,48.64,44,2026-08-09 16:18:44.489038,False
IOT-0001951,SHP-000390,DEV-207,-36.329169,150.031786,2.02,61.03,89,2026-08-12 16:49:44.489038,False
IOT-0001952,SHP-000051,DEV-827,53.471834,9.311879,3.5,46.65,60,2026-08-12 18:15:44.489038,False
IOT-0001953,SHP-000060,DEV-557,32.378243,-116.28665,4.33,71.89,45,2026-08-10 13:22:44.489038,False
IOT-0001954,SHP-000531,DEV-136,37.907365,138.667122,4.72,43.83,55,2026-08-08 11:08:44.489038,False
IOT-0001955,SHP-000454,DEV-946,53.433934,9.560867,6.47,68.49,54,2026-08-11 00:27:44.489038,False
IOT-0001956,SHP-000450,DEV-873,-34.191894,151.638367,4.98,67.19,22,2026-08-10 04:15:44.489038,False
IOT-0001957,SHP-000215,DEV-639,53.231502,2.76057,2.08,44.27,54,2026-08-08 14:32:44.489038,False
IOT-0001958,SHP-000381,DEV-848,25.199999,55.343073,2.71,61.47,64,2026-08-10 10:26:44.489038,False
IOT-0001959,SHP-000449,DEV-662,28.827893,121.579029,6.4,62.57,23,2026-08-11 15:51:44.489038,False
IOT-0001960,SHP-000151,DEV-563,54.231341,4.365582,3.29,72.25,25,2026-08-11 07:12:44.489038,False
IOT-0001961,SHP-000225,DEV-137,23.735677,53.230205,4.94,52.51,100,2026-08-10 06:00:44.489038,False
IOT-0001962,SHP-000140,DEV-922,35.2329,-117.584396,4.3,44.93,24,2026-08-11 13:10:44.489038,False
IOT-0001963,SHP-000283,DEV-710,35.089674,-119.521215,4.22,49.71,81,2026-08-12 15:01:44.489038,False
IOT-0001964,SHP-000411,DEV-590,25.80489,57.650978,11.52,46.45,28,2026-08-13 05:34:44.489038,True
IOT-0001965,SHP-000551,DEV-219,39.901121,-87.334467,3.01,45.56,97,2026-08-10 11:07:44.489038,False
IOT-0001966,SHP-000246,DEV-797,-33.914532,153.06559,4.51,63.85,90,2026-08-10 10:19:44.489038,False
IOT-0001967,SHP-000387,DEV-722,-32.80678,153.060806,14.97,69.35,47,2026-08-10 15:21:44.489038,True
IOT-0001968,SHP-000311,DEV-491,32.651756,-117.910994,2.93,43.96,74,2026-08-09 15:40:44.489038,False
IOT-0001969,SHP-000399,DEV-399,23.596538,54.867622,10.93,46.86,27,2026-08-11 00:53:44.489038,True
IOT-0001970,SHP-000162,DEV-525,0.855715,101.574239,5.46,60.12,87,2026-08-10 05:26:44.489038,False
IOT-0001971,SHP-000011,DEV-736,49.893917,5.962002,4.69,54.3,44,2026-08-12 11:43:44.489038,False
IOT-0001972,SHP-000126,DEV-966,-22.054712,-45.730325,5.68,72.92,29,2026-08-12 23:40:44.489038,False
IOT-0001973,SHP-000426,DEV-335,1.775867,104.895433,5.48,68.36,41,2026-08-10 09:45:44.489038,False
IOT-0001974,SHP-000387,DEV-743,23.841827,56.379544,3.73,58.9,73,2026-08-11 11:34:44.489038,False
IOT-0001975,SHP-000477,DEV-408,33.50283,137.307016,3.83,62.4,38,2026-08-08 19:27:44.489038,False
IOT-0001976,SHP-000505,DEV-275,-34.843393,149.328211,6.26,59.78,100,2026-08-11 06:08:44.489038,False
IOT-0001977,SHP-000121,DEV-660,33.721079,119.214926,5.94,63.42,58,2026-08-13 02:46:44.489038,False
IOT-0001978,SHP-000294,DEV-235,34.681407,138.506278,2.1,59.69,57,2026-08-10 15:43:44.489038,False
IOT-0001979,SHP-000540,DEV-617,35.730627,139.030844,4.78,61.46,96,2026-08-10 04:27:44.489038,False
IOT-0001980,SHP-000328,DEV-853,2.499312,103.970748,5.67,73.33,40,2026-08-12 21:17:44.489038,False
IOT-0001981,SHP-000556,DEV-692,23.930011,53.07997,4.31,42.57,73,2026-08-09 03:08:44.489038,False
IOT-0001982,SHP-000208,DEV-601,23.146656,54.135718,2.35,63.87,93,2026-08-11 20:21:44.489038,False
IOT-0001983,SHP-000068,DEV-412,55.101948,11.917205,4.27,68.18,71,2026-08-12 01:54:44.489038,False
IOT-0001984,SHP-000415,DEV-675,51.054361,12.093282,4.86,42.34,61,2026-08-11 02:21:44.489038,False
IOT-0001985,SHP-000465,DEV-883,54.940467,10.085252,2.69,67.82,59,2026-08-08 13:00:44.489038,False
IOT-0001986,SHP-000027,DEV-473,54.843051,9.978657,6.1,45.6,93,2026-08-12 06:46:44.489038,False
IOT-0001987,SHP-000531,DEV-528,36.0775,140.74195,6.16,54.42,24,2026-08-11 10:52:44.489038,False
IOT-0001988,SHP-000202,DEV-959,30.603042,121.358286,2.23,48.14,22,2026-08-12 21:57:44.489038,False
IOT-0001989,SHP-000154,DEV-460,23.834847,56.11639,4.66,52.65,51,2026-08-12 15:54:44.489038,False
IOT-0001990,SHP-000179,DEV-508,52.473379,2.962499,4.03,55.84,66,2026-08-09 05:09:44.489038,False
IOT-0001991,SHP-000216,DEV-310,29.486815,121.818807,5.55,74.02,59,2026-08-08 16:20:44.489038,False
IOT-0001992,SHP-000222,DEV-890,51.394691,11.78646,5.02,69.7,97,2026-08-11 17:26:44.489038,False
IOT-0001993,SHP-000307,DEV-151,42.105588,-89.752206,2.02,60.29,91,2026-08-08 09:50:44.489038,False
IOT-0001994,SHP-000006,DEV-161,0.422935,104.54083,4.14,64.29,57,2026-08-09 17:57:44.489038,False
IOT-0001995,SHP-000129,DEV-227,52.663554,2.172728,4.01,64.86,31,2026-08-11 12:21:44.489038,False
IOT-0001996,SHP-000244,DEV-291,-23.15515,-45.580072,5.67,72.81,44,2026-08-13 03:39:44.489038,False
IOT-0001997,SHP-000558,DEV-819,3.708777,104.611588,5.96,57.34,22,2026-08-12 12:36:44.489038,False
IOT-0001998,SHP-000093,DEV-553,34.50325,137.864659,4.35,48.85,41,2026-08-09 23:15:44.489038,False
IOT-0001999,SHP-000167,DEV-319,37.032311,140.948947,2.93,64.68,15,2026-08-09 23:42:44.489038,False
IOT-0002000,SHP-000101,DEV-363,52.974568,7.764454,4.43,52.95,40,2026-08-12 22:41:44.489038,False
IOT-0002001,SHP-000553,DEV-213,30.488119,121.648913,2.77,44.55,93,2026-08-11 05:20:44.489038,False
IOT-0002002,SHP-000383,DEV-230,36.599899,141.581768,5.32,48.98,15,2026-08-11 03:41:44.489038,False
IOT-0002003,SHP-000282,DEV-632,33.206727,120.335557,2.95,70.11,42,2026-08-08 07:01:44.489038,False
IOT-0002004,SHP-000091,DEV-733,24.205454,55.778564,4.03,67.25,90,2026-08-09 03:10:44.489038,False
IOT-0002005,SHP-000398,DEV-445,53.348679,2.552019,4.92,59.65,36,2026-08-09 13:52:44.489038,False
IOT-0002006,SHP-000591,DEV-711,-24.953608,-47.197672,4.96,65.56,58,2026-08-08 05:50:44.489038,False
IOT-0002007,SHP-000571,DEV-315,27.356096,55.276721,4.92,41.64,98,2026-08-10 08:09:44.489038,False
IOT-0002008,SHP-000470,DEV-301,24.023159,54.369911,16.55,61.14,21,2026-08-11 05:10:44.489038,True
IOT-0002009,SHP-000331,DEV-981,36.260403,-119.581963,2.57,51.63,76,2026-08-11 13:17:44.489038,False
IOT-0002010,SHP-000520,DEV-518,33.179151,-117.876819,5.12,71.43,23,2026-08-11 12:05:44.489038,False
IOT-0002011,SHP-000118,DEV-703,34.541869,141.989028,4.54,58.62,46,2026-08-09 04:29:44.489038,False
IOT-0002012,SHP-000499,DEV-124,52.784908,9.562074,9.73,44.29,87,2026-08-12 00:07:44.489038,True
IOT-0002013,SHP-000074,DEV-849,53.52889,8.320693,13.13,54.41,90,2026-08-08 17:52:44.489038,True
IOT-0002014,SHP-000022,DEV-903,53.078694,3.082824,2.3,50.55,39,2026-08-11 06:36:44.489038,False
IOT-0002015,SHP-000156,DEV-553,52.443249,8.091928,3.88,51.03,53,2026-08-08 20:39:44.489038,False
IOT-0002016,SHP-000316,DEV-165,24.651864,56.437999,6.47,52.11,18,2026-08-10 15:59:44.489038,False
IOT-0002017,SHP-000529,DEV-318,35.540274,-116.962843,5.39,49.84,71,2026-08-11 23:50:44.489038,False
IOT-0002018,SHP-000561,DEV-312,-35.346446,151.749225,4.18,53.17,74,2026-08-12 09:14:44.489038,False
IOT-0002019,SHP-000494,DEV-675,54.476686,7.557588,10.65,41.77,27,2026-08-11 22:47:44.489038,True
IOT-0002020,SHP-000006,DEV-168,1.898677,103.64618,4.42,51.65,40,2026-08-11 15:20:44.489038,False
IOT-0002021,SHP-000138,DEV-822,52.265344,9.780561,3.65,45.4,56,2026-08-13 03:22:44.489038,False
IOT-0002022,SHP-000569,DEV-335,-25.879586,-45.092064,5.06,51.64,52,2026-08-10 16:29:44.489038,False
IOT-0002023,SHP-000465,DEV-356,34.80179,139.997722,3.03,64.69,17,2026-08-09 20:28:44.489038,False
IOT-0002024,SHP-000160,DEV-649,-33.069039,151.757044,5.12,54.52,97,2026-08-08 13:56:44.489038,False
IOT-0002025,SHP-000357,DEV-441,-33.376766,150.286492,2.2,60.0,80,2026-08-12 13:59:44.489038,False
IOT-0002026,SHP-000157,DEV-146,32.405871,120.449173,3.22,41.55,46,2026-08-12 10:00:44.489038,False
IOT-0002027,SHP-000360,DEV-786,40.415077,-89.48697,3.09,72.86,30,2026-08-08 21:41:44.489038,False
IOT-0002028,SHP-000294,DEV-721,33.641208,-118.235641,2.33,66.45,42,2026-08-12 05:52:44.489038,False
IOT-0002029,SHP-000531,DEV-681,26.001709,56.489512,3.25,43.45,28,2026-08-09 15:59:44.489038,False
IOT-0002030,SHP-000450,DEV-110,50.234808,5.017725,4.08,45.86,35,2026-08-09 16:15:44.489038,False
IOT-0002031,SHP-000288,DEV-864,32.142175,-116.431889,4.33,65.45,80,2026-08-11 17:23:44.489038,False
IOT-0002032,SHP-000219,DEV-897,51.400455,4.114701,3.69,74.63,69,2026-08-12 01:27:44.489038,False
IOT-0002033,SHP-000520,DEV-931,33.588672,-119.739643,3.62,69.1,49,2026-08-11 21:20:44.489038,False
IOT-0002034,SHP-000498,DEV-819,33.085624,-116.525452,4.04,46.52,37,2026-08-11 19:21:44.489038,False
IOT-0002035,SHP-000409,DEV-637,37.731813,137.912162,3.82,47.24,16,2026-08-11 02:45:44.489038,False
IOT-0002036,SHP-000165,DEV-740,2.163751,106.131719,6.11,52.33,75,2026-08-11 03:13:44.489038,False
IOT-0002037,SHP-000381,DEV-663,-23.032037,-48.327017,2.37,73.16,39,2026-08-11 16:24:44.489038,False
IOT-0002038,SHP-000137,DEV-382,33.347126,123.044182,5.64,56.0,54,2026-08-10 04:24:44.489038,False
IOT-0002039,SHP-000164,DEV-285,30.712938,119.863384,2.05,68.63,55,2026-08-10 13:59:44.489038,False
IOT-0002040,SHP-000358,DEV-911,1.466047,103.090507,8.77,68.67,37,2026-08-08 13:30:44.489038,True
IOT-0002041,SHP-000194,DEV-690,2.855724,104.589735,5.98,62.08,36,2026-08-08 05:17:44.489038,False
IOT-0002042,SHP-000591,DEV-887,51.16935,11.928066,3.71,53.67,62,2026-08-11 03:16:44.489038,False
IOT-0002043,SHP-000409,DEV-320,25.398602,55.840014,13.08,70.42,65,2026-08-13 04:19:44.489038,True
IOT-0002044,SHP-000508,DEV-421,25.557913,57.303679,2.98,46.57,91,2026-08-11 17:10:44.489038,False
IOT-0002045,SHP-000079,DEV-173,3.020228,101.702612,5.84,61.89,36,2026-08-08 15:21:44.489038,False
IOT-0002046,SHP-000487,DEV-970,35.062895,-120.094305,5.41,61.62,45,2026-08-09 03:22:44.489038,False
IOT-0002047,SHP-000600,DEV-582,34.826917,-117.245848,4.16,69.26,37,2026-08-11 17:00:44.489038,False
IOT-0002048,SHP-000185,DEV-612,32.32504,-116.762411,3.23,58.78,97,2026-08-12 18:32:44.489038,False
IOT-0002049,SHP-000343,DEV-599,51.949866,12.337814,4.65,42.84,36,2026-08-08 11:06:44.489038,False
IOT-0002050,SHP-000409,DEV-819,-33.506994,148.839975,6.03,61.3,58,2026-08-08 20:10:44.489038,False
IOT-0002051,SHP-000211,DEV-776,-22.697308,-44.72979,3.35,42.72,23,2026-08-08 20:15:44.489038,False
IOT-0002052,SHP-000321,DEV-805,35.550439,-119.127906,3.81,42.88,47,2026-08-11 13:34:44.489038,False
IOT-0002053,SHP-000120,DEV-571,-0.661311,104.750337,4.88,67.53,95,2026-08-12 05:11:44.489038,False
IOT-0002054,SHP-000564,DEV-314,52.129554,8.078042,6.3,52.8,62,2026-08-08 18:34:44.489038,False
IOT-0002055,SHP-000121,DEV-400,33.515638,121.553619,3.89,67.03,46,2026-08-09 17:56:44.489038,False
IOT-0002056,SHP-000057,DEV-615,53.984115,11.873743,2.76,46.59,97,2026-08-09 12:49:44.489038,False
IOT-0002057,SHP-000342,DEV-642,-24.941886,-48.763773,4.52,48.14,16,2026-08-10 04:07:44.489038,False
IOT-0002058,SHP-000139,DEV-893,-32.565356,150.903351,5.66,47.35,94,2026-08-09 11:22:44.489038,False
IOT-0002059,SHP-000337,DEV-819,51.143563,5.291126,4.12,55.23,91,2026-08-13 04:56:44.489038,False
IOT-0002060,SHP-000507,DEV-145,36.156722,139.77338,3.54,56.29,71,2026-08-08 08:21:44.489038,False
IOT-0002061,SHP-000062,DEV-908,27.54671,56.293877,5.44,45.76,33,2026-08-08 12:19:44.489038,False
IOT-0002062,SHP-000142,DEV-497,43.104335,-85.645,4.68,73.46,79,2026-08-09 13:38:44.489038,False
IOT-0002063,SHP-000346,DEV-967,52.204092,2.342029,5.65,62.67,79,2026-08-12 09:51:44.489038,False
IOT-0002064,SHP-000292,DEV-112,34.889007,-119.569299,5.15,69.57,98,2026-08-09 13:25:44.489038,False
IOT-0002065,SHP-000214,DEV-555,52.482485,9.106968,2.65,58.31,82,2026-08-12 21:22:44.489038,False
IOT-0002066,SHP-000548,DEV-789,-25.082313,-44.248692,17.65,43.43,94,2026-08-08 11:36:44.489038,True
IOT-0002067,SHP-000490,DEV-435,26.870255,55.136655,2.74,70.39,87,2026-08-09 04:00:44.489038,False
IOT-0002068,SHP-000085,DEV-768,37.272674,142.01327,3.26,66.07,62,2026-08-10 16:10:44.489038,False
IOT-0002069,SHP-000300,DEV-897,34.228847,-118.670384,5.03,68.3,70,2026-08-11 20:25:44.489038,False
IOT-0002070,SHP-000105,DEV-373,31.807273,120.990213,6.02,66.07,63,2026-08-10 08:30:44.489038,False
IOT-0002071,SHP-000167,DEV-849,54.32997,11.641544,2.68,53.71,80,2026-08-12 11:13:44.489038,False
IOT-0002072,SHP-000490,DEV-418,-35.599234,151.622138,2.86,60.56,97,2026-08-08 12:54:44.489038,False
IOT-0002073,SHP-000404,DEV-427,32.449424,120.801432,2.93,63.63,27,2026-08-10 21:53:44.489038,False
IOT-0002074,SHP-000218,DEV-962,34.49917,138.854278,2.67,61.2,54,2026-08-08 17:37:44.489038,False
IOT-0002075,SHP-000057,DEV-472,53.494194,8.353016,3.21,42.19,55,2026-08-12 21:48:44.489038,False
IOT-0002076,SHP-000072,DEV-181,-21.490259,-48.382166,4.94,59.94,82,2026-08-09 00:25:44.489038,False
IOT-0002077,SHP-000192,DEV-182,53.947284,3.917171,2.79,46.79,53,2026-08-12 09:02:44.489038,False
IOT-0002078,SHP-000470,DEV-176,52.339672,6.453217,2.53,40.91,91,2026-08-12 07:47:44.489038,False
IOT-0002079,SHP-000076,DEV-680,53.806709,11.085534,2.43,70.5,59,2026-08-09 14:46:44.489038,False
IOT-0002080,SHP-000185,DEV-302,-32.298458,150.652061,12.06,66.67,35,2026-08-10 03:56:44.489038,True
IOT-0002081,SHP-000023,DEV-537,53.21618,4.279084,5.43,67.42,15,2026-08-13 03:09:44.489038,False
IOT-0002082,SHP-000304,DEV-594,35.952644,-118.932473,3.46,60.99,55,2026-08-10 18:43:44.489038,False
IOT-0002083,SHP-000205,DEV-876,53.20351,5.472407,4.22,41.66,71,2026-08-08 20:00:44.489038,False
IOT-0002084,SHP-000368,DEV-954,27.311191,55.683761,6.47,45.96,30,2026-08-11 17:15:44.489038,False
IOT-0002085,SHP-000508,DEV-310,27.056459,56.667211,2.98,43.39,24,2026-08-09 12:04:44.489038,False
IOT-0002086,SHP-000334,DEV-722,-24.874071,-47.284787,4.32,67.68,53,2026-08-08 19:13:44.489038,False
IOT-0002087,SHP-000059,DEV-512,25.94715,56.077394,2.61,61.11,35,2026-08-11 03:22:44.489038,False
IOT-0002088,SHP-000102,DEV-304,50.452587,4.526799,5.92,73.08,26,2026-08-11 03:40:44.489038,False
IOT-0002089,SHP-000034,DEV-952,-26.233371,-47.792998,3.34,70.08,36,2026-08-12 05:57:44.489038,False
IOT-0002090,SHP-000236,DEV-891,-22.011138,-46.091887,2.07,73.97,87,2026-08-12 17:07:44.489038,False
IOT-0002091,SHP-000091,DEV-165,37.182864,140.525131,3.48,74.1,87,2026-08-12 01:15:44.489038,False
IOT-0002092,SHP-000596,DEV-416,52.499721,7.938719,6.37,45.32,55,2026-08-12 14:57:44.489038,False
IOT-0002093,SHP-000411,DEV-223,-34.812352,152.109614,8.77,49.73,36,2026-08-10 11:33:44.489038,True
IOT-0002094,SHP-000088,DEV-828,41.26689,-86.593818,2.97,51.97,62,2026-08-10 03:30:44.489038,False
IOT-0002095,SHP-000398,DEV-984,51.494715,5.237006,6.28,55.79,24,2026-08-11 08:21:44.489038,False
IOT-0002096,SHP-000076,DEV-192,-34.538212,149.15889,5.01,53.45,70,2026-08-11 07:27:44.489038,False
IOT-0002097,SHP-000073,DEV-612,44.347945,-88.398088,5.93,48.74,61,2026-08-11 23:42:44.489038,False
IOT-0002098,SHP-000581,DEV-495,-23.060753,-48.262599,12.89,55.06,93,2026-08-09 23:35:44.489038,True
IOT-0002099,SHP-000159,DEV-744,27.462007,52.805429,2.54,58.93,20,2026-08-11 06:33:44.489038,False
IOT-0002100,SHP-000447,DEV-691,-33.992267,149.784595,3.6,46.29,20,2026-08-10 05:09:44.489038,False
IOT-0002101,SHP-000401,DEV-842,-22.330392,-46.434317,5.54,73.38,56,2026-08-09 00:30:44.489038,False
IOT-0002102,SHP-000397,DEV-810,-25.685986,-44.228348,3.3,72.27,74,2026-08-09 11:36:44.489038,False
IOT-0002103,SHP-000234,DEV-986,35.557263,141.228551,5.49,68.05,47,2026-08-10 20:06:44.489038,False
IOT-0002104,SHP-000227,DEV-814,25.463011,53.192379,6.37,49.22,83,2026-08-12 01:37:44.489038,False
IOT-0002105,SHP-000286,DEV-385,24.45966,53.522503,3.67,47.3,53,2026-08-09 01:45:44.489038,False
IOT-0002106,SHP-000326,DEV-599,32.430623,122.665121,5.6,73.43,92,2026-08-12 06:46:44.489038,False
IOT-0002107,SHP-000147,DEV-455,51.447123,9.414045,4.26,45.4,39,2026-08-12 21:49:44.489038,False
IOT-0002108,SHP-000109,DEV-917,55.738466,8.24383,3.04,70.69,55,2026-08-12 22:12:44.489038,False
IOT-0002109,SHP-000179,DEV-638,-34.826377,151.959458,5.79,58.28,57,2026-08-11 18:18:44.489038,False
IOT-0002110,SHP-000370,DEV-829,1.669282,104.793776,5.21,47.67,40,2026-08-12 16:11:44.489038,False
IOT-0002111,SHP-000466,DEV-864,1.668112,104.779889,4.16,56.43,30,2026-08-10 07:37:44.489038,False
IOT-0002112,SHP-000521,DEV-445,53.671161,10.682345,2.11,63.38,65,2026-08-11 16:23:44.489038,False
IOT-0002113,SHP-000553,DEV-838,36.395312,139.122402,5.1,50.94,54,2026-08-11 15:20:44.489038,False
IOT-0002114,SHP-000431,DEV-661,52.81622,8.896456,14.48,41.03,92,2026-08-09 22:54:44.489038,True
IOT-0002115,SHP-000118,DEV-220,32.144545,122.348112,3.48,48.16,46,2026-08-10 22:47:44.489038,False
IOT-0002116,SHP-000071,DEV-163,39.591867,-88.441388,4.07,43.05,31,2026-08-12 23:40:44.489038,False
IOT-0002117,SHP-000255,DEV-368,53.819576,4.830675,4.46,53.14,82,2026-08-09 21:01:44.489038,False
IOT-0002118,SHP-000415,DEV-932,32.088104,123.544822,2.82,48.38,78,2026-08-13 01:30:44.489038,False
IOT-0002119,SHP-000057,DEV-105,36.383371,-120.143767,5.09,67.53,23,2026-08-13 04:43:44.489038,False
IOT-0002120,SHP-000485,DEV-386,40.659461,-86.771132,3.1,73.96,69,2026-08-09 07:09:44.489038,False
IOT-0002121,SHP-000562,DEV-599,25.241704,57.192823,2.12,47.81,84,2026-08-08 06:37:44.489038,False
IOT-0002122,SHP-000328,DEV-954,53.322996,3.955957,6.32,73.48,79,2026-08-10 05:43:44.489038,False
IOT-0002123,SHP-000441,DEV-488,37.795949,138.716973,2.3,61.12,67,2026-08-12 06:47:44.489038,False
IOT-0002124,SHP-000323,DEV-407,53.268283,3.501128,6.31,41.14,48,2026-08-09 10:47:44.489038,False
IOT-0002125,SHP-000393,DEV-841,-33.179875,149.742473,3.78,48.12,79,2026-08-08 14:42:44.489038,False
IOT-0002126,SHP-000597,DEV-586,3.379526,102.516246,3.81,49.72,99,2026-08-12 09:28:44.489038,False
IOT-0002127,SHP-000380,DEV-673,51.432547,4.309421,5.81,51.84,26,2026-08-12 15:28:44.489038,False
IOT-0002128,SHP-000190,DEV-825,31.873903,121.422072,4.53,46.1,55,2026-08-10 12:55:44.489038,False
IOT-0002129,SHP-000586,DEV-721,52.000104,11.523863,5.0,45.2,86,2026-08-08 21:12:44.489038,False
IOT-0002130,SHP-000563,DEV-222,33.036571,-117.297616,5.47,43.93,62,2026-08-08 20:57:44.489038,False
IOT-0002131,SHP-000119,DEV-345,2.066721,102.579453,14.31,43.53,40,2026-08-12 18:44:44.489038,True
IOT-0002132,SHP-000095,DEV-609,36.272485,139.705149,3.86,57.4,40,2026-08-09 21:41:44.489038,False
IOT-0002133,SHP-000533,DEV-259,33.340565,140.667391,5.59,50.22,47,2026-08-12 01:02:44.489038,False
IOT-0002134,SHP-000599,DEV-666,-25.752927,-45.357517,4.17,55.35,60,2026-08-09 22:19:44.489038,False
IOT-0002135,SHP-000415,DEV-141,34.684142,-117.327066,5.67,68.91,48,2026-08-10 05:08:44.489038,False
IOT-0002136,SHP-000311,DEV-339,-21.552155,-47.188648,3.97,53.44,76,2026-08-08 08:35:44.489038,False
IOT-0002137,SHP-000594,DEV-369,51.267366,3.998497,9.87,45.73,52,2026-08-08 15:54:44.489038,True
IOT-0002138,SHP-000014,DEV-625,2.954814,104.797054,12.93,40.17,70,2026-08-09 18:05:44.489038,True
IOT-0002139,SHP-000371,DEV-664,32.857611,-119.627872,2.98,44.13,90,2026-08-08 11:29:44.489038,False
IOT-0002140,SHP-000421,DEV-146,27.367299,54.231156,4.48,43.24,92,2026-08-10 05:12:44.489038,False
IOT-0002141,SHP-000188,DEV-550,43.203299,-88.31071,6.06,42.34,82,2026-08-08 12:05:44.489038,False
IOT-0002142,SHP-000210,DEV-891,2.627421,103.235736,4.3,47.66,19,2026-08-10 15:51:44.489038,False
IOT-0002143,SHP-000132,DEV-698,-0.479887,102.443657,4.88,55.61,88,2026-08-08 08:34:44.489038,False
IOT-0002144,SHP-000570,DEV-972,36.24206,-117.937905,4.45,66.64,58,2026-08-10 04:24:44.489038,False
IOT-0002145,SHP-000142,DEV-449,52.326294,5.867047,2.48,44.08,99,2026-08-11 20:17:44.489038,False
IOT-0002146,SHP-000484,DEV-310,26.668683,53.055818,3.7,72.59,55,2026-08-09 22:15:44.489038,False
IOT-0002147,SHP-000599,DEV-244,49.98397,2.121303,5.62,47.64,96,2026-08-10 07:56:44.489038,False
IOT-0002148,SHP-000126,DEV-774,53.58681,3.59618,2.79,53.66,41,2026-08-09 20:17:44.489038,False
IOT-0002149,SHP-000514,DEV-261,41.636329,-85.943864,3.55,67.61,70,2026-08-12 16:49:44.489038,False
IOT-0002150,SHP-000493,DEV-630,32.454167,119.545176,2.85,42.88,16,2026-08-12 08:18:44.489038,False
IOT-0002151,SHP-000304,DEV-942,-32.797717,152.650639,6.42,54.27,75,2026-08-10 01:54:44.489038,False
IOT-0002152,SHP-000508,DEV-299,33.362765,-118.92602,3.8,74.29,40,2026-08-08 12:44:44.489038,False
IOT-0002153,SHP-000260,DEV-962,36.267386,140.717621,5.12,46.13,99,2026-08-12 05:28:44.489038,False
IOT-0002154,SHP-000543,DEV-650,40.279092,-87.140055,2.38,48.51,82,2026-08-10 20:25:44.489038,False
IOT-0002155,SHP-000097,DEV-938,51.352407,8.374301,2.21,40.28,58,2026-08-09 16:46:44.489038,False
IOT-0002156,SHP-000536,DEV-675,31.079876,119.456677,2.14,65.37,26,2026-08-12 14:58:44.489038,False
IOT-0002157,SHP-000385,DEV-498,32.690151,-116.742528,3.8,72.66,89,2026-08-09 02:04:44.489038,False
IOT-0002158,SHP-000016,DEV-635,49.893204,3.56411,4.84,66.23,87,2026-08-11 02:54:44.489038,False
IOT-0002159,SHP-000180,DEV-781,-32.441067,150.480037,5.58,44.49,29,2026-08-11 11:05:44.489038,False
IOT-0002160,SHP-000135,DEV-496,39.586413,-89.976242,6.21,66.7,25,2026-08-12 14:57:44.489038,False
IOT-0002161,SHP-000359,DEV-485,54.997196,10.629626,3.24,51.93,15,2026-08-10 06:14:44.489038,False
IOT-0002162,SHP-000587,DEV-792,33.990242,137.560891,5.35,64.09,92,2026-08-11 21:21:44.489038,False
IOT-0002163,SHP-000501,DEV-903,54.122402,2.570819,6.32,67.4,75,2026-08-08 15:03:44.489038,False
IOT-0002164,SHP-000408,DEV-576,32.884169,121.141584,9.11,53.57,84,2026-08-11 08:26:44.489038,True
IOT-0002165,SHP-000317,DEV-456,50.049698,6.700486,4.31,67.24,39,2026-08-13 03:35:44.489038,False
IOT-0002166,SHP-000203,DEV-836,30.739202,123.767021,2.77,69.08,38,2026-08-09 07:50:44.489038,False
IOT-0002167,SHP-000181,DEV-679,25.723613,54.707133,2.48,58.9,78,2026-08-12 19:23:44.489038,False
IOT-0002168,SHP-000311,DEV-257,2.087147,101.469325,3.54,51.54,42,2026-08-11 01:49:44.489038,False
IOT-0002169,SHP-000207,DEV-374,3.459633,105.44879,4.22,55.92,92,2026-08-09 20:26:44.489038,False
IOT-0002170,SHP-000273,DEV-161,23.582554,55.157252,3.86,53.31,40,2026-08-11 09:04:44.489038,False
IOT-0002171,SHP-000578,DEV-383,54.817986,9.795568,5.13,69.48,29,2026-08-12 22:38:44.489038,False
IOT-0002172,SHP-000115,DEV-845,3.380029,104.681218,2.91,74.47,85,2026-08-11 05:30:44.489038,False
IOT-0002173,SHP-000336,DEV-817,52.297644,5.904438,2.38,47.76,16,2026-08-09 11:07:44.489038,False
IOT-0002174,SHP-000470,DEV-491,51.292617,4.496423,4.25,46.78,43,2026-08-10 00:10:44.489038,False
IOT-0002175,SHP-000346,DEV-319,49.937428,5.518612,5.14,71.83,81,2026-08-13 01:48:44.489038,False
IOT-0002176,SHP-000265,DEV-694,51.45094,11.590725,15.2,55.73,18,2026-08-10 11:33:44.489038,True
IOT-0002177,SHP-000135,DEV-289,-36.160656,148.851779,5.18,53.86,43,2026-08-09 15:06:44.489038,False
IOT-0002178,SHP-000517,DEV-394,0.58014,102.244331,2.21,40.67,70,2026-08-12 00:23:44.489038,False
IOT-0002179,SHP-000421,DEV-489,-34.503841,151.785114,4.21,41.24,77,2026-08-12 06:21:44.489038,False
IOT-0002180,SHP-000240,DEV-515,54.758276,9.108718,3.09,66.74,28,2026-08-09 10:29:44.489038,False
IOT-0002181,SHP-000586,DEV-733,24.067517,56.737676,2.27,68.23,50,2026-08-11 21:01:44.489038,False
IOT-0002182,SHP-000335,DEV-753,40.177455,-86.936518,5.39,41.01,38,2026-08-08 17:20:44.489038,False
IOT-0002183,SHP-000071,DEV-609,51.885176,4.209723,3.72,50.69,47,2026-08-13 01:51:44.489038,False
IOT-0002184,SHP-000468,DEV-526,-31.388586,148.765577,8.75,59.02,77,2026-08-09 11:42:44.489038,True
IOT-0002185,SHP-000371,DEV-484,24.14595,57.508281,16.58,65.38,71,2026-08-13 03:22:44.489038,True
IOT-0002186,SHP-000085,DEV-354,51.193157,8.292591,5.38,64.54,99,2026-08-08 22:58:44.489038,False
IOT-0002187,SHP-000469,DEV-970,25.746481,54.692362,4.65,68.41,71,2026-08-12 13:22:44.489038,False
IOT-0002188,SHP-000329,DEV-757,50.521063,2.220587,6.25,42.95,66,2026-08-08 16:02:44.489038,False
IOT-0002189,SHP-000025,DEV-652,40.860469,-85.579166,6.15,53.58,82,2026-08-09 19:44:44.489038,False
IOT-0002190,SHP-000364,DEV-347,51.581331,4.964827,17.19,71.21,16,2026-08-11 13:47:44.489038,True
IOT-0002191,SHP-000216,DEV-988,0.604449,102.324928,2.53,42.31,76,2026-08-12 18:59:44.489038,False
IOT-0002192,SHP-000298,DEV-394,2.514177,104.745454,2.59,62.91,92,2026-08-13 02:49:44.489038,False
IOT-0002193,SHP-000498,DEV-189,56.023945,9.656885,4.36,72.14,94,2026-08-11 20:14:44.489038,False
IOT-0002194,SHP-000301,DEV-438,23.398757,54.700363,2.67,70.13,60,2026-08-11 10:48:44.489038,False
IOT-0002195,SHP-000556,DEV-704,-26.052306,-45.47828,8.83,68.49,63,2026-08-11 00:33:44.489038,True
IOT-0002196,SHP-000564,DEV-453,37.058371,139.173065,2.36,42.89,41,2026-08-10 01:01:44.489038,False
IOT-0002197,SHP-000536,DEV-490,52.887519,9.116952,2.32,59.35,15,2026-08-10 11:18:44.489038,False
IOT-0002198,SHP-000511,DEV-823,51.051951,4.222957,2.24,59.41,68,2026-08-11 23:45:44.489038,False
IOT-0002199,SHP-000267,DEV-799,-34.619665,152.894143,5.94,51.38,34,2026-08-09 17:29:44.489038,False
IOT-0002200,SHP-000544,DEV-535,53.447188,8.417611,4.27,71.65,52,2026-08-12 20:47:44.489038,False
IOT-0002201,SHP-000104,DEV-666,22.792869,54.879589,3.37,59.6,45,2026-08-10 23:35:44.489038,False
IOT-0002202,SHP-000466,DEV-878,34.078275,137.454554,2.19,44.35,20,2026-08-12 00:56:44.489038,False
IOT-0002203,SHP-000395,DEV-174,23.386564,55.139078,6.45,69.49,15,2026-08-12 16:02:44.489038,False
IOT-0002204,SHP-000016,DEV-223,50.678198,5.519688,2.18,67.83,85,2026-08-11 03:33:44.489038,False
IOT-0002205,SHP-000394,DEV-159,44.153761,-86.799969,5.8,64.94,63,2026-08-10 14:24:44.489038,False
IOT-0002206,SHP-000597,DEV-920,-32.241939,150.916879,2.83,74.38,79,2026-08-08 15:02:44.489038,False
IOT-0002207,SHP-000539,DEV-253,40.55234,-87.422646,4.98,40.18,90,2026-08-09 12:20:44.489038,False
IOT-0002208,SHP-000144,DEV-914,40.289872,-88.909838,2.09,44.72,53,2026-08-12 05:01:44.489038,False
IOT-0002209,SHP-000138,DEV-612,-22.203763,-47.146045,3.5,48.39,86,2026-08-12 09:17:44.489038,False
IOT-0002210,SHP-000269,DEV-756,32.965801,123.703213,5.13,43.94,37,2026-08-12 20:12:44.489038,False
IOT-0002211,SHP-000247,DEV-246,41.584962,-88.457213,3.04,49.98,100,2026-08-12 17:24:44.489038,False
IOT-0002212,SHP-000522,DEV-137,53.9759,3.227101,6.15,67.91,90,2026-08-08 11:39:44.489038,False
IOT-0002213,SHP-000437,DEV-511,34.845618,-116.586423,5.74,69.9,100,2026-08-10 13:34:44.489038,False
IOT-0002214,SHP-000177,DEV-579,40.072384,-86.882808,2.43,48.02,57,2026-08-11 19:47:44.489038,False
IOT-0002215,SHP-000233,DEV-801,54.117739,10.91515,2.42,64.75,31,2026-08-08 18:05:44.489038,False
IOT-0002216,SHP-000168,DEV-669,36.465731,-116.717233,3.32,65.77,82,2026-08-11 07:31:44.489038,False
IOT-0002217,SHP-000269,DEV-956,42.097341,-85.968689,3.92,48.91,92,2026-08-08 07:51:44.489038,False
IOT-0002218,SHP-000032,DEV-928,53.353054,3.494157,5.07,61.44,38,2026-08-12 21:14:44.489038,False
IOT-0002219,SHP-000398,DEV-848,30.157055,119.045002,6.13,53.75,69,2026-08-10 18:31:44.489038,False
IOT-0002220,SHP-000078,DEV-315,-22.713749,-46.868001,15.34,41.18,42,2026-08-10 14:26:44.489038,True
IOT-0002221,SHP-000226,DEV-438,32.517512,-116.954238,6.39,46.28,63,2026-08-11 21:17:44.489038,False
IOT-0002222,SHP-000272,DEV-699,-32.237962,152.78662,4.77,46.5,84,2026-08-12 21:25:44.489038,False
IOT-0002223,SHP-000392,DEV-927,31.042394,119.113133,4.52,50.11,74,2026-08-13 02:49:44.489038,False
IOT-0002224,SHP-000371,DEV-999,52.997078,3.307474,6.48,40.6,100,2026-08-12 13:20:44.489038,False
IOT-0002225,SHP-000338,DEV-647,-35.253828,153.122939,4.76,66.47,78,2026-08-12 00:33:44.489038,False
IOT-0002226,SHP-000128,DEV-364,52.392438,4.375938,2.51,64.95,56,2026-08-11 04:11:44.489038,False
IOT-0002227,SHP-000588,DEV-994,44.004463,-88.004939,2.79,51.58,41,2026-08-12 02:48:44.489038,False
IOT-0002228,SHP-000423,DEV-142,-32.713897,153.457761,16.07,51.66,89,2026-08-08 23:07:44.489038,True
IOT-0002229,SHP-000168,DEV-552,43.023395,-85.751339,5.83,50.87,53,2026-08-08 11:32:44.489038,False
IOT-0002230,SHP-000109,DEV-687,54.314709,6.226962,2.06,55.03,42,2026-08-10 04:28:44.489038,False
IOT-0002231,SHP-000198,DEV-185,24.892689,52.860521,5.87,51.28,44,2026-08-08 11:24:44.489038,False
IOT-0002232,SHP-000005,DEV-426,-35.971329,151.487244,5.5,53.11,84,2026-08-12 14:48:44.489038,False
IOT-0002233,SHP-000578,DEV-643,51.75535,11.453894,5.7,74.19,25,2026-08-10 14:23:44.489038,False
IOT-0002234,SHP-000554,DEV-788,35.0487,137.970193,2.5,57.4,46,2026-08-08 06:02:44.489038,False
IOT-0002235,SHP-000459,DEV-998,-22.858756,-46.964159,2.42,46.32,38,2026-08-10 22:42:44.489038,False
IOT-0002236,SHP-000255,DEV-155,34.253995,139.888317,4.23,43.79,25,2026-08-13 02:42:44.489038,False
IOT-0002237,SHP-000183,DEV-211,-24.472582,-45.539039,3.69,72.03,24,2026-08-12 21:16:44.489038,False
IOT-0002238,SHP-000574,DEV-159,2.307149,105.554372,3.79,50.05,86,2026-08-12 11:04:44.489038,False
IOT-0002239,SHP-000384,DEV-886,32.423333,-116.306247,5.29,53.06,42,2026-08-09 02:54:44.489038,False
IOT-0002240,SHP-000139,DEV-311,55.539992,9.649799,3.32,49.28,22,2026-08-10 04:34:44.489038,False
IOT-0002241,SHP-000197,DEV-198,33.363475,141.605299,4.7,46.58,89,2026-08-09 12:34:44.489038,False
IOT-0002242,SHP-000034,DEV-136,24.250176,55.58131,5.58,57.25,100,2026-08-12 06:31:44.489038,False
IOT-0002243,SHP-000300,DEV-950,30.681109,123.673386,4.01,69.98,28,2026-08-11 21:58:44.489038,False
IOT-0002244,SHP-000477,DEV-673,36.073987,-116.553918,2.52,69.23,91,2026-08-09 06:16:44.489038,False
IOT-0002245,SHP-000502,DEV-385,-23.520566,-46.109079,5.19,65.94,29,2026-08-10 22:54:44.489038,False
IOT-0002246,SHP-000004,DEV-277,54.50299,9.872959,3.88,63.18,94,2026-08-10 03:32:44.489038,False
IOT-0002247,SHP-000540,DEV-635,35.709465,-117.076204,2.32,58.72,43,2026-08-09 15:02:44.489038,False
IOT-0002248,SHP-000196,DEV-287,33.19483,123.092289,3.25,43.23,22,2026-08-13 05:56:44.489038,False
IOT-0002249,SHP-000408,DEV-387,54.962353,10.125894,5.68,40.47,32,2026-08-09 10:48:44.489038,False
IOT-0002250,SHP-000456,DEV-904,26.40842,54.253874,5.6,60.77,86,2026-08-12 06:17:44.489038,False
IOT-0002251,SHP-000049,DEV-531,54.250457,7.827898,5.14,70.75,68,2026-08-09 07:28:44.489038,False
IOT-0002252,SHP-000230,DEV-784,52.030199,5.966025,2.49,52.58,41,2026-08-12 07:20:44.489038,False
IOT-0002253,SHP-000101,DEV-244,-36.307914,150.153364,3.69,47.66,56,2026-08-12 18:48:44.489038,False
IOT-0002254,SHP-000046,DEV-746,30.682866,120.757334,4.24,56.0,38,2026-08-11 10:22:44.489038,False
IOT-0002255,SHP-000374,DEV-544,23.194194,54.731183,3.11,41.33,67,2026-08-12 18:08:44.489038,False
IOT-0002256,SHP-000542,DEV-781,33.628084,137.932275,13.04,51.21,37,2026-08-12 22:03:44.489038,True
IOT-0002257,SHP-000364,DEV-794,31.423367,120.553809,5.65,56.55,66,2026-08-11 14:34:44.489038,False
IOT-0002258,SHP-000312,DEV-637,-23.107409,-45.594576,10.94,55.22,69,2026-08-11 09:12:44.489038,True
IOT-0002259,SHP-000590,DEV-371,-1.121678,105.146108,2.78,61.05,69,2026-08-10 13:06:44.489038,False
IOT-0002260,SHP-000228,DEV-282,35.086004,-117.091638,3.11,60.7,74,2026-08-10 04:08:44.489038,False
IOT-0002261,SHP-000518,DEV-455,51.861076,5.874227,4.78,55.93,25,2026-08-09 13:19:44.489038,False
IOT-0002262,SHP-000450,DEV-299,-35.999825,148.765674,6.34,64.91,20,2026-08-12 02:18:44.489038,False
IOT-0002263,SHP-000178,DEV-348,53.03123,5.515256,6.49,58.21,92,2026-08-13 03:28:44.489038,False
IOT-0002264,SHP-000455,DEV-933,-34.056895,152.414551,4.02,49.47,46,2026-08-13 00:38:44.489038,False
IOT-0002265,SHP-000378,DEV-471,24.576892,56.029992,12.29,61.04,97,2026-08-12 01:05:44.489038,True
IOT-0002266,SHP-000502,DEV-303,35.591501,-118.963252,3.64,43.66,95,2026-08-09 22:04:44.489038,False
IOT-0002267,SHP-000154,DEV-772,38.142147,137.869752,5.18,55.5,98,2026-08-09 08:07:44.489038,False
IOT-0002268,SHP-000334,DEV-865,51.892457,2.605284,3.36,62.6,33,2026-08-08 23:18:44.489038,False
IOT-0002269,SHP-000385,DEV-908,42.275727,-89.716187,5.66,49.58,35,2026-08-12 23:33:44.489038,False
IOT-0002270,SHP-000144,DEV-704,53.706741,4.683439,15.2,54.51,58,2026-08-12 07:25:44.489038,True
IOT-0002271,SHP-000229,DEV-567,-22.439497,-45.69948,5.85,49.74,37,2026-08-10 03:56:44.489038,False
IOT-0002272,SHP-000488,DEV-385,3.592348,102.520492,5.36,56.61,59,2026-08-12 19:03:44.489038,False
IOT-0002273,SHP-000528,DEV-774,33.339817,119.564265,4.41,65.61,40,2026-08-11 00:02:44.489038,False
IOT-0002274,SHP-000582,DEV-711,-23.824179,-47.488456,6.47,51.56,56,2026-08-08 21:45:44.489038,False
IOT-0002275,SHP-000416,DEV-605,29.327169,119.922658,4.4,71.22,53,2026-08-10 13:21:44.489038,False
IOT-0002276,SHP-000046,DEV-951,30.210377,120.959653,17.85,58.61,41,2026-08-09 19:13:44.489038,True
IOT-0002277,SHP-000399,DEV-778,34.323381,-117.310959,6.28,68.24,31,2026-08-08 05:27:44.489038,False
IOT-0002278,SHP-000459,DEV-750,55.151084,9.59272,2.06,61.37,42,2026-08-13 02:16:44.489038,False
IOT-0002279,SHP-000385,DEV-480,33.421687,139.7438,6.42,40.47,82,2026-08-08 14:45:44.489038,False
IOT-0002280,SHP-000031,DEV-344,37.535585,138.027168,3.47,49.3,71,2026-08-12 15:00:44.489038,False
IOT-0002281,SHP-000484,DEV-194,33.721633,137.205125,3.47,49.73,38,2026-08-11 10:00:44.489038,False
IOT-0002282,SHP-000366,DEV-786,-25.560981,-44.072928,3.36,46.1,23,2026-08-10 16:39:44.489038,False
IOT-0002283,SHP-000338,DEV-185,2.82211,105.561306,4.54,48.16,46,2026-08-08 05:58:44.489038,False
IOT-0002284,SHP-000453,DEV-769,36.36578,140.887742,3.38,58.94,88,2026-08-09 23:36:44.489038,False
IOT-0002285,SHP-000488,DEV-905,32.737138,-117.104061,2.98,55.34,58,2026-08-11 00:32:44.489038,False
IOT-0002286,SHP-000149,DEV-179,54.203855,12.336284,13.71,50.87,94,2026-08-08 21:19:44.489038,True
IOT-0002287,SHP-000174,DEV-974,39.770436,-90.035484,4.08,62.71,39,2026-08-11 06:43:44.489038,False
IOT-0002288,SHP-000124,DEV-756,23.766755,55.566488,2.52,71.38,62,2026-08-08 08:19:44.489038,False
IOT-0002289,SHP-000114,DEV-787,40.292342,-86.574476,14.04,60.96,26,2026-08-11 00:19:44.489038,True
IOT-0002290,SHP-000538,DEV-298,29.402641,119.156844,4.81,40.24,25,2026-08-10 23:45:44.489038,False
IOT-0002291,SHP-000594,DEV-634,23.25646,55.242481,4.01,46.55,32,2026-08-08 17:07:44.489038,False
IOT-0002292,SHP-000578,DEV-454,-35.235371,148.894086,6.16,71.78,40,2026-08-12 05:00:44.489038,False
IOT-0002293,SHP-000098,DEV-437,-25.469545,-45.869369,2.46,60.7,43,2026-08-09 17:48:44.489038,False
IOT-0002294,SHP-000449,DEV-358,33.240241,138.419258,4.97,67.35,91,2026-08-12 10:05:44.489038,False
IOT-0002295,SHP-000373,DEV-553,-21.721017,-46.759445,3.58,54.22,72,2026-08-10 08:34:44.489038,False
IOT-0002296,SHP-000198,DEV-677,-21.809663,-48.477582,6.06,41.61,39,2026-08-10 04:52:44.489038,False
IOT-0002297,SHP-000251,DEV-376,-31.977399,151.849878,5.22,52.95,56,2026-08-12 21:33:44.489038,False
IOT-0002298,SHP-000208,DEV-701,52.131126,5.771257,5.5,66.42,77,2026-08-09 11:39:44.489038,False
IOT-0002299,SHP-000057,DEV-734,3.053364,103.398804,4.62,52.06,87,2026-08-08 14:21:44.489038,False
IOT-0002300,SHP-000323,DEV-761,54.256422,10.776792,5.86,63.91,90,2026-08-11 05:00:44.489038,False
IOT-0002301,SHP-000269,DEV-688,-23.215332,-45.928622,3.65,50.72,17,2026-08-13 03:23:44.489038,False
IOT-0002302,SHP-000373,DEV-404,1.294607,104.889274,4.08,47.59,73,2026-08-11 14:52:44.489038,False
IOT-0002303,SHP-000010,DEV-720,33.320485,121.474475,2.79,69.97,24,2026-08-08 21:48:44.489038,False
IOT-0002304,SHP-000336,DEV-674,-31.603696,151.558024,4.98,44.02,98,2026-08-11 19:46:44.489038,False
IOT-0002305,SHP-000530,DEV-808,51.433832,12.377181,2.71,40.64,32,2026-08-10 08:55:44.489038,False
IOT-0002306,SHP-000118,DEV-749,32.107143,-117.526015,6.38,41.86,68,2026-08-11 16:45:44.489038,False
IOT-0002307,SHP-000464,DEV-594,54.246053,2.75802,6.37,73.67,89,2026-08-08 17:22:44.489038,False
IOT-0002308,SHP-000453,DEV-991,54.642792,9.83729,5.77,65.54,96,2026-08-08 07:23:44.489038,False
IOT-0002309,SHP-000514,DEV-663,37.47139,138.850776,5.24,59.41,82,2026-08-13 04:38:44.489038,False
IOT-0002310,SHP-000172,DEV-369,-22.084523,-48.286041,5.95,47.38,17,2026-08-09 12:11:44.489038,False
IOT-0002311,SHP-000340,DEV-662,29.282956,122.003386,3.77,45.72,18,2026-08-11 06:49:44.489038,False
IOT-0002312,SHP-000231,DEV-680,51.713355,7.745379,3.04,47.25,18,2026-08-10 13:10:44.489038,False
IOT-0002313,SHP-000540,DEV-302,-33.276991,152.281193,5.41,53.8,88,2026-08-09 11:41:44.489038,False
IOT-0002314,SHP-000149,DEV-880,-35.68782,149.069859,6.06,71.24,74,2026-08-11 15:40:44.489038,False
IOT-0002315,SHP-000309,DEV-802,0.89808,106.008918,2.96,40.61,41,2026-08-11 05:31:44.489038,False
IOT-0002316,SHP-000508,DEV-631,36.435331,-118.65549,3.37,45.06,81,2026-08-11 05:19:44.489038,False
IOT-0002317,SHP-000503,DEV-142,32.894906,122.665391,16.94,55.88,22,2026-08-10 08:09:44.489038,True
IOT-0002318,SHP-000164,DEV-469,29.089268,121.883221,6.45,48.5,63,2026-08-09 03:41:44.489038,False
IOT-0002319,SHP-000045,DEV-750,36.331498,-119.91533,3.84,41.37,42,2026-08-11 04:40:44.489038,False
IOT-0002320,SHP-000302,DEV-985,-34.010029,151.152901,5.05,63.88,22,2026-08-12 12:31:44.489038,False
IOT-0002321,SHP-000381,DEV-377,43.480149,-88.746115,4.08,52.05,93,2026-08-11 21:04:44.489038,False
IOT-0002322,SHP-000032,DEV-124,53.092993,4.493457,3.69,73.0,43,2026-08-09 22:35:44.489038,False
IOT-0002323,SHP-000050,DEV-411,-1.113572,105.782945,5.4,44.8,83,2026-08-11 11:11:44.489038,False
IOT-0002324,SHP-000547,DEV-951,26.580974,54.185511,5.63,57.7,54,2026-08-11 07:02:44.489038,False
IOT-0002325,SHP-000449,DEV-403,31.488762,123.358685,3.43,53.35,58,2026-08-08 09:26:44.489038,False
IOT-0002326,SHP-000115,DEV-469,-0.655242,101.350641,4.55,70.65,94,2026-08-12 15:36:44.489038,False
IOT-0002327,SHP-000598,DEV-896,-25.612566,-46.22734,13.09,73.69,40,2026-08-12 06:07:44.489038,True
IOT-0002328,SHP-000535,DEV-267,36.433428,140.655642,10.27,48.16,47,2026-08-11 06:15:44.489038,True
IOT-0002329,SHP-000369,DEV-971,53.445309,11.885569,2.99,50.51,20,2026-08-12 20:03:44.489038,False
IOT-0002330,SHP-000129,DEV-714,35.670254,-119.457444,4.7,66.03,95,2026-08-09 09:27:44.489038,False
IOT-0002331,SHP-000361,DEV-806,37.803982,142.101184,5.0,62.22,76,2026-08-08 07:52:44.489038,False
IOT-0002332,SHP-000531,DEV-734,39.453875,-87.687981,4.11,64.0,89,2026-08-08 11:55:44.489038,False
IOT-0002333,SHP-000477,DEV-269,39.379117,-86.597693,3.52,47.0,71,2026-08-11 13:22:44.489038,False
IOT-0002334,SHP-000443,DEV-954,34.192836,-119.896782,9.71,69.59,17,2026-08-10 00:41:44.489038,True
IOT-0002335,SHP-000405,DEV-509,32.093369,122.305211,12.61,52.08,44,2026-08-09 17:07:44.489038,True
IOT-0002336,SHP-000205,DEV-609,55.736511,10.19257,2.78,66.27,69,2026-08-09 05:32:44.489038,False
IOT-0002337,SHP-000051,DEV-269,0.443844,105.707654,3.28,43.47,81,2026-08-12 18:47:44.489038,False
IOT-0002338,SHP-000152,DEV-949,23.915432,55.465228,4.25,54.21,86,2026-08-12 06:33:44.489038,False
IOT-0002339,SHP-000353,DEV-281,37.198153,139.994748,2.29,64.3,50,2026-08-13 01:40:44.489038,False
IOT-0002340,SHP-000229,DEV-147,36.41573,139.145085,3.98,64.73,51,2026-08-11 13:20:44.489038,False
IOT-0002341,SHP-000263,DEV-890,50.977704,3.251536,5.41,44.59,71,2026-08-11 22:50:44.489038,False
IOT-0002342,SHP-000134,DEV-276,43.522708,-87.074239,2.34,69.26,32,2026-08-12 23:26:44.489038,False
IOT-0002343,SHP-000519,DEV-837,51.49641,8.535239,4.04,67.6,98,2026-08-10 00:13:44.489038,False
IOT-0002344,SHP-000460,DEV-424,35.988053,138.043474,2.39,71.64,30,2026-08-10 06:57:44.489038,False
IOT-0002345,SHP-000439,DEV-824,54.407186,11.807534,4.09,40.05,33,2026-08-09 15:46:44.489038,False
IOT-0002346,SHP-000562,DEV-302,-25.251739,-48.389776,4.61,57.83,96,2026-08-10 03:51:44.489038,False
IOT-0002347,SHP-000550,DEV-895,31.852813,121.431145,4.91,55.76,22,2026-08-11 20:53:44.489038,False
IOT-0002348,SHP-000287,DEV-262,38.055059,141.518757,3.46,58.5,22,2026-08-08 07:26:44.489038,False
IOT-0002349,SHP-000573,DEV-179,-25.149795,-46.047464,2.7,45.81,85,2026-08-10 16:57:44.489038,False
IOT-0002350,SHP-000283,DEV-986,35.985817,137.681802,2.59,40.77,80,2026-08-11 23:08:44.489038,False
IOT-0002351,SHP-000232,DEV-633,35.562,-120.09677,6.04,55.86,50,2026-08-10 13:43:44.489038,False
IOT-0002352,SHP-000114,DEV-786,0.657449,103.945938,4.63,53.44,16,2026-08-11 15:51:44.489038,False
IOT-0002353,SHP-000560,DEV-162,54.248987,11.094589,5.46,57.37,24,2026-08-11 10:38:44.489038,False
IOT-0002354,SHP-000177,DEV-737,-31.582371,153.392007,5.66,65.8,49,2026-08-11 09:48:44.489038,False
IOT-0002355,SHP-000298,DEV-576,32.679577,120.315552,11.52,62.69,62,2026-08-11 19:57:44.489038,True
IOT-0002356,SHP-000167,DEV-447,49.488695,4.738566,2.58,51.17,65,2026-08-09 04:41:44.489038,False
IOT-0002357,SHP-000310,DEV-174,29.102191,123.487648,3.9,44.36,21,2026-08-12 13:54:44.489038,False
IOT-0002358,SHP-000011,DEV-258,35.326751,139.854612,2.29,53.32,26,2026-08-11 10:06:44.489038,False
IOT-0002359,SHP-000239,DEV-333,34.511475,-119.367687,4.61,44.07,15,2026-08-08 22:16:44.489038,False
IOT-0002360,SHP-000525,DEV-740,37.624514,139.999592,2.89,47.64,51,2026-08-09 21:58:44.489038,False
IOT-0002361,SHP-000427,DEV-881,-34.948316,149.247427,2.39,60.46,76,2026-08-12 23:19:44.489038,False
IOT-0002362,SHP-000494,DEV-758,2.600918,105.45441,5.29,44.84,60,2026-08-13 03:57:44.489038,False
IOT-0002363,SHP-000275,DEV-144,55.399762,10.778473,6.16,61.92,99,2026-08-12 14:00:44.489038,False
IOT-0002364,SHP-000473,DEV-169,2.323009,102.598169,4.26,73.23,15,2026-08-09 23:46:44.489038,False
IOT-0002365,SHP-000055,DEV-306,35.980732,141.829313,2.88,44.18,28,2026-08-12 10:53:44.489038,False
IOT-0002366,SHP-000171,DEV-905,53.340331,9.717996,4.09,57.81,49,2026-08-08 19:59:44.489038,False
IOT-0002367,SHP-000466,DEV-930,-25.134037,-47.123734,4.53,65.31,30,2026-08-09 06:37:44.489038,False
IOT-0002368,SHP-000275,DEV-645,34.329698,-116.066965,2.76,72.69,76,2026-08-09 05:38:44.489038,False
IOT-0002369,SHP-000317,DEV-852,-0.697932,101.393237,2.11,66.5,41,2026-08-09 09:43:44.489038,False
IOT-0002370,SHP-000324,DEV-375,35.568059,-115.777556,4.55,40.83,71,2026-08-10 15:18:44.489038,False
IOT-0002371,SHP-000216,DEV-635,30.773239,120.20014,3.3,41.03,45,2026-08-10 19:23:44.489038,False
IOT-0002372,SHP-000251,DEV-791,-25.638579,-44.980389,5.96,73.89,91,2026-08-13 02:13:44.489038,False
IOT-0002373,SHP-000557,DEV-517,35.62064,-119.11972,3.56,46.85,78,2026-08-12 14:00:44.489038,False
IOT-0002374,SHP-000348,DEV-927,25.475701,56.078863,2.5,73.56,96,2026-08-12 03:43:44.489038,False
IOT-0002375,SHP-000110,DEV-733,37.883292,141.637053,2.67,72.76,42,2026-08-09 08:48:44.489038,False
IOT-0002376,SHP-000383,DEV-506,-35.800577,148.926795,15.85,52.92,27,2026-08-11 17:39:44.489038,True
IOT-0002377,SHP-000164,DEV-109,42.677569,-85.398211,5.36,67.15,86,2026-08-11 18:26:44.489038,False
IOT-0002378,SHP-000502,DEV-265,41.687345,-86.057831,3.45,49.85,28,2026-08-11 07:45:44.489038,False
IOT-0002379,SHP-000228,DEV-370,2.653845,103.496357,2.66,50.34,91,2026-08-11 01:00:44.489038,False
IOT-0002380,SHP-000123,DEV-117,-24.818206,-46.267578,3.3,67.09,62,2026-08-08 23:14:44.489038,False
IOT-0002381,SHP-000383,DEV-455,42.74112,-87.083336,2.35,71.97,35,2026-08-08 17:22:44.489038,False
IOT-0002382,SHP-000251,DEV-339,53.596766,4.289112,4.93,69.97,99,2026-08-11 11:08:44.489038,False
IOT-0002383,SHP-000017,DEV-337,-32.533857,151.128703,5.04,67.77,43,2026-08-10 18:04:44.489038,False
IOT-0002384,SHP-000211,DEV-621,29.324219,122.401828,2.33,60.07,51,2026-08-08 20:40:44.489038,False
IOT-0002385,SHP-000539,DEV-719,24.547937,53.306892,4.66,55.97,49,2026-08-10 08:06:44.489038,False
IOT-0002386,SHP-000118,DEV-698,-32.207667,153.660557,3.29,56.95,100,2026-08-08 05:13:44.489038,False
IOT-0002387,SHP-000368,DEV-558,-25.150019,-47.918071,5.04,61.04,70,2026-08-13 00:35:44.489038,False
IOT-0002388,SHP-000102,DEV-812,27.479398,54.149059,4.31,40.69,61,2026-08-09 20:36:44.489038,False
IOT-0002389,SHP-000418,DEV-677,51.364252,6.277621,5.61,51.85,55,2026-08-08 14:12:44.489038,False
IOT-0002390,SHP-000076,DEV-479,36.9771,138.374144,3.27,43.84,17,2026-08-08 12:35:44.489038,False
IOT-0002391,SHP-000186,DEV-669,-25.184572,-46.228668,4.63,74.07,41,2026-08-10 02:07:44.489038,False
IOT-0002392,SHP-000110,DEV-627,35.45313,-118.391754,4.38,44.41,88,2026-08-11 11:35:44.489038,False
IOT-0002393,SHP-000474,DEV-157,51.321303,6.720709,4.56,42.79,81,2026-08-12 05:25:44.489038,False
IOT-0002394,SHP-000066,DEV-382,50.088858,2.272619,5.56,57.25,15,2026-08-12 10:52:44.489038,False
IOT-0002395,SHP-000340,DEV-425,30.954954,121.552685,5.51,74.43,75,2026-08-10 04:33:44.489038,False
IOT-0002396,SHP-000256,DEV-113,-26.219058,-46.825484,4.15,65.84,71,2026-08-10 06:48:44.489038,False
IOT-0002397,SHP-000173,DEV-275,23.944333,55.505184,16.74,61.96,24,2026-08-11 11:43:44.489038,True
IOT-0002398,SHP-000371,DEV-397,36.042246,137.643354,5.12,64.03,40,2026-08-13 04:59:44.489038,False
IOT-0002399,SHP-000588,DEV-124,40.99212,-87.837869,13.24,74.04,26,2026-08-13 00:05:44.489038,True
IOT-0002400,SHP-000341,DEV-245,40.051733,-89.519763,2.13,44.96,29,2026-08-11 19:22:44.489038,False
IOT-0002401,SHP-000346,DEV-673,42.663478,-88.413522,4.64,62.02,39,2026-08-11 18:12:44.489038,False
IOT-0002402,SHP-000160,DEV-511,39.842404,-89.018137,4.8,73.12,34,2026-08-08 23:31:44.489038,False
IOT-0002403,SHP-000055,DEV-232,30.911637,122.559824,5.53,58.83,37,2026-08-08 07:12:44.489038,False
IOT-0002404,SHP-000346,DEV-896,33.915373,139.017433,5.83,42.78,95,2026-08-08 19:38:44.489038,False
IOT-0002405,SHP-000063,DEV-829,39.962956,-88.2052,3.41,57.35,83,2026-08-11 20:47:44.489038,False
IOT-0002406,SHP-000521,DEV-239,53.066607,11.59193,2.34,62.99,86,2026-08-10 05:33:44.489038,False
IOT-0002407,SHP-000398,DEV-911,52.665852,8.665307,2.47,47.15,44,2026-08-10 16:21:44.489038,False
IOT-0002408,SHP-000397,DEV-293,3.190058,105.453292,2.17,59.38,45,2026-08-10 22:33:44.489038,False
IOT-0002409,SHP-000379,DEV-222,51.53219,10.353707,4.78,64.52,41,2026-08-09 14:19:44.489038,False
IOT-0002410,SHP-000290,DEV-337,23.138935,57.397648,3.99,67.93,75,2026-08-10 22:09:44.489038,False
IOT-0002411,SHP-000093,DEV-874,40.787642,-89.405273,4.11,65.99,78,2026-08-08 20:52:44.489038,False
IOT-0002412,SHP-000457,DEV-359,25.292406,53.657861,3.2,48.66,78,2026-08-09 03:35:44.489038,False
IOT-0002413,SHP-000081,DEV-929,52.345583,12.018967,5.28,46.18,41,2026-08-11 19:24:44.489038,False
IOT-0002414,SHP-000416,DEV-141,37.961717,137.910391,4.21,49.88,77,2026-08-10 02:51:44.489038,False
IOT-0002415,SHP-000064,DEV-831,23.573841,54.565138,2.09,61.14,91,2026-08-12 16:44:44.489038,False
IOT-0002416,SHP-000231,DEV-191,54.133789,8.537472,3.63,66.48,36,2026-08-10 17:29:44.489038,False
IOT-0002417,SHP-000122,DEV-607,34.107633,140.938393,3.98,53.28,34,2026-08-10 21:27:44.489038,False
IOT-0002418,SHP-000287,DEV-854,42.133192,-86.611402,4.22,57.37,34,2026-08-09 13:16:44.489038,False
IOT-0002419,SHP-000293,DEV-791,33.503375,-115.926483,4.01,54.82,78,2026-08-11 02:08:44.489038,False
IOT-0002420,SHP-000231,DEV-729,43.741656,-86.056517,5.72,54.09,44,2026-08-11 13:45:44.489038,False
IOT-0002421,SHP-000006,DEV-613,39.773688,-88.765847,11.88,69.24,32,2026-08-11 06:11:44.489038,True
IOT-0002422,SHP-000352,DEV-921,29.514763,122.218634,2.57,45.26,50,2026-08-09 10:57:44.489038,False
IOT-0002423,SHP-000233,DEV-992,36.08553,142.060074,3.28,47.88,65,2026-08-11 14:56:44.489038,False
IOT-0002424,SHP-000577,DEV-873,1.631601,102.812359,5.01,60.23,28,2026-08-08 18:30:44.489038,False
IOT-0002425,SHP-000405,DEV-548,42.493609,-85.544598,5.46,65.52,77,2026-08-12 15:25:44.489038,False
IOT-0002426,SHP-000538,DEV-303,52.938771,4.125121,5.87,45.14,100,2026-08-10 14:37:44.489038,False
IOT-0002427,SHP-000595,DEV-358,32.50749,-117.499479,4.12,52.88,98,2026-08-11 19:42:44.489038,False
IOT-0002428,SHP-000157,DEV-341,32.836806,121.864559,17.36,44.98,65,2026-08-10 06:36:44.489038,True
IOT-0002429,SHP-000443,DEV-325,53.159007,9.02354,3.04,41.69,46,2026-08-08 23:36:44.489038,False
IOT-0002430,SHP-000120,DEV-999,32.712933,-117.92101,5.4,60.01,37,2026-08-10 20:08:44.489038,False
IOT-0002431,SHP-000572,DEV-633,27.352833,54.602565,6.37,42.0,84,2026-08-13 05:33:44.489038,False
IOT-0002432,SHP-000449,DEV-750,43.327526,-85.551333,4.09,74.92,38,2026-08-10 01:46:44.489038,False
IOT-0002433,SHP-000210,DEV-260,-25.215091,-46.735183,4.88,56.46,78,2026-08-10 06:05:44.489038,False
IOT-0002434,SHP-000289,DEV-323,36.136886,-115.944236,4.69,73.99,17,2026-08-12 11:19:44.489038,False
IOT-0002435,SHP-000005,DEV-503,31.714398,-115.867532,4.29,47.54,55,2026-08-11 13:06:44.489038,False
IOT-0002436,SHP-000571,DEV-808,25.894055,53.639509,2.25,52.4,84,2026-08-09 20:51:44.489038,False
IOT-0002437,SHP-000074,DEV-882,-31.848245,149.135339,3.44,47.7,86,2026-08-12 13:49:44.489038,False
IOT-0002438,SHP-000054,DEV-762,29.800135,122.894906,4.97,42.75,60,2026-08-11 19:46:44.489038,False
IOT-0002439,SHP-000467,DEV-945,-25.544388,-47.050002,5.72,60.52,18,2026-08-10 15:42:44.489038,False
IOT-0002440,SHP-000388,DEV-240,35.273458,-117.829373,3.69,67.09,73,2026-08-12 12:29:44.489038,False
IOT-0002441,SHP-000269,DEV-240,-32.922776,150.196712,3.64,65.76,17,2026-08-09 01:22:44.489038,False
IOT-0002442,SHP-000279,DEV-277,31.915759,-117.940891,12.47,45.25,51,2026-08-11 08:20:44.489038,True
IOT-0002443,SHP-000474,DEV-839,27.167878,53.707304,2.78,62.46,15,2026-08-08 18:25:44.489038,False
IOT-0002444,SHP-000128,DEV-650,-35.28615,151.603455,2.61,50.97,32,2026-08-13 05:56:44.489038,False
IOT-0002445,SHP-000396,DEV-897,53.252433,2.418529,3.21,63.9,84,2026-08-10 23:55:44.489038,False
IOT-0002446,SHP-000273,DEV-356,35.472088,-119.917048,5.36,40.64,53,2026-08-12 19:40:44.489038,False
IOT-0002447,SHP-000429,DEV-427,37.974017,140.836183,2.08,66.95,18,2026-08-10 17:28:44.489038,False
IOT-0002448,SHP-000014,DEV-185,52.736876,5.973312,5.29,68.11,42,2026-08-11 02:35:44.489038,False
IOT-0002449,SHP-000414,DEV-656,40.379394,-88.593705,2.45,71.57,93,2026-08-12 07:07:44.489038,False
IOT-0002450,SHP-000211,DEV-912,41.038355,-89.955848,13.36,50.15,69,2026-08-10 23:49:44.489038,True
IOT-0002451,SHP-000228,DEV-932,55.083084,11.764354,3.79,48.78,33,2026-08-12 16:34:44.489038,False
IOT-0002452,SHP-000367,DEV-454,32.190579,121.660598,4.67,51.12,49,2026-08-08 17:12:44.489038,False
IOT-0002453,SHP-000555,DEV-673,51.255311,8.699399,11.61,71.5,42,2026-08-08 11:23:44.489038,True
IOT-0002454,SHP-000306,DEV-172,53.126276,3.635909,5.93,68.65,96,2026-08-08 19:05:44.489038,False
IOT-0002455,SHP-000298,DEV-791,51.501508,7.958276,4.35,69.11,43,2026-08-12 17:35:44.489038,False
IOT-0002456,SHP-000321,DEV-758,30.913798,119.85223,3.09,66.36,48,2026-08-08 06:31:44.489038,False
IOT-0002457,SHP-000281,DEV-766,36.365829,142.107866,6.17,50.74,88,2026-08-12 10:14:44.489038,False
IOT-0002458,SHP-000238,DEV-910,-35.365262,153.174053,2.19,53.44,34,2026-08-11 04:07:44.489038,False
IOT-0002459,SHP-000441,DEV-733,53.055355,7.749129,4.24,43.84,52,2026-08-13 01:51:44.489038,False
IOT-0002460,SHP-000456,DEV-602,1.05668,105.003204,4.82,60.83,100,2026-08-10 20:38:44.489038,False
IOT-0002461,SHP-000132,DEV-370,54.775705,10.530906,5.92,72.38,98,2026-08-10 04:30:44.489038,False
IOT-0002462,SHP-000013,DEV-881,54.367697,11.050003,10.61,63.12,45,2026-08-09 18:31:44.489038,True
IOT-0002463,SHP-000225,DEV-839,53.162986,5.633015,2.04,71.34,89,2026-08-10 08:38:44.489038,False
IOT-0002464,SHP-000128,DEV-188,35.945157,138.626339,2.91,40.0,87,2026-08-08 07:26:44.489038,False
IOT-0002465,SHP-000297,DEV-487,42.645976,-87.512885,2.75,43.28,48,2026-08-09 09:25:44.489038,False
IOT-0002466,SHP-000157,DEV-195,52.764473,12.254045,2.18,52.54,82,2026-08-12 20:53:44.489038,False
IOT-0002467,SHP-000335,DEV-350,-25.507405,-45.675827,8.82,58.12,51,2026-08-10 13:28:44.489038,True
IOT-0002468,SHP-000323,DEV-968,40.077614,-85.5291,5.6,65.39,91,2026-08-12 20:26:44.489038,False
IOT-0002469,SHP-000216,DEV-319,24.786851,53.923441,2.72,56.21,86,2026-08-10 09:37:44.489038,False
IOT-0002470,SHP-000503,DEV-116,-21.935647,-47.09472,2.76,64.53,89,2026-08-09 15:06:44.489038,False
IOT-0002471,SHP-000062,DEV-324,31.330522,119.535347,3.31,53.55,87,2026-08-13 01:00:44.489038,False
IOT-0002472,SHP-000417,DEV-741,53.683848,4.375017,14.98,56.78,79,2026-08-09 06:20:44.489038,True
IOT-0002473,SHP-000512,DEV-410,-24.531745,-45.645877,2.82,42.26,53,2026-08-10 01:17:44.489038,False
IOT-0002474,SHP-000587,DEV-713,-31.439924,149.5582,3.95,42.87,86,2026-08-09 23:30:44.489038,False
IOT-0002475,SHP-000032,DEV-378,31.736307,119.625984,4.56,60.69,54,2026-08-10 11:18:44.489038,False
IOT-0002476,SHP-000470,DEV-405,55.292466,11.397837,4.92,58.5,85,2026-08-12 19:18:44.489038,False
IOT-0002477,SHP-000217,DEV-558,54.336029,12.013385,6.4,73.24,26,2026-08-11 05:20:44.489038,False
IOT-0002478,SHP-000423,DEV-174,42.614705,-89.135634,3.72,61.0,37,2026-08-12 20:33:44.489038,False
IOT-0002479,SHP-000137,DEV-190,-21.462216,-45.488252,6.43,57.0,43,2026-08-10 22:17:44.489038,False
IOT-0002480,SHP-000352,DEV-457,35.673705,-120.354482,3.93,74.23,81,2026-08-12 03:46:44.489038,False
IOT-0002481,SHP-000148,DEV-570,35.57218,137.474993,3.23,45.44,93,2026-08-12 21:04:44.489038,False
IOT-0002482,SHP-000198,DEV-572,44.040489,-87.450357,4.26,59.93,88,2026-08-12 16:26:44.489038,False
IOT-0002483,SHP-000565,DEV-250,28.732778,123.147818,6.19,51.95,43,2026-08-09 17:42:44.489038,False
IOT-0002484,SHP-000056,DEV-539,33.024993,-117.952043,5.28,63.15,58,2026-08-11 12:32:44.489038,False
IOT-0002485,SHP-000343,DEV-678,3.289839,104.1248,3.16,67.05,99,2026-08-09 04:00:44.489038,False
IOT-0002486,SHP-000111,DEV-975,55.123535,12.482434,4.15,73.87,98,2026-08-08 19:04:44.489038,False
IOT-0002487,SHP-000180,DEV-246,34.786731,141.945318,5.6,61.51,91,2026-08-08 17:26:44.489038,False
IOT-0002488,SHP-000337,DEV-793,24.709169,53.353432,6.42,65.34,20,2026-08-13 03:36:44.489038,False
IOT-0002489,SHP-000488,DEV-482,30.575795,120.501952,6.43,69.85,86,2026-08-09 00:30:44.489038,False
IOT-0002490,SHP-000401,DEV-241,33.491733,-117.137774,4.56,40.71,75,2026-08-11 08:42:44.489038,False
IOT-0002491,SHP-000554,DEV-872,52.452575,8.690883,4.31,74.6,27,2026-08-12 19:56:44.489038,False
IOT-0002492,SHP-000436,DEV-583,24.154263,53.091465,2.53,61.42,24,2026-08-12 08:42:44.489038,False
IOT-0002493,SHP-000415,DEV-711,-25.798476,-46.561256,4.76,64.98,18,2026-08-10 19:20:44.489038,False
IOT-0002494,SHP-000570,DEV-299,2.149011,103.563277,15.32,54.78,71,2026-08-11 02:15:44.489038,True
IOT-0002495,SHP-000566,DEV-544,51.916741,3.603877,5.62,46.86,23,2026-08-11 12:30:44.489038,False
IOT-0002496,SHP-000170,DEV-683,-24.555911,-47.258276,5.3,49.71,55,2026-08-09 08:08:44.489038,False
IOT-0002497,SHP-000432,DEV-564,34.52134,138.912659,5.46,74.14,32,2026-08-12 04:28:44.489038,False
IOT-0002498,SHP-000328,DEV-729,53.784508,2.616726,4.52,61.89,75,2026-08-09 22:24:44.489038,False
IOT-0002499,SHP-000341,DEV-847,-36.135267,151.269441,2.52,44.07,86,2026-08-08 13:17:44.489038,False
IOT-0002500,SHP-000284,DEV-806,1.674022,104.548585,3.76,52.58,58,2026-08-08 14:48:44.489038,False
